ACCIDENT_YEAR,COLLISION_DATE,COLLISION_TIME,MONTH,SEASON,24HOURS,DAY_OF_WEEK,INTERSECTION,WEATHER_1,STATE_HWY_IND,ROAD_SURFACE,ROAD_COND_1,LIGHTING,STWD_VEHTYPE_AT_FAULT,CHP_VEHTYPE_AT_FAULT,DIRECTION,PCF_VIOL_CATEGORY,TYPE_OF_COLLISION,PEDESTRIAN_ACCIDENT,BICYCLE_ACCIDENT,MOTORCYCLE_ACCIDENT,TRUCK_ACCIDENT,MVIW,TOW_AWAY,HIT_AND_RUN,CONTROL_DEVICE,NUMBER_INJURED,COUNT_PED_INJURED,COUNT_BICYCLIST_INJURED,COUNT_MC_INJURED,PCF_VIOLATION,PARTY_COUNT,POINT_Y,POINT_X,COLLISION_SEVERITY
2011,2011-01-05,1610,1,4,16,3,N,A,Y,A,H,A,A,01,W,03,C,,,,,C,N,N,D,1,0,0,0,22350.0,3,37.89353455,-122.12230173,4
2011,2011-01-25,807,1,4,8,2,Y,E,N,A,H,A,A,01,,09,D,,,,,C,Y,N,A,1,0,0,0,21802.0,2,37.95324,-122.03744,3
2011,2011-02-09,1824,2,4,18,3,N,A,N,A,H,C,-,- ,E,- ,C,,,,,C,Y,N,D,1,0,0,0,,2,37.99631722,-122.03546113,4
2011,2011-02-10,1620,2,4,16,4,N,A,N,A,H,A,A,01,N,07,C,,,,,C,N,N,D,1,0,0,0,21658.0,2,37.93455,-122.03321,3
2011,2011-02-10,1900,2,4,19,4,Y,A,N,A,H,C,-,- ,,00,D,,Y,,,G,N,N,D,1,0,1,0,,2,37.98067,-122.01211,3
2011,2011-02-11,1319,2,4,13,5,Y,A,N,A,H,A,A,01,,10,G,Y,,,,B,N,N,A,1,1,0,0,21950.0,2,37.97729,-122.02995,3
2011,2011-02-09,450,2,4,4,3,Y,A,N,A,H,C,A,07,,17,D,,,,,C,Y,N,A,2,0,0,0,21657.0,2,37.97819,-122.03063,4
2011,2011-02-07,1314,2,4,13,1,N,A,N,A,H,A,L,04,W,05,H,,Y,,,G,N,N,D,1,0,1,0,21650.0,2,37.93837369,-122.0257452,4
2011,2011-02-07,1342,2,4,13,1,N,A,N,A,H,A,A,01,N,03,C,,,,,C,Y,N,A,2,0,0,0,22350.0,2,37.97216688,-122.0327913,4
2011,2011-01-02,1306,1,4,13,7,N,B,N,A,H,A,N,60,E,11,G,Y,,,,B,N,N,D,1,1,0,0,21954.0,2,37.97233885,-122.34906702,4
2011,2011-01-03,1815,1,4,18,1,N,B,Y,A,H,D,A,01,N,03,C,,,,,C,Y,N,D,1,0,0,0,22350.0,2,37.97975523,-122.06531207,4
2011,2011-01-03,715,1,4,7,1,N,B,Y,A,H,A,A,07,S,03,C,,,,,C,N,N,D,1,0,0,0,22350.0,3,37.8343568,-122.00856777,4
2011,2011-02-08,1815,2,4,18,2,N,A,N,A,H,C,A,01,N,03,C,,,,,C,Y,N,A,1,0,0,0,22350.0,4,38.01107643,-121.88615562,4
2011,2011-02-16,1041,2,4,10,3,N,B,Y,B,H,A,D,22,S,07,B,,,,,C,N,M,D,1,0,0,0,21658.0,2,38.01800505,-121.89328311,4
2011,2011-02-03,1312,2,4,13,4,N,A,N,A,H,A,H,18,N,22,E,,,,,I,N,N,D,1,0,0,0,,1,,,3
2011,2011-01-21,859,1,4,8,5,Y,A,N,A,H,A,A,01,,09,D,,,,,A,Y,N,D,2,0,0,0,21802.0,2,37.95429,-122.00028,3
2011,2011-01-22,1052,1,4,10,6,N,A,N,A,H,A,-,- ,W,18,E,,,,,I,Y,N,D,1,0,0,0,,1,37.96876936,-122.03676875,4
2011,2011-01-23,57,1,4,0,7,N,A,N,A,H,C,A,07,S,08,C,,,,,E,Y,N,D,1,0,0,0,22107.0,2,37.98649901,-122.00043936,4
2011,2011-01-04,1539,1,4,15,2,Y,A,N,A,H,A,L,04,,12,D,,Y,,,G,N,N,A,1,0,1,0,21453.0,2,37.94734,-122.03299,3
2011,2011-01-24,1724,1,4,17,1,N,A,N,A,H,B,A,07,W,- ,C,,,,,E,Y,N,A,1,0,0,0,,2,,,3
2011,2011-10-19,1058,10,3,10,3,N,A,N,A,H,A,A,01,W,03,C,,,,,C,N,N,A,1,0,0,0,22350.0,2,37.97620705,-122.02962273,4
2011,2011-01-18,1439,1,4,14,2,N,A,N,A,H,A,-,- ,E,18,C,,,,,C,Y,N,A,1,0,0,0,,3,37.97739503,-122.02880551,4
2011,2011-01-17,722,1,4,7,1,Y,E,N,B,H,A,A,01,,09,D,,,,,C,N,N,A,1,0,0,0,21802.0,2,37.95915,-121.97728,4
2011,2011-01-19,1231,1,4,12,3,Y,A,N,A,H,A,A,01,,12,D,,,,,C,Y,N,B,5,0,0,0,21453.0,2,37.95465932,-122.04143733,4
2011,2011-01-10,1203,1,4,12,1,N,A,N,A,H,A,-,- ,N,18,C,,,,,C,Y,N,D,1,0,0,0,,5,37.9300629,-122.01704641,4
2011,2011-01-06,741,1,4,7,4,Y,E,N,A,H,A,-,- ,,09,D,,,,,D,Y,N,A,1,0,0,0,21800.0,2,37.92664,-122.02486,4
2011,2011-01-06,1243,1,4,12,4,-,A,N,A,H,A,A,07,,10,G,Y,,,,B,N,N,D,1,1,0,0,21952.0,2,37.92750594,-122.06192763,4
2011,2011-01-10,1705,1,4,17,1,N,B,N,A,H,B,A,01,E,03,C,,,,,C,Y,N,D,1,0,0,0,22350.0,2,37.89689434,-122.06855511,4
2011,2011-01-09,2035,1,4,20,7,N,A,N,A,H,C,A,07,S,03,C,,,,,C,N,N,A,2,0,0,0,22350.0,2,37.90656798,-122.05885923,4
2011,2011-01-13,1312,1,4,13,4,N,B,N,B,D,A,A,01,E,03,C,,,,,C,N,N,D,1,0,0,0,22350.0,3,37.90669399,-122.05853002,4
2011,2011-01-08,247,1,4,2,6,N,E,N,A,H,C,A,01,W,08,E,,,,,I,N,N,D,1,0,0,0,22107.0,1,37.96715804,-121.78372514,4
2011,2011-01-08,1948,1,4,19,6,Y,B,N,B,H,C,A,01,,09,A,,,,,C,Y,N,A,1,0,0,0,21803.0,2,38.01118,-121.81378,4
2011,2011-01-08,300,1,4,3,6,N,B,N,B,H,C,A,01,N,01,A,,,,,C,Y,N,D,1,0,0,0,23152.0,3,37.98431,-122.04293,4
2011,2011-11-12,1701,11,3,17,6,N,A,Y,A,H,A,A,01,W,03,C,,,,,C,N,N,D,1,0,0,0,22350.0,2,37.96921503,-122.05877313,4
2011,2011-01-15,1859,1,4,18,6,Y,E,N,A,H,C,D,22,,10,G,Y,,,,B,N,N,A,1,1,0,0,21950.0,2,37.97512,-122.02752,4
2011,2011-11-05,1749,11,3,17,6,Y,A,N,A,H,C,A,07,,10,G,Y,,,,B,N,N,A,1,1,0,0,21950.0,2,37.98183,-122.01883,4
2011,2011-01-22,850,1,4,8,6,N,A,Y,A,H,A,A,01,S,08,E,,,,,I,Y,N,D,2,0,0,0,22107.0,1,37.80614712,-121.99055114,4
2011,2011-01-07,2100,1,4,21,5,N,A,Y,A,H,C,I,10,S,03,C,,,,,C,Y,N,D,2,0,0,0,22350.0,3,37.83579237,-122.01029199,2
2011,2011-01-06,235,1,4,2,4,N,A,Y,A,H,C,A,07,W,01,F,,,,,A,Y,N,D,2,0,0,0,23152.0,1,38.00941928,-122.02275819,2
2011,2011-01-03,655,1,4,6,1,N,B,Y,B,H,A,D,22,W,03,C,,,,,C,Y,N,A,1,0,0,0,22350.0,2,38.02176011,-122.10295191,4
2011,2011-01-07,820,1,4,8,5,N,B,N,A,H,A,A,01,E,09,B,,,,,C,N,N,D,2,0,0,0,21801.0,2,37.96450219,-122.31662214,4
2011,2011-01-12,1930,1,4,19,3,N,B,N,B,H,D,A,01,S,08,F,,,,,B,Y,N,D,1,0,0,0,22107.0,1,37.86570813,-121.85532742,3
2011,2011-01-02,2245,1,4,22,7,N,B,N,B,H,C,A,07,W,01,D,,,,,C,Y,N,A,1,0,0,0,23152.0,2,38.01934504,-121.9370452,4
2011,2011-01-05,2330,1,4,23,3,N,A,N,A,H,D,A,01,W,08,E,,,,,I,Y,N,D,1,0,0,0,22107.0,1,37.96706472,-122.15098239,3
2011,2011-01-01,220,1,4,2,6,N,C,Y,B,H,D,A,01,W,08,E,,,,,I,Y,N,D,1,0,0,0,22107.0,1,37.99831864,-121.81768058,3
2011,2011-01-01,1830,1,4,18,6,N,B,Y,B,H,C,A,01,E,03,B,,,,,C,N,M,D,3,0,0,0,22350.0,2,37.87200723,-122.19027018,4
2011,2011-01-02,725,1,4,7,7,N,C,Y,B,H,A,A,01,E,08,E,,,,,I,Y,N,D,1,0,0,0,22107.0,1,38.02173458,-121.95859685,4
2011,2011-01-05,1005,1,4,10,3,N,A,Y,A,H,A,A,01,S,08,E,,,,,I,Y,N,D,1,0,0,0,22107.0,1,37.90107965,-122.07059321,4
2011,2011-01-13,1108,1,4,11,4,N,B,Y,B,H,A,D,22,N,03,D,,,,,C,Y,N,D,1,0,0,0,22350.0,3,37.92471478,-122.06097613,4
2011,2011-01-13,1725,1,4,17,4,N,B,Y,B,H,C,A,01,E,03,C,,,,,C,N,N,D,2,0,0,0,22350.0,2,37.99376526,-122.29866632,4
2011,2011-01-09,950,1,4,9,7,Y,A,N,A,H,A,-,- ,,12,D,,,,,C,Y,N,D,2,0,0,0,22450.0,2,38.01797,-122.25781,4
2011,2011-01-08,2127,1,4,21,6,N,A,N,B,H,C,D,22,W,01,A,,,,,C,Y,N,A,1,0,0,0,23152.0,2,38.00529324,-121.81878011,3
2011,2011-01-21,1020,1,4,10,5,N,A,N,A,H,A,L,04,E,05,B,,Y,,,G,N,N,D,1,0,1,0,21202.0,2,37.95808343,-122.35295653,4
2011,2011-01-14,1829,1,4,18,5,Y,A,N,A,H,C,A,07,,10,G,Y,,,,B,N,N,D,1,1,0,0,21950.0,2,37.9534,-122.34738,4
2011,2011-03-03,735,3,1,7,4,N,B,Y,A,H,A,G,24,E,03,C,,,,Y,C,Y,N,D,3,0,0,0,22350.0,3,38.00284502,-122.28086317,4
2011,2011-01-31,714,1,4,7,1,Y,A,N,-,H,A,-,- ,,09,D,,,,,C,Y,N,D,1,0,0,0,21801.0,2,38.0072,-121.73173,4
2011,2011-02-07,725,2,4,7,1,N,A,N,A,H,A,A,07,N,03,C,,,,,C,Y,N,A,1,0,0,0,22350.0,2,38.00283945,-121.83867943,4
2011,2011-01-18,1854,1,4,18,2,Y,A,N,A,H,C,D,22,,12,D,,,,,C,Y,N,A,1,0,0,0,21453.0,2,37.98104,-121.80562,4
2011,2011-01-20,1533,1,4,15,4,N,A,N,A,H,A,C,03,S,- ,D,,,Y,,C,N,N,A,1,0,0,1,,2,37.98305081,-121.77322626,3
2011,2011-02-07,1005,2,4,10,1,N,A,Y,A,H,A,A,01,W,03,C,,,,,C,N,N,D,1,0,0,0,22350.0,2,37.99826505,-121.80692052,4
2011,2011-02-07,1540,2,4,15,1,N,A,Y,A,H,A,A,01,W,03,C,,,,,C,Y,N,D,1,0,0,0,22350.0,2,38.01110952,-122.01168987,4
2011,2011-01-27,1530,1,4,15,4,N,A,Y,A,H,A,A,01,W,08,F,,,,,A,Y,N,D,1,0,0,0,22107.0,1,38.02364504,-121.97140312,4
2011,2011-01-19,1420,1,4,14,3,N,A,N,A,H,A,A,07,E,03,C,,,,,C,N,N,A,1,0,0,0,22350.0,2,37.92652042,-122.05098626,4
2011,2011-01-18,2000,1,4,20,2,N,B,Y,A,H,C,A,01,N,08,B,,,,,D,Y,N,D,2,0,0,0,22107.0,3,37.9040886,-122.06967422,4
2011,2011-01-30,825,1,4,8,7,N,B,Y,B,H,A,A,01,E,03,E,,,,,I,Y,N,D,1,0,0,0,22350.0,1,38.02200975,-121.96007961,4
2011,2011-01-30,140,1,4,1,7,N,B,Y,B,H,D,A,01,W,03,E,,,,,I,Y,N,D,1,0,0,0,22350.0,1,38.01316915,-122.27120727,2
2011,2011-01-29,1940,1,4,19,6,N,A,Y,B,H,C,A,01,W,07,B,,,,,C,Y,F,D,2,0,0,0,21658.0,3,38.00756031,-122.21158111,3
2011,2011-01-31,1115,1,4,11,1,N,A,Y,A,H,A,A,01,E,08,E,,,,,I,Y,N,D,1,0,0,0,22107.0,1,38.01319407,-122.26187675,3
2011,2011-02-04,1205,2,4,12,5,N,A,Y,A,H,A,C,02,W,03,E,,,Y,,I,N,N,D,1,0,0,1,22350.0,1,37.89178586,-122.13118129,3
2011,2011-02-03,2007,2,4,20,4,N,A,Y,A,H,C,A,01,E,08,E,,,,,I,Y,N,D,1,0,0,0,22107.0,1,38.02371461,-122.26138172,4
2011,2011-02-03,1120,2,4,11,4,N,A,Y,A,H,A,D,22,W,08,C,,,,,D,Y,N,D,1,0,0,0,22107.0,2,37.99826505,-121.80777017,4
2011,2011-02-03,540,2,4,5,4,N,A,Y,A,H,C,A,01,S,03,C,,,,,C,Y,N,D,1,0,0,0,22350.0,3,37.92443265,-122.06102134,4
2011,2011-01-30,1220,1,4,12,7,N,B,Y,B,H,D,A,07,N,03,E,,,,,I,N,N,D,2,0,0,0,22350.0,1,37.92542105,-122.0608715,3
2011,2011-01-29,25,1,4,0,6,N,A,Y,A,H,C,A,01,W,01,E,,,,,I,Y,N,B,1,0,0,0,23152.0,1,37.99549853,-122.28926535,2
2011,2011-01-30,1605,1,4,16,7,N,B,Y,A,H,A,D,22,E,08,F,,,,,I,Y,N,D,1,0,0,0,22107.0,1,38.01239502,-122.17375315,4
2011,2011-01-27,1742,1,4,17,4,N,A,Y,A,H,C,A,01,E,03,C,,,,,C,Y,N,D,1,0,0,0,22350.0,2,37.99466962,-122.06931119,4
2011,2011-01-19,545,1,4,5,3,N,A,Y,A,H,C,A,01,N,08,D,,,,,C,Y,N,A,1,0,0,0,22107.0,2,37.98444563,-122.06645758,4
2011,2011-01-16,1530,1,4,15,7,N,B,Y,B,H,A,D,22,W,03,C,,,,,C,,N,A,2,0,0,0,22350.0,3,38.01800505,-121.89328311,4
2011,2011-01-28,1750,1,4,17,5,N,B,N,B,H,C,D,22,W,03,C,,,,,C,Y,N,A,1,0,0,0,22350.0,3,38.02675794,-121.93595144,4
2011,2011-01-18,700,1,4,7,2,Y,A,N,A,H,A,A,01,,05,E,,,,,I,Y,N,D,1,0,0,0,21650.0,1,37.86389,-122.17237,4
2011,2011-01-23,1339,1,4,13,7,Y,A,N,A,H,A,A,,,12,D,,,,,C,Y,N,A,1,0,0,0,21453.0,2,37.88592,-122.19349,4
2011,2011-01-07,1633,1,4,16,5,N,B,N,A,H,A,-,- ,S,08,A,,,,,C,Y,N,D,1,0,0,0,22107.0,2,37.80996265,-121.99429661,2
2011,2011-01-28,1815,1,4,18,5,N,B,Y,A,H,D,A,01,W,03,C,,,,,C,N,N,D,1,0,0,0,22350.0,2,38.01855101,-121.89548781,4
2011,2011-02-01,1030,2,4,10,2,N,A,Y,A,H,A,A,01,W,03,C,,,,,C,N,N,A,1,0,0,0,22350.0,2,37.99803505,-121.8097231,4
2011,2011-03-14,834,3,1,8,1,Y,C,N,B,H,A,D,22,,09,D,,,,,C,Y,N,A,2,0,0,0,21801.0,3,38.01499,-121.89996,4
2011,2011-02-15,1325,2,4,13,2,Y,B,Y,A,H,A,A,01,,12,D,,,,,D,Y,N,A,2,0,0,0,21453.0,2,37.99180503,-122.12618314,3
2011,2011-02-14,821,2,4,8,1,N,B,N,B,H,A,A,01,S,03,C,,,,,C,Y,N,D,1,0,0,0,22350.0,2,38.0086866,-122.10183376,4
2011,2011-02-01,600,2,4,6,2,Y,A,N,A,H,C,D,22,,07,B,,,,,C,Y,N,D,1,0,0,0,21658.0,2,38.00732,-122.13082,4
2011,2011-02-04,1310,2,4,13,5,N,A,N,A,H,A,D,22,N,01,A,,,,,C,Y,M,D,1,0,0,0,23152.0,2,37.99853052,-122.07817807,3
2011,2011-02-09,1234,2,4,12,3,Y,A,N,A,H,A,A,01,,12,D,,,,,C,Y,N,A,1,0,0,0,22450.0,2,37.99758,-122.10041,4
2011,2011-01-20,828,1,4,8,4,N,A,Y,A,H,A,A,07,S,07,B,,,,,C,Y,N,D,1,0,0,0,21658.0,2,37.80628798,-121.99061142,4
2011,2011-01-19,850,1,4,8,3,N,A,Y,A,H,A,A,07,S,03,C,,,,,C,Y,N,D,1,0,0,0,22350.0,4,37.81892876,-121.99314142,4
2011,2011-02-02,1818,2,4,18,3,N,A,N,A,H,C,-,- ,E,18,H,,,Y,,H,Y,N,D,1,0,0,1,,1,37.77180396,-121.94394506,4
2011,2011-03-09,1027,3,1,10,3,N,B,N,A,H,A,A,08,E,05,B,,,,Y,C,Y,N,D,1,0,0,0,21460.0,2,37.98017357,-122.01571361,4
2011,2011-02-17,744,2,4,7,4,Y,B,N,B,H,A,-,- ,,09,D,,,,,C,Y,F,A,1,0,0,0,21801.0,2,37.94791,-122.07495,4
2011,2011-01-25,1538,1,4,15,2,Y,A,N,A,H,A,-,- ,,10,G,Y,,,,B,N,N,A,1,1,0,0,21950.0,2,37.94678,-122.0604,4
2011,2011-02-26,1535,2,4,15,6,N,B,N,A,H,A,D,22,S,08,D,,,,,C,N,M,D,1,0,0,0,22107.0,2,38.00655611,-122.11078038,4
2011,2011-01-09,1136,1,4,11,7,Y,A,N,A,H,A,A,01,,12,D,,,,,C,Y,N,A,1,0,0,0,21453.0,2,37.92224,-122.31099,3
2011,2011-01-15,1807,1,4,18,6,Y,A,Y,A,H,C,A,01,,07,B,,,,,C,Y,F,D,1,0,0,0,21658.0,2,37.90931866,-122.30722424,4
2011,2011-01-17,1954,1,4,19,1,Y,A,N,A,H,C,D,22,,12,D,,,,,C,Y,N,A,2,0,0,0,21453.0,2,37.90194,-122.30465,4
2011,2011-01-10,1445,1,4,14,1,N,A,Y,A,H,A,N,60,S,11,G,Y,,,,B,N,N,A,1,1,0,0,21955.0,2,37.93209542,-122.32334391,4
2011,2011-02-09,2117,2,4,21,3,N,A,N,A,H,C,-,- ,N,- ,C,,,,,C,Y,M,A,1,0,0,0,,3,37.97586077,-122.06503796,4
2011,2011-02-01,659,2,4,6,2,N,E,N,A,H,B,-,- ,W,09,D,,,,,C,N,N,D,1,0,0,0,21804.0,2,37.95644269,-122.05797225,3
2011,2011-02-09,1406,2,4,14,3,Y,A,N,A,H,A,-,- ,,12,D,,,,,C,Y,N,A,4,0,0,0,22450.0,4,37.96692,-122.06415,4
2011,2011-02-18,1924,2,4,19,5,N,C,N,B,H,C,-,- ,W,07,E,,,,,I,Y,N,A,1,0,0,0,21658.0,1,37.93370503,-122.07853336,3
2011,2011-02-11,1208,2,4,12,5,Y,A,N,A,H,A,-,- ,,12,D,,,,,C,N,N,A,1,0,0,0,21453.0,2,37.926333,-122.073543,4
2011,2011-01-06,1700,1,4,17,4,Y,A,N,A,H,A,-,- ,,- ,G,Y,,,,B,N,M,A,1,1,0,0,,2,37.99946,-121.80606,4
2011,2011-02-02,609,2,4,6,3,Y,A,N,A,H,C,A,01,,12,D,,,,,C,Y,N,A,2,0,0,0,21453.0,3,37.92521874,-121.73303604,4
2011,2011-03-15,1830,3,1,18,2,N,B,Y,B,H,B,D,22,E,08,E,,,,,I,Y,N,D,1,0,0,0,22107.0,1,38.02206848,-121.96038498,4
2011,2011-02-27,1629,2,4,16,7,N,A,N,A,H,A,D,22,S,01,E,,,,,I,Y,N,D,1,0,0,0,23152.0,1,37.9869115,-122.07004579,3
2011,2011-02-18,740,2,4,7,5,N,B,N,B,H,A,D,22,N,03,E,,,,,I,Y,N,D,1,0,0,0,22350.0,1,37.93288788,-121.67790335,3
2011,2011-03-07,730,3,1,7,1,N,A,N,A,H,A,A,07,E,08,C,,,,Y,C,Y,N,D,2,0,0,0,22107.0,2,38.01236306,-122.11637939,2
2011,2011-01-26,714,1,4,7,3,Y,A,N,A,H,A,L,04,,05,D,,Y,,,G,N,N,A,1,0,1,0,21650.0,2,37.97185,-122.03268,4
2011,2011-03-20,1315,3,1,13,7,N,B,N,A,H,A,D,22,W,01,A,,,,,C,N,F,D,1,0,0,0,23152.0,2,38.0049066,-121.79698137,4
2011,2011-02-26,1148,2,4,11,6,N,A,N,A,H,A,D,22,W,- ,A,,,,,I,Y,N,D,1,0,0,0,,1,38.00474506,-121.80382044,4
2011,2011-02-18,1003,2,4,10,5,Y,C,N,B,H,A,A,01,,09,D,,,,,C,Y,N,D,1,0,0,0,21804.0,2,37.96379,-121.99014,2
2011,2011-02-21,1613,2,4,16,1,Y,A,N,A,H,A,D,22,,03,C,,,,,C,Y,N,D,2,0,0,0,22350.0,2,37.95919,-122.00513,4
2011,2011-02-14,1754,2,4,17,1,Y,A,N,A,H,C,A,01,,09,D,,,,,C,N,N,D,1,0,0,0,21800.0,2,37.95592,-122.01179,4
2011,2011-02-14,1213,2,4,12,1,Y,B,N,A,H,A,A,08,,11,G,Y,,,,B,N,N,A,1,1,0,0,21950.0,2,37.97305,-122.02021,4
2011,2011-02-15,1328,2,4,13,2,N,B,N,A,H,A,A,01,E,03,C,,,,,C,Y,N,A,2,0,0,0,22350.0,2,37.96396225,-122.05941349,4
2011,2011-02-10,1457,2,4,14,4,N,A,N,A,H,A,A,01,S,10,G,Y,,,,B,N,N,A,1,1,0,0,21950.0,2,37.94040938,-122.03384901,2
2011,2011-02-18,1300,2,4,13,5,N,C,N,B,H,A,A,01,,01,C,,,,,C,Y,N,A,1,0,0,0,23152.0,3,37.96805992,-122.04109992,3
2011,2011-02-17,2014,2,4,20,4,Y,B,N,B,H,C,-,- ,,12,D,,,,,C,N,N,A,1,0,0,0,21453.0,2,37.97797,-122.03869,4
2011,2011-01-14,1529,1,4,15,5,N,A,N,A,H,A,A,01,N,- ,C,,,,,C,N,N,D,1,0,0,0,,2,37.92585647,-121.75248483,4
2011,2011-01-18,1110,1,4,11,2,N,A,N,A,H,A,A,01,,09,A,,,,,C,Y,N,A,2,0,0,0,21453.0,2,,,4
2011,2011-01-19,1800,1,4,18,3,Y,A,N,A,H,C,A,01,,- ,D,,,,,C,N,N,D,1,0,0,0,,2,37.925559,-121.6921815,4
2011,2011-01-25,1422,1,4,14,2,Y,A,N,A,H,A,-,- ,,00,D,,,,,C,N,N,A,1,0,0,0,,2,37.93261,-121.70685,4
2011,2011-01-30,1225,1,4,12,7,N,B,N,A,H,A,D,22,S,- ,C,,,,,C,Y,N,A,1,0,0,0,,2,37.96144924,-121.71402299,4
2011,2011-01-26,2221,1,4,22,3,N,A,N,A,H,D,A,08,S,- ,D,,,,,C,Y,N,D,1,0,0,0,,2,37.94170996,-121.74107552,4
2011,2011-01-01,51,1,4,0,6,Y,C,N,B,H,C,D,22,,09,D,,,,,C,Y,N,A,2,0,0,0,21802.0,2,37.93446,-121.70808,3
2011,2011-02-07,1544,2,4,15,1,Y,A,N,A,H,A,A,07,,12,D,,,,,C,,N,A,2,0,0,0,21453.0,2,37.77341158,-121.92137003,4
2011,2011-01-30,1145,1,4,11,7,N,C,Y,B,H,A,D,22,S,07,B,,,,,C,Y,N,D,1,0,0,0,21658.0,2,37.98457255,-122.0413833,4
2011,2011-01-14,1358,1,4,13,5,N,A,N,A,H,A,-,- ,N,18,E,,,,,I,Y,N,A,1,0,0,0,,1,37.8419133,-122.02561214,3
2011,2011-02-03,1910,2,4,19,4,N,A,N,A,H,D,D,22,W,08,E,,,,,I,Y,N,D,1,0,0,0,22107.0,1,,,3
2011,2011-02-04,1020,2,4,10,5,Y,A,Y,A,H,A,A,01,,12,D,,,,,C,Y,N,D,1,0,0,0,21453.0,2,37.92341894,-122.060982,4
2011,2011-02-08,1425,2,4,14,2,N,A,Y,A,H,A,A,01,,07,E,,,,,I,Y,N,D,4,0,0,0,21658.0,1,38.00509826,-122.03812957,2
2011,2011-02-07,630,2,4,6,1,N,A,Y,A,H,A,A,08,S,03,C,,,,,C,Y,N,D,1,0,0,0,22350.0,2,38.03027503,-122.11712315,4
2011,2011-02-13,700,2,4,7,7,N,A,Y,A,H,A,A,01,E,08,E,,,,,I,Y,N,D,1,0,0,0,22107.0,1,37.99803811,-121.80081331,3
2011,2011-02-10,1900,2,4,19,4,N,A,Y,A,H,C,-,- ,W,18,B,,,,,I,Y,N,D,1,0,0,0,,1,38.01807822,-121.89357849,4
2011,2011-02-08,315,2,4,3,2,N,A,Y,A,H,C,A,01,E,08,E,,,,,I,Y,N,D,1,0,0,0,22107.0,1,37.89136151,-122.14838382,4
2011,2011-02-07,1539,2,4,15,1,N,A,Y,A,H,A,A,01,N,21,C,,,,,C,N,N,A,1,0,0,0,22106.0,2,37.94840611,-122.0569434,4
2011,2011-02-17,1300,2,4,13,4,N,C,Y,B,H,A,A,01,S,03,D,,,,,C,N,N,D,1,0,0,0,22350.0,2,37.90941229,-122.0684804,4
2011,2011-02-15,700,2,4,7,2,N,B,Y,A,H,A,A,01,W,03,C,,,,,C,Y,N,D,1,0,0,0,22350.0,2,38.01359396,-122.27082683,4
2011,2011-02-11,1755,2,4,17,5,N,A,Y,A,H,C,A,01,E,03,C,,,,,C,Y,N,D,2,0,0,0,22350.0,5,37.89778915,-122.08566887,4
2011,2011-02-05,2015,2,4,20,6,N,A,Y,A,H,C,A,01,S,01,C,,,,,C,Y,N,D,2,0,0,0,23152.0,2,37.89468374,-122.06901984,3
2011,2011-02-02,1815,2,4,18,3,N,A,Y,A,H,C,A,01,N,03,C,,,,,C,N,N,D,1,0,0,0,22350.0,2,37.91735227,-122.06427957,4
2011,2011-02-12,515,2,4,5,6,N,A,Y,A,H,D,A,01,E,08,E,,,,,I,Y,N,D,1,0,0,0,22107.0,1,38.01421717,-121.87740341,4
2011,2011-02-11,810,2,4,8,5,N,A,Y,A,H,A,A,07,S,03,C,,,,,D,N,N,D,1,0,0,0,22350.0,2,37.88420054,-122.05387549,4
2011,2011-02-13,1800,2,4,18,7,N,A,Y,A,H,D,A,01,W,08,E,,,,,I,Y,N,D,1,0,0,0,22107.0,1,38.00506771,-121.84164958,4
2011,2011-02-08,815,2,4,8,2,N,A,Y,A,H,A,A,01,S,03,C,,,,,C,N,N,D,1,0,0,0,22350.0,2,37.94343788,-122.05914985,4
2011,2011-02-15,640,2,4,6,2,N,B,Y,B,H,C,A,01,S,03,C,,,,,C,N,N,D,1,0,0,0,22350.0,3,37.89864502,-122.07073313,4
2011,2011-02-16,440,2,4,4,3,N,C,Y,B,H,C,C,02,W,03,E,,,Y,,I,N,N,D,1,0,0,1,22350.0,1,37.89300944,-122.15997791,4
2011,2011-02-16,735,2,4,7,3,N,C,Y,B,H,A,D,22,W,03,D,,,,,C,Y,N,D,1,0,0,0,22350.0,2,38.01382879,-121.87582808,4
2011,2011-02-05,120,2,4,1,6,N,A,Y,A,H,C,A,01,N,01,B,,,,,A,Y,M,D,1,0,0,0,23152.0,2,37.85358619,-122.0288929,2
2011,2011-02-16,1752,2,4,17,3,N,B,N,A,H,B,A,01,E,09,D,,,,,C,N,N,D,1,0,0,0,21804.0,2,37.77964,-121.96914,4
2011,2011-02-17,801,2,4,8,4,N,B,N,B,H,A,A,07,N,08,B,,,,,C,Y,M,D,2,0,0,0,22107.0,2,,,4
2011,2011-03-03,1740,3,1,17,4,Y,A,N,A,H,A,A,01,,09,D,,,,,C,Y,N,A,2,0,0,0,21453.0,2,37.78872,-121.92678,4
2011,2011-03-02,1652,3,1,16,3,Y,C,Y,B,H,A,A,01,,04,C,,,,,C,N,N,D,3,0,0,0,21703.0,3,37.90729501,-122.30601316,3
2011,2011-02-15,630,2,4,6,2,Y,B,Y,B,H,C,A,01,,- ,D,,,,,C,Y,N,A,3,0,0,0,,2,37.92894688,-122.32108442,2
2011,2011-03-11,2310,3,1,23,5,N,A,Y,A,D,C,A,01,S,03,C,,,,,C,Y,N,D,1,0,0,0,22350.0,3,37.80821955,-121.99173536,4
2011,2011-02-17,1744,2,4,17,4,N,B,N,B,H,B,A,01,N,03,E,,,,,I,Y,N,D,1,0,0,0,22350.0,1,37.9529853,-121.9333078,3
2011,2011-03-22,1124,3,1,11,2,Y,A,N,A,H,A,-,- ,,08,D,,,,,C,Y,N,A,2,0,0,0,22100.0,2,37.91714,-122.05911,4
2011,2011-03-28,927,3,1,9,1,N,A,N,A,H,A,A,01,S,03,C,,,,,C,N,N,A,1,0,0,0,22350.0,2,37.9017247,-122.06192531,4
2011,2011-03-30,1913,3,1,19,3,N,A,Y,A,H,A,D,22,S,03,C,,,,,C,Y,N,A,2,0,0,0,22350.0,3,37.99008501,-122.31148317,4
2011,2011-03-28,735,3,1,7,1,N,A,N,A,H,A,A,01,E,09,D,,,,,C,N,N,D,1,0,0,0,21801.0,2,38.00801503,-121.89188058,4