ACCIDENT_YEAR,COLLISION_DATE,COLLISION_TIME,MONTH,SEASON,24HOURS,DAY_OF_WEEK,INTERSECTION,WEATHER_1,STATE_HWY_IND,ROAD_SURFACE,ROAD_COND_1,LIGHTING,STWD_VEHTYPE_AT_FAULT,CHP_VEHTYPE_AT_FAULT,DIRECTION,PCF_VIOL_CATEGORY,TYPE_OF_COLLISION,PEDESTRIAN_ACCIDENT,BICYCLE_ACCIDENT,MOTORCYCLE_ACCIDENT,TRUCK_ACCIDENT,MVIW,TOW_AWAY,HIT_AND_RUN,CONTROL_DEVICE,NUMBER_INJURED,COUNT_PED_INJURED,COUNT_BICYCLIST_INJURED,COUNT_MC_INJURED,PCF_VIOLATION,PARTY_COUNT,POINT_Y,POINT_X,COLLISION_SEVERITY
2011,2011-07-17,1535,7,2,15,7,Y,A,N,A,H,A,A,01,,12,D,,,,,C,N,N,A,2,0,0,0,21453.0,2,37.97657,-122.02881,4
2011,2011-07-08,1814,7,2,18,5,N,A,N,A,H,A,C,02,E,03,E,,,Y,,I,Y,N,D,1,0,0,1,22350.0,1,37.94671316,-121.97871208,2
2011,2011-06-23,1546,6,2,15,4,N,A,N,A,H,A,-,- ,E,- ,C,,,,,C,N,N,A,1,0,0,0,,3,37.97575811,-122.06495262,4
2011,2011-06-14,2151,6,2,21,2,Y,A,Y,A,H,C,L,04,,05,D,,Y,,,G,N,N,A,1,0,1,0,21650.0,2,37.94839034,-122.05695068,4
2011,2011-07-14,2215,7,2,22,4,Y,A,N,A,H,C,A,01,,01,A,,,,,C,N,M,A,1,0,0,0,23152.0,2,38.02352,-121.87963,4
2011,2011-07-18,1128,7,2,11,1,Y,A,N,A,H,A,-,- ,,03,C,,,,,C,Y,N,A,1,0,0,0,22350.0,2,37.92381,-122.02681,3
2011,2011-07-14,1719,7,2,17,4,N,A,N,A,H,A,A,01,S,03,C,,,,,C,Y,N,A,2,0,0,0,22350.0,3,37.900425,-122.06128785,4
2011,2011-07-15,1931,7,2,19,5,Y,A,N,A,H,A,-,- ,,00,D,,Y,,,G,N,N,A,1,0,1,0,,2,37.91676,-122.02742,3
2011,2011-07-20,1120,7,2,11,3,N,A,N,A,H,A,-,- ,S,06,D,,,,,C,N,N,D,1,0,0,0,21755.0,2,37.92773812,-122.02996245,4
2011,2011-07-18,1241,7,2,12,1,N,A,N,A,H,A,A,07,S,21,C,,,,,C,N,N,A,1,0,0,0,22106.0,2,37.90610925,-122.06424905,4
2011,2011-07-20,1927,7,2,19,3,N,A,N,A,H,A,-,- ,E,- ,D,,Y,,,G,N,N,D,1,0,1,0,,2,37.89872444,-122.05679695,3
2011,2011-07-17,1453,7,2,14,7,Y,A,N,A,H,A,A,01,,07,C,,,,,C,Y,N,D,3,0,0,0,21658.0,3,37.9312,-122.06091,4
2011,2011-07-11,1527,7,2,15,1,Y,A,N,A,H,A,A,01,,08,E,,,,,I,Y,N,D,1,0,0,0,22107.0,1,37.91783,-122.0473,3
2011,2011-07-12,1232,7,2,12,2,Y,A,N,A,H,A,-,- ,,21,C,,,,,C,N,N,D,2,0,0,0,22106.0,2,37.92085,-122.03442,4
2011,2011-07-14,940,7,2,9,4,Y,A,N,A,H,A,-,- ,,08,E,,,,,I,Y,N,D,1,0,0,0,22107.0,1,37.92752,-122.01469,4
2011,2011-07-11,1447,7,2,14,1,N,A,N,A,H,A,-,- ,S,03,C,,,,,C,Y,N,D,2,0,0,0,22350.0,2,37.90034548,-122.06016957,4
2011,2011-07-22,1708,7,2,17,5,N,A,N,A,H,A,L,04,E,05,A,,Y,,,G,N,N,A,1,0,1,0,21650.0,2,37.90682502,-122.0612431,3
2011,2011-07-01,1400,7,2,14,5,Y,A,N,A,H,A,A,01,,12,D,,,,,C,Y,F,A,2,0,0,0,22450.0,2,38.03491,-122.26309,3
2011,2011-07-01,1750,7,2,17,5,Y,A,N,A,H,A,A,01,,03,C,,,,,C,Y,N,A,1,0,0,0,22350.0,4,38.009,-122.09741,4
2011,2011-07-03,2340,7,2,23,7,N,A,N,A,H,C,A,01,E,03,C,,,,,C,Y,N,D,1,0,0,0,22350.0,2,38.02675585,-121.93709757,4
2011,2011-07-04,1515,7,2,15,1,N,A,N,A,H,A,C,02,W,03,F,,,Y,,A,Y,N,D,1,0,0,1,22350.0,1,37.96597829,-122.2069297,3
2011,2011-07-01,1100,7,2,11,5,N,A,N,A,H,A,-,- ,E,- ,H,,,,,I,N,N,D,1,0,0,0,,1,37.90825064,-122.05478462,3
2011,2011-07-05,2130,7,2,21,2,N,A,N,A,H,D,C,02,S,01,F,,,Y,,A,Y,N,D,1,0,0,1,23152.0,1,37.88983572,-121.7704156,3
2011,2011-07-07,1455,7,2,14,4,N,A,N,A,H,A,L,04,W,03,E,,Y,,,J,N,N,D,1,0,1,0,22350.0,1,37.94658778,-122.18519761,3
2011,2011-07-10,2051,7,2,20,7,N,A,Y,A,H,B,A,01,W,08,E,,,,,J,Y,N,D,1,0,0,0,22107.0,1,37.89048646,-121.57388304,4
2011,2011-07-18,900,7,2,9,1,N,A,Y,A,H,A,A,01,E,03,C,,,,,C,Y,N,D,1,0,0,0,22350.0,2,37.89245726,-122.16893542,4
2011,2011-07-09,1415,7,2,14,6,N,A,Y,A,H,A,A,01,S,08,E,,,,,I,Y,N,D,2,0,0,0,22107.0,1,37.93382191,-122.06009313,4
2011,2011-07-28,740,7,2,7,4,N,A,Y,A,H,A,A,01,S,07,C,,,,,D,N,N,D,1,0,0,0,21658.0,2,37.93455711,-122.0603874,4
2011,2011-07-30,828,7,2,8,6,N,B,Y,A,H,A,A,01,E,07,B,,,,,C,N,N,D,2,0,0,0,21658.0,2,38.04785148,-122.23422122,4
2011,2011-07-05,2000,7,2,20,2,N,A,Y,A,H,A,A,01,W,07,B,,,,,C,Y,N,D,2,0,0,0,21658.0,2,38.01230845,-122.00417438,4
2011,2011-06-25,22,6,2,0,6,N,A,Y,A,H,C,A,01,W,01,E,,,,,I,Y,N,D,1,0,0,0,23152.0,1,38.05112191,-122.22957867,4
2011,2011-07-25,1740,7,2,17,1,N,A,N,A,H,A,A,01,W,03,C,,,,,C,Y,N,A,1,0,0,0,22350.0,2,37.94880398,-121.95129791,4
2011,2011-07-29,2220,7,2,22,5,N,A,N,A,H,C,N,60,S,11,A,Y,,,,B,N,N,A,1,1,0,0,21954.0,2,38.00673096,-121.89442378,3
2011,2011-07-19,1759,7,2,17,2,Y,A,N,A,H,A,A,07,,08,B,,,,,I,Y,N,D,1,0,0,0,22107.0,1,37.99044,-122.08244,4
2011,2011-07-27,1230,7,2,12,3,N,A,N,A,H,A,A,01,S,07,B,,,,,C,N,N,A,1,0,0,0,21658.0,2,37.77844717,-121.97158398,4
2011,2011-07-15,2024,7,2,20,5,N,B,N,A,H,B,A,01,W,08,E,,,,,I,Y,N,A,4,0,0,0,22107.0,1,37.73296837,-121.92461774,2
2011,2011-08-01,1740,8,2,17,1,N,A,N,A,H,A,A,01,N,03,C,,,,,C,N,N,A,1,0,0,0,22350.0,2,37.77987998,-121.96930396,4
2011,2011-07-07,1851,7,2,18,4,N,A,N,A,H,A,D,22,E,- ,C,,,,,C,Y,N,D,2,0,0,0,,2,37.97971168,-121.81181979,4
2011,2011-08-01,920,8,2,9,1,Y,A,N,A,H,A,A,08,,03,C,,,,,C,N,N,A,1,0,0,0,22350.0,2,37.9564,-122.03912,4
2011,2011-07-20,730,7,2,7,3,N,A,N,A,H,A,A,01,E,- ,C,,,,,C,N,F,A,2,0,0,0,,2,37.95597676,-121.76729291,4
2011,2011-07-23,1952,7,2,19,6,Y,A,N,A,H,A,A,01,,09,D,,,,,C,Y,N,D,2,0,0,0,21802.0,2,38.00356,-121.84954,3
2011,2011-05-30,1008,5,1,10,1,N,B,N,A,H,A,-,,S,08,E,,,,,I,Y,N,D,1,0,0,0,22107.0,1,37.84639876,-122.12621022,3
2011,2011-08-09,1647,8,2,16,2,Y,A,N,A,H,A,A,01,,09,D,,,,,C,Y,N,A,2,0,0,0,21801.0,3,37.99776345,-122.04204977,4
2011,2011-08-12,1410,8,2,14,5,N,A,N,A,H,A,A,07,E,03,C,,,,,C,N,N,A,1,0,0,0,22350.0,3,37.97509633,-122.02743554,4
2011,2011-07-09,1826,7,2,18,6,Y,A,Y,A,H,A,A,07,,- ,D,,,,,C,Y,N,A,1,0,0,0,,2,37.927275,-122.37305317,4
2011,2011-08-07,2320,8,2,23,7,N,A,N,A,H,D,D,22,W,01,F,,,,,A,Y,N,D,1,0,0,0,23152.0,1,37.75363,-122.00741,4
2011,2011-07-20,1911,7,2,19,3,Y,A,Y,A,H,A,A,,,12,A,,,,,C,Y,N,A,1,0,0,0,21453.0,2,37.99048503,-122.09580314,2
2011,2011-08-08,832,8,2,8,1,N,A,Y,A,H,A,-,- ,S,18,C,,,,,C,Y,N,D,1,0,0,0,,4,37.92341894,-122.060982,4
2011,2011-08-10,825,8,2,8,3,N,A,Y,A,H,A,D,22,E,03,C,,,,,C,Y,N,D,1,0,0,0,22350.0,2,38.01201802,-121.86777874,4
2011,2011-08-11,1510,8,2,15,4,N,A,Y,A,H,A,D,22,N,03,C,,,,,C,N,N,D,1,0,0,0,22350.0,2,37.96928503,-122.05858313,4
2011,2011-08-12,855,8,2,8,5,N,A,Y,A,H,A,A,07,W,03,C,,,,Y,C,Y,N,D,1,0,0,0,22350.0,2,38.01993432,-121.91529151,4
2011,2011-05-30,1652,5,1,16,1,Y,A,N,A,H,A,L,04,,09,D,,Y,,,G,N,N,A,1,0,1,0,21802.0,2,37.93745,-122.329,2
2011,2011-07-21,1115,7,2,11,4,Y,A,N,A,H,A,-,- ,,07,C,,,,,C,N,N,A,1,0,0,0,21658.0,2,37.96732,-122.34415,4
2011,2011-07-27,1800,7,2,18,3,Y,A,N,A,H,A,A,01,,08,D,,,,,C,N,N,D,1,0,0,0,22107.0,2,37.94929,-122.33174,4
2011,2011-03-23,2240,3,1,22,3,N,B,N,B,H,C,A,07,E,07,E,,,,,I,Y,N,A,1,0,0,0,21658.0,2,37.81227359,-121.97616668,4
2011,2011-07-16,421,7,2,4,6,N,A,N,A,H,C,A,01,E,05,C,,,,,E,Y,M,D,1,0,0,0,21650.0,2,37.93845799,-122.34928143,4
2011,2011-07-23,1226,7,2,12,6,Y,B,N,A,H,A,D,22,,10,G,Y,,,,B,N,N,A,3,3,0,0,21950.0,4,37.98198,-122.32282,3
2011,2011-07-29,1356,7,2,13,5,N,A,N,A,H,A,A,01,E,03,C,,,,,C,Y,N,D,2,0,0,0,22350.0,4,37.92547352,-122.3270918,4
2011,2011-07-02,1600,7,2,16,6,Y,A,N,A,H,A,-,- ,,00,D,,,,,D,Y,N,A,1,0,0,0,,2,37.987236,-122.3397315,4
2011,2011-07-08,1020,7,2,10,5,Y,A,Y,A,H,A,A,01,,12,D,,,,,C,Y,N,A,2,0,0,0,21453.0,2,37.928355,-122.38398318,4
2011,2011-05-12,1508,5,1,15,4,Y,A,N,A,H,A,A,08,,08,B,,,,,C,Y,N,D,1,0,0,0,22100.0,2,37.90146,-122.29328,4
2011,2011-04-17,1048,4,1,10,7,Y,A,N,A,H,A,C,02,,03,F,,,Y,,A,Y,N,D,1,0,0,1,22350.0,1,37.97926623,-121.74362895,2
2011,2011-06-10,820,6,2,8,5,Y,A,N,A,H,A,J,49,,22,B,,,,,C,N,N,A,1,0,0,0,,2,37.91179,-122.06426,4
2011,2011-06-12,2020,6,2,20,7,Y,A,N,A,H,B,A,01,,06,D,,Y,,,G,N,N,D,1,0,1,0,21750.0,2,37.96317,-122.20074,3
2011,2011-06-20,930,6,2,9,1,N,A,N,A,H,A,A,08,S,09,F,,Y,,,A,N,N,D,1,0,1,0,21801.0,2,37.90513458,-121.9943592,3
2011,2011-06-07,1310,6,2,13,2,N,A,N,A,H,A,-,99,S,08,H,Y,,,,B,N,F,A,1,1,0,0,22107.0,2,38.02386458,-121.93390417,4
2011,2011-06-26,1830,6,2,18,7,Y,A,N,A,H,A,A,01,,12,D,,,,,C,Y,N,A,3,0,0,0,21453.0,2,37.865214,-121.6676385,3
2011,2011-06-19,2215,6,2,22,7,N,A,N,A,H,C,A,07,S,03,C,,,,,C,N,N,A,3,0,0,0,22350.0,2,38.02148384,-121.94197231,4
2011,2011-06-24,1855,6,2,18,5,N,A,Y,A,H,A,A,01,E,03,C,,,,,C,Y,N,D,1,0,0,0,22350.0,2,37.99376526,-122.29866632,4
2011,2011-06-23,1040,6,2,10,4,Y,A,N,A,H,A,A,08,,08,G,Y,,,,B,N,F,D,1,1,0,0,22107.0,2,37.87449,-122.05979,3
2011,2011-06-25,2303,6,2,23,6,N,A,N,A,H,D,-,- ,W,18,H,,,Y,,H,Y,N,D,1,0,0,1,,1,37.92059473,-121.90007732,3
2011,2011-06-25,1620,6,2,16,6,N,A,N,A,H,A,A,01,S,08,E,,,,,I,Y,N,D,1,0,0,0,22107.0,1,37.96201417,-121.93017247,3
2011,2011-06-30,1913,6,2,19,4,N,A,N,A,H,A,A,07,N,08,E,,,,,I,Y,N,D,1,0,0,0,22107.0,1,37.93118522,-122.04432664,4
2011,2011-06-26,1845,6,2,18,7,N,A,N,A,H,A,-,- ,N,05,F,,,,,-,Y,N,D,1,0,0,0,21650.0,1,37.88628851,-122.0512181,3
2011,2011-07-06,1834,7,2,18,3,N,A,N,A,H,A,A,01,W,- ,B,,Y,,,G,N,N,D,1,0,1,0,,2,37.97010483,-121.79822216,4
2011,2011-07-02,1930,7,2,19,6,N,A,N,A,H,A,A,01,E,- ,A,,,,,I,Y,N,D,2,0,0,0,,1,,,4
2011,2011-06-29,1225,6,2,12,3,N,B,N,A,H,A,C,02,E,03,F,,,Y,,A,Y,N,D,1,0,0,1,22350.0,1,37.76091003,-121.80445235,2
2011,2011-08-03,2221,8,2,22,3,N,A,N,A,H,C,D,22,W,01,D,,,,,E,Y,N,A,1,0,0,0,23152.0,2,37.95880554,-121.97630881,4
2011,2011-08-06,2125,8,2,21,6,Y,A,N,A,H,C,N,60,,11,G,Y,,,,B,N,N,A,1,1,0,0,21456.0,2,37.96871,-122.03194,4
2011,2011-07-06,710,7,2,7,3,N,A,Y,A,H,A,E,22,S,03,C,,,,,C,Y,N,D,2,0,0,0,22350.0,5,37.92221419,-122.06169946,2
2011,2011-07-09,1030,7,2,10,6,N,A,Y,A,H,A,A,01,E,07,C,,,,Y,C,Y,N,D,2,0,0,0,21658.0,3,38.0191386,-121.93168974,4
2011,2011-07-14,1745,7,2,17,4,N,A,Y,A,H,A,G,27,W,07,B,,,,Y,C,N,N,D,1,0,0,0,21658.0,2,38.01274505,-121.87129311,4
2011,2011-06-17,1508,6,2,15,5,N,A,N,A,H,A,-,- ,W,22,F,,Y,,,A,N,N,D,1,0,1,0,,1,38.05031987,-122.24930543,3
2011,2011-08-04,2030,8,2,20,4,N,A,N,A,G,D,A,01,N,- ,C,Y,,,,B,N,N,D,1,1,0,0,,3,37.97107751,-122.04724682,3
2011,2011-08-03,700,8,2,7,3,N,A,N,A,H,A,A,07,N,01,F,,,,,I,Y,N,D,1,0,0,0,23140.0,1,38.01816408,-121.92159351,3
2011,2011-07-30,2321,7,2,23,6,N,A,N,A,A,C,L,04,W,08,E,,Y,,,I,N,N,D,1,0,1,0,22107.0,1,37.97753516,-122.02027129,4
2011,2011-07-31,1624,7,2,16,7,N,A,N,A,H,A,A,01,E,21,C,,,Y,,C,N,N,A,1,0,0,1,22106.0,2,37.97630425,-122.03477243,4
2011,2011-07-27,820,7,2,8,3,Y,A,N,A,H,A,A,01,,12,D,,,,,C,Y,N,A,1,0,0,0,21453.0,2,37.97123,-122.04237,4
2011,2011-06-30,806,6,2,8,4,N,A,N,A,H,A,A,08,N,12,D,,,,,C,Y,N,A,1,0,0,0,21453.0,2,38.00667909,-121.83413386,4
2011,2011-06-29,1415,6,2,14,3,N,A,N,A,H,A,A,07,N,21,C,,,,,C,Y,N,A,2,0,0,0,22106.0,2,38.00838896,-121.89263224,4
2011,2011-06-28,1655,6,2,16,2,N,C,Y,B,H,A,A,01,E,03,C,,,,,C,N,N,D,1,0,0,0,22350.0,2,38.01585226,-122.27228523,4
2011,2011-06-24,1145,6,2,11,5,N,A,Y,A,H,A,A,01,S,03,C,,,,,C,N,N,D,3,0,0,0,22350.0,3,38.02270759,-122.10529676,4
2011,2011-06-21,2225,6,2,22,2,N,A,Y,A,D,C,A,01,N,08,B,,,,,C,Y,N,D,2,0,0,0,22107.0,2,37.98538762,-122.04123101,4
2011,2011-07-06,1941,7,2,19,3,N,A,N,A,H,A,A,01,W,01,E,,,,,I,Y,N,D,1,0,0,0,23152.0,1,37.84295423,-122.11417615,3
2011,2011-07-26,853,7,2,8,2,Y,A,N,A,H,A,-,- ,,12,B,,,,,C,N,N,A,1,0,0,0,21453.0,2,37.85441,-122.12496,4
2011,2011-07-05,956,7,2,9,2,N,A,N,A,H,A,A,01,N,03,C,,,,,C,Y,N,D,1,0,0,0,22350.0,3,38.00125002,-121.89535927,4
2011,2011-07-02,2320,7,2,23,6,N,A,N,A,H,C,D,22,N,- ,E,,,,,I,Y,N,A,1,0,0,0,,1,38.01642099,-121.9025724,3
2011,2011-07-03,2328,7,2,23,7,Y,A,N,A,H,C,A,07,,12,D,,,,,C,Y,N,A,1,0,0,0,21453.0,2,37.998,-121.89667,3
2011,2011-07-01,1808,7,2,18,5,N,A,N,A,H,A,A,01,W,09,D,,,Y,,C,Y,N,A,1,0,0,1,21801.0,2,38.01534355,-121.94290369,2
2011,2011-07-01,1240,7,2,12,5,N,A,Y,A,H,A,A,01,S,07,B,,,,,C,Y,N,D,2,0,0,0,21658.0,2,37.80322326,-121.98929296,3
2011,2011-08-03,1538,8,2,15,3,N,A,Y,A,H,A,F,26,N,03,C,,,,Y,C,Y,N,D,1,0,0,0,22350.0,3,37.82364277,-121.99416106,4
2011,2011-08-03,750,8,2,7,3,N,A,Y,A,D,A,C,02,E,03,F,,,Y,,A,Y,N,D,1,0,0,1,22350.0,2,38.00263123,-121.8327767,3
2011,2011-08-03,845,8,2,8,3,N,A,Y,A,H,A,C,02,W,03,C,,,Y,,C,Y,N,D,1,0,0,1,22350.0,2,38.02253031,-121.97938458,4
2011,2011-06-30,1100,6,2,11,4,N,A,N,A,H,A,A,08,S,04,B,,Y,,,G,N,N,A,1,0,1,0,21703.0,2,37.77074994,-121.97335413,3
2011,2011-07-27,1730,7,2,17,3,N,A,N,A,H,A,A,01,N,03,C,,,,,C,Y,N,A,1,0,0,0,22350.0,3,37.99868569,-121.87406311,4
2011,2011-07-23,826,7,2,8,6,Y,A,N,A,H,A,A,01,,- ,D,,,,,C,Y,N,A,1,0,0,0,,2,37.96743,-122.34421,4
2011,2011-07-26,1555,7,2,15,2,N,A,N,A,H,A,A,01,N,03,C,,,,,C,Y,N,A,2,0,0,0,22350.0,3,38.00279,-121.87301,4
2011,2011-07-28,307,7,2,3,4,N,A,N,A,H,C,A,01,N,01,E,,,,,I,Y,N,A,1,0,0,0,23152.0,1,38.02121427,-121.88064255,2
2011,2011-07-08,1140,7,2,11,5,Y,A,Y,A,H,A,A,01,,04,C,,,,,C,Y,N,A,1,0,0,0,21703.0,2,37.77857502,-121.9758531,4
2011,2011-07-13,1735,7,2,17,3,N,B,N,A,H,A,A,01,W,04,C,,,,,C,N,N,A,1,0,0,0,21703.0,2,37.77862857,-121.97172092,4
2011,2011-07-14,1703,7,2,17,4,N,A,N,A,H,A,A,07,W,12,H,,Y,,,G,N,N,A,1,0,1,0,21455.0,2,37.78061185,-121.96680787,3
2011,2011-07-07,1950,7,2,19,4,Y,A,Y,A,H,B,A,01,,12,D,,,,,C,N,N,A,1,0,0,0,21453.0,2,37.77332502,-121.97319309,4
2011,2011-07-20,850,7,2,8,3,N,A,N,A,H,A,A,01,E,08,B,,,,,C,Y,N,D,1,0,0,0,22107.0,2,37.78001714,-121.96825003,4
2011,2011-08-18,37,8,2,0,4,Y,A,N,A,H,C,A,01,,08,D,,,Y,,C,N,N,A,1,0,0,1,22107.0,2,38.0051856,-121.83584332,4
2011,2011-08-11,1521,8,2,15,4,Y,A,N,A,H,A,A,08,,12,D,,,,,C,Y,N,A,1,0,0,0,21453.0,2,38.01588,-121.88268,4
2011,2011-08-08,1029,8,2,10,1,Y,A,N,A,H,A,A,01,,12,D,,,,,C,Y,N,A,1,0,0,0,21453.0,2,37.773783,-121.921389,4
2011,2011-07-28,258,7,2,2,4,N,A,N,A,H,C,A,01,,- ,C,,,,,E,Y,N,D,3,0,0,0,,2,37.99989746,-122.1177279,3
2011,2011-07-22,1205,7,2,12,5,Y,A,N,A,H,A,A,01,,01,D,,,,,C,Y,M,A,2,0,0,0,23152.0,2,37.98183,-122.01883,2
2011,2011-08-16,1614,8,2,16,2,N,A,N,A,H,A,D,22,W,03,B,,,,,C,Y,N,D,1,0,0,0,22350.0,3,37.7726371,-121.99642619,4
2011,2011-08-26,806,8,2,8,5,N,F,N,A,H,A,D,22,S,03,C,,,,,C,N,N,D,2,0,0,0,22350.0,2,37.74960159,-121.9594878,4
2011,2011-08-18,1715,8,2,17,4,N,A,Y,A,H,A,D,22,W,08,E,,,,,I,Y,N,D,1,0,0,0,22107.0,1,38.00114448,-122.14961205,4
2011,2011-08-18,2020,8,2,20,4,N,A,Y,A,H,D,D,22,W,08,E,,,,,I,Y,N,D,1,0,0,0,22107.0,1,37.8945187,-122.11653257,3
2011,2011-08-30,505,8,2,5,2,N,A,Y,A,H,C,A,01,S,08,B,,,,Y,C,Y,N,D,1,0,0,0,22107.0,2,37.89896518,-122.07104193,4
2011,2011-08-09,1545,8,2,15,2,N,A,Y,A,H,A,F,26,E,03,F,,,,Y,I,Y,N,D,1,0,0,0,22350.0,1,38.0110254,-122.01223737,3
2011,2011-08-30,1215,8,2,12,2,N,A,Y,A,H,A,D,22,W,07,B,,,,,C,N,N,D,1,0,0,0,21658.0,2,38.01177767,-122.19844523,4
2011,2011-08-08,845,8,2,8,1,N,A,N,A,H,A,D,22,S,03,C,,,,,C,Y,N,D,2,0,0,0,22350.0,3,37.83847284,-122.02179491,4
2011,2011-06-27,1635,6,2,16,1,N,A,N,A,H,A,A,01,N,05,A,,,,,C,Y,N,D,2,0,0,0,21460.0,2,37.91468007,-122.2004351,3
2011,2011-08-09,1353,8,2,13,2,N,A,N,A,H,A,A,01,W,03,C,,,,,C,Y,N,D,2,0,0,0,22350.0,2,37.96480311,-122.31494142,4
2011,2011-07-22,1600,7,2,16,5,N,A,N,A,H,A,A,08,S,05,B,,,,,C,Y,N,D,1,0,0,0,21650.0,3,37.82090721,-121.59247388,4
2011,2011-08-15,925,8,2,9,1,N,A,N,A,H,A,D,22,N,08,F,,Y,,,A,N,F,D,1,0,1,0,22107.0,2,37.95531906,-121.6777088,3
2011,2011-08-22,625,8,2,6,1,N,A,N,A,H,A,C,02,N,03,E,,,Y,Y,I,Y,N,D,1,0,0,1,22350.0,2,37.79150392,-121.69430584,2
2011,2011-08-08,1430,8,2,14,1,N,A,N,A,H,A,D,22,S,12,D,,,,,C,Y,N,A,1,0,0,0,21453.0,2,37.9458141,-122.35744261,4
2011,2011-08-07,1539,8,2,15,7,Y,B,N,A,H,A,A,07,,09,D,,,,,C,Y,N,A,4,0,0,0,21801.0,2,37.97828,-122.33304,3
2011,2011-08-07,1237,8,2,12,7,Y,B,N,A,H,A,D,22,,09,D,,Y,,,G,Y,N,A,1,0,1,0,21802.0,2,37.93845,-122.35252,3
2011,2011-08-30,1550,8,2,15,2,Y,A,N,A,H,A,L,04,,05,A,,Y,,,G,N,M,D,1,0,0,0,21650.0,3,37.93249,-122.35617,4
2011,2011-08-11,1903,8,2,19,4,Y,A,N,A,H,A,D,22,,12,D,,,,,C,Y,N,A,1,0,0,0,22450.0,2,37.92947,-122.33284,4
2011,2011-08-02,1512,8,2,15,2,Y,A,N,A,H,A,A,01,,09,C,,,,,C,Y,N,A,1,0,0,0,21802.0,3,37.94275,-122.34842,4
2011,2011-07-11,1933,7,2,19,1,N,A,N,A,H,B,N,60,,11,D,Y,,,,B,N,N,A,1,1,0,0,21954.0,2,38.028375,-122.2715475,4
2011,2011-08-22,1902,8,2,19,1,Y,A,N,A,H,A,A,01,,09,D,,,,,C,Y,M,A,1,0,0,0,21802.0,2,38.01967,-121.92633,4
2011,2011-08-23,1650,8,2,16,2,N,A,N,A,H,A,A,01,E,03,C,,,,,C,Y,N,A,1,0,0,0,22350.0,2,38.01442355,-122.02988279,4
2011,2011-08-25,2217,8,2,22,4,N,A,N,A,H,C,A,01,N,03,C,,,,,C,N,F,A,2,0,0,0,22350.0,2,37.97830883,-122.03073393,4
2011,2011-08-27,1342,8,2,13,6,Y,A,N,A,H,A,A,,,03,C,,,,,C,N,N,A,1,0,0,0,22350.0,3,37.96874,-122.03211,4
2011,2011-08-14,1255,8,2,12,7,N,A,N,A,H,A,A,01,S,09,D,,,,,C,N,N,D,3,0,0,0,21801.0,2,37.97232587,-122.04531718,3
2011,2011-08-15,1733,8,2,17,1,N,A,N,A,H,A,A,01,W,03,C,,,,,C,N,N,A,1,0,0,0,22350.0,2,37.96805432,-122.05335711,4
2011,2011-08-17,1318,8,2,13,3,Y,A,N,A,H,A,A,01,,03,C,,,,,C,N,N,A,1,0,0,0,22350.0,2,37.96852,-122.05262,4
2011,2011-08-19,1018,8,2,10,5,Y,A,N,A,H,A,A,01,,12,D,,Y,,,G,,N,A,1,0,1,0,21453.0,2,37.95777,-122.03715,3
2011,2011-08-11,1828,8,2,18,4,N,A,N,A,H,A,A,01,S,01,D,,,,,C,Y,N,A,2,0,0,0,23152.0,2,37.94807741,-121.9839111,3
2011,2011-08-14,1104,8,2,11,7,Y,A,N,A,H,A,A,01,,12,D,,,,,C,Y,N,A,1,0,0,0,21453.0,2,37.96474,-121.99277,4
2011,2011-07-18,1907,7,2,19,1,N,A,N,A,H,A,L,04,E,09,A,,Y,,,G,N,N,D,1,0,1,0,21804.0,2,37.95357458,-121.69991798,4
2011,2011-07-11,1639,7,2,16,1,N,A,N,A,H,A,A,07,W,- ,C,,,,,C,N,N,A,1,0,0,0,,2,37.96154592,-121.71422123,4
2011,2011-08-25,1025,8,2,10,4,N,A,N,A,H,A,A,08,W,09,B,,,,,C,Y,N,A,1,0,0,0,21801.0,2,38.00364114,-121.87651949,4
2011,2011-08-15,815,8,2,8,1,N,A,Y,A,H,A,A,01,S,08,C,,,,,E,Y,N,D,1,0,0,0,22107.0,2,37.91201854,-122.06754097,4
2011,2011-07-01,1757,7,2,17,5,N,A,N,A,H,A,N,60,W,11,G,Y,,,,B,N,N,A,1,1,0,0,21955.0,2,37.96814547,-121.78639122,4
2011,2011-07-02,1552,7,2,15,6,Y,A,N,A,H,A,A,01,,04,C,,,,,C,N,N,A,1,0,0,0,21703.0,2,37.98188,-121.76662,4
2011,2011-07-31,859,7,2,8,7,N,A,N,A,H,A,A,01,W,08,E,,,,,I,N,N,A,1,0,0,0,22107.0,1,38.00496506,-121.76481013,3
2011,2011-08-04,1110,8,2,11,4,N,A,Y,A,H,A,A,01,N,03,C,,,,,C,N,N,D,1,0,0,0,22350.0,3,37.98528503,-122.04125313,4
2011,2011-07-29,1153,7,2,11,5,N,A,N,A,H,A,A,01,N,21,C,,,,,C,N,N,A,1,0,0,0,22106.0,2,37.95758262,-121.77798853,4
2011,2011-07-16,1607,7,2,16,6,Y,A,N,A,H,A,A,07,,08,D,,,,,C,N,N,A,1,0,0,0,22107.0,2,37.96381,-121.77258,4
2011,2011-07-01,1435,7,2,14,5,N,A,N,A,H,A,A,01,E,22,C,,,,,C,Y,N,A,1,0,0,0,,3,37.96155926,-121.74147785,4
2011,2011-07-26,1538,7,2,15,2,N,A,Y,A,H,A,-,- ,S,18,C,,,,,E,Y,N,D,1,0,0,0,,2,37.98175619,-122.06592537,4
2011,2011-07-12,1815,7,2,18,2,N,A,Y,A,H,A,A,01,N,03,C,,,,,C,N,N,D,1,0,0,0,22350.0,3,37.86748491,-122.03960673,4
2011,2011-07-18,605,7,2,6,1,N,A,Y,A,H,A,A,01,S,08,F,,,,,A,Y,N,D,1,0,0,0,22107.0,1,37.86284448,-122.03461324,4
2011,2011-07-27,220,7,2,2,3,Y,A,N,A,H,C,A,01,,01,E,,,,,I,Y,N,A,1,0,0,0,23152.0,1,37.76211,-121.94677,3
2011,2011-07-05,703,7,2,7,2,N,A,Y,A,H,A,A,01,E,07,B,,,,,C,Y,N,D,3,0,0,0,21658.0,3,37.99872985,-122.28466676,3