ACCIDENT_YEAR,COLLISION_DATE,COLLISION_TIME,MONTH,SEASON,24HOURS,DAY_OF_WEEK,INTERSECTION,WEATHER_1,STATE_HWY_IND,ROAD_SURFACE,ROAD_COND_1,LIGHTING,STWD_VEHTYPE_AT_FAULT,CHP_VEHTYPE_AT_FAULT,DIRECTION,PCF_VIOL_CATEGORY,TYPE_OF_COLLISION,PEDESTRIAN_ACCIDENT,BICYCLE_ACCIDENT,MOTORCYCLE_ACCIDENT,TRUCK_ACCIDENT,MVIW,TOW_AWAY,HIT_AND_RUN,CONTROL_DEVICE,NUMBER_INJURED,COUNT_PED_INJURED,COUNT_BICYCLIST_INJURED,COUNT_MC_INJURED,PCF_VIOLATION,PARTY_COUNT,POINT_Y,POINT_X,COLLISION_SEVERITY
2011,2011-10-12,1645,10,3,16,3,Y,A,N,A,H,A,A,08,,- ,G,Y,,,,B,N,N,A,1,1,0,0,,2,37.91171,-122.06373,4
2011,2011-10-15,2148,10,3,21,6,Y,B,N,A,H,C,A,01,,01,D,,,,,C,Y,N,A,1,0,0,0,23152.0,2,37.867473,-121.6416015,4
2011,2011-10-03,751,10,3,7,1,Y,A,N,A,H,A,L,04,,05,B,,Y,,,G,N,N,A,1,0,1,0,21650.0,2,37.93379,-122.0467,4
2011,2011-10-26,1820,10,3,18,3,N,A,N,A,H,B,A,01,W,03,C,,,,,C,Y,N,D,3,0,0,0,22350.0,3,37.8846011,-122.08452165,4
2011,2011-10-30,1755,10,3,17,7,Y,A,Y,A,H,B,A,08,,08,F,,,,,I,Y,N,D,1,0,0,0,22107.0,1,38.04751502,-122.23492317,3
2011,2011-10-14,2023,10,3,20,5,N,A,N,A,H,D,C,02,W,01,A,,,Y,,C,Y,N,D,4,0,0,1,23152.0,2,37.89331,-121.85305,2
2011,2011-10-20,1454,10,3,14,4,Y,A,N,A,H,A,A,01,,21,C,,,,,C,N,N,A,1,0,0,0,22106.0,2,37.92752,-122.01469,4
2011,2011-10-22,300,10,3,3,6,N,A,N,A,H,D,A,07,N,01,E,,,,,I,Y,N,A,1,0,0,0,23152.0,1,37.8747549,-121.62316594,3
2011,2011-10-31,1610,10,3,16,1,N,A,Y,A,H,A,A,01,W,08,E,,,,,I,Y,N,D,2,0,0,0,22107.0,1,38.01587826,-122.18125065,4
2011,2011-10-19,1723,10,3,17,3,N,A,N,A,H,A,A,01,W,21,C,,,,,C,N,N,A,3,0,0,0,22106.0,2,37.91714116,-122.03980388,4
2011,2011-10-14,1532,10,3,15,5,Y,A,N,A,H,A,C,02,,03,C,,,Y,,C,Y,N,D,1,0,0,1,22350.0,2,37.97969636,-121.67760372,3
2011,2011-10-28,1350,10,3,13,5,N,A,N,A,H,A,A,07,E,08,E,,,,,I,Y,N,D,1,0,0,0,22107.0,1,37.88148562,-121.77655826,3
2011,2011-10-21,935,10,3,9,5,N,A,N,A,H,A,A,01,N,08,B,Y,,,,E,Y,N,D,1,1,0,0,22107.0,3,38.01174678,-121.99689295,4
2011,2011-10-15,1535,10,3,15,6,N,A,N,A,H,A,C,02,N,08,E,,,Y,,A,Y,N,D,1,0,0,1,22107.0,1,37.96496262,-122.20564996,3
2011,2011-10-20,1650,10,3,16,4,N,A,Y,A,H,A,A,01,E,07,B,,,Y,,C,Y,N,D,2,0,0,1,21658.0,3,38.01700428,-121.88898339,3
2011,2011-10-20,1815,10,3,18,4,N,A,N,A,H,B,A,01,S,01,A,,,,,C,N,N,D,1,0,0,0,23152.0,2,37.86763617,-122.01815844,3
2011,2011-10-29,230,10,3,2,6,N,A,N,A,H,C,A,01,S,01,E,,,,,I,Y,N,D,1,0,0,0,23152.0,1,37.807093,-121.8852152,3
2011,2011-09-12,1345,9,3,13,1,Y,A,N,A,H,A,L,04,,05,D,,Y,,,G,N,N,A,1,0,1,0,21650.0,2,37.9584,-122.06105,4
2011,2011-10-13,852,10,3,8,4,Y,A,N,A,H,A,-,- ,,09,A,,,,,C,Y,N,A,1,0,0,0,21801.0,2,37.9452,-122.06427,3
2011,2011-10-31,1535,10,3,15,1,Y,A,N,A,H,A,-,- ,,09,D,,,,,C,N,N,A,1,0,0,0,21802.0,2,37.94793,-122.07312,3
2011,2011-10-24,115,10,3,1,1,N,A,N,A,H,C,-,- ,N,01,F,,,,,E,Y,N,D,1,0,0,0,23152.0,5,37.96114956,-122.0577753,3
2011,2011-10-24,1510,10,3,15,1,Y,A,N,A,H,A,-,- ,,03,C,,,,,C,Y,N,D,1,0,0,0,22350.0,2,37.92628,-122.07825,4
2011,2011-10-22,1044,10,3,10,6,Y,A,N,A,H,C,-,- ,,05,E,,,,,I,Y,N,A,1,0,0,0,21651.0,1,37.95016,-122.06023,3
2011,2011-09-26,1012,9,3,10,1,N,A,Y,A,H,A,D,22,W,03,C,,,,,C,Y,N,D,3,0,0,0,22350.0,5,37.95264501,-122.32791317,3
2011,2011-10-14,850,10,3,8,5,N,A,Y,A,H,A,A,08,E,03,-,,,,Y,C,N,N,D,1,0,0,0,22350.0,3,37.94455243,-122.32420932,4
2011,2011-11-06,0,11,3,0,7,Y,B,N,B,H,C,A,01,,01,D,,,,,C,Y,F,A,3,0,0,0,23152.0,2,38.02789,-121.88512,3
2011,2011-11-06,1852,11,3,18,7,Y,B,N,B,H,C,L,04,,11,G,,Y,,,G,N,N,A,1,0,1,0,21453.0,2,38.00572,-121.83534,3
2011,2011-10-24,2030,10,3,20,1,N,A,Y,A,H,C,A,01,W,08,E,,,,,I,Y,N,D,1,0,0,0,22107.0,1,37.96678501,-122.32207317,4
2011,2011-10-19,1905,10,3,19,3,N,A,Y,A,H,D,A,07,W,03,C,,,,,C,N,N,D,1,0,0,0,22350.0,2,37.90021244,-122.31032542,4
2011,2011-10-16,1930,10,3,19,7,N,A,N,A,H,C,-,- ,N,04,C,,,,,C,N,M,A,1,0,0,0,21703.0,3,37.97172587,-122.06373334,4
2011,2011-10-08,2229,10,3,22,6,N,A,N,A,H,C,N,60,N,11,G,Y,,,,B,N,N,D,1,1,0,0,21956.0,2,37.95176684,-122.08781296,2
2011,2011-10-21,920,10,3,9,5,N,A,N,A,H,A,D,,S,17,C,,,,,C,Y,N,A,1,0,0,0,22109.0,3,38.0142747,-121.86108853,4
2011,2011-10-19,1828,10,3,18,3,N,A,N,A,H,A,A,01,W,03,C,,,,,C,Y,N,A,1,0,0,0,22350.0,4,37.99796505,-121.87183236,4
2011,2011-10-10,20,10,3,0,1,N,A,Y,A,H,C,A,01,E,08,E,,,,,I,Y,N,D,1,0,0,0,22107.0,1,38.01032888,-122.01685609,3
2011,2011-10-15,1350,10,3,13,6,N,A,Y,A,A,A,A,07,W,08,E,,,,,I,Y,N,D,1,0,0,0,22107.0,1,38.01382879,-121.87582808,4
2011,2011-10-09,1750,10,3,17,7,N,A,Y,A,H,A,C,02,W,01,F,,,Y,,A,Y,N,D,2,0,0,2,23152.0,1,37.99723503,-122.07329314,2
2011,2011-10-06,1845,10,3,18,4,N,A,Y,A,H,A,A,07,S,08,E,,,,,I,Y,N,D,1,0,0,0,22107.0,1,37.99859867,-122.03814479,3
2011,2011-10-20,1534,10,3,15,4,N,A,N,A,H,A,A,07,S,09,A,,,,,C,Y,N,D,1,0,0,0,21801.0,2,37.96305611,-121.98811589,4
2011,2011-10-15,1017,10,3,10,6,Y,A,N,A,H,A,A,07,,03,C,,,,,C,Y,N,A,4,0,0,0,22350.0,3,37.96004,-122.04221,4
2011,2011-10-20,1813,10,3,18,4,Y,A,N,A,H,A,-,- ,,18,F,,Y,,,A,N,N,D,1,0,1,0,,1,37.97424,-122.0279,4
2011,2011-10-23,1216,10,3,12,7,N,A,Y,A,H,A,A,01,S,08,E,,,,,I,Y,N,D,1,0,0,0,22107.0,1,37.76981083,-121.97143167,3
2011,2011-11-03,1250,11,3,12,4,N,A,Y,A,H,A,A,01,N,03,C,,,,,C,Y,N,D,1,0,0,0,22350.0,2,37.89671559,-122.07110439,4
2011,2011-11-07,735,11,3,7,1,N,A,N,B,H,A,A,01,E,03,C,,,,,C,Y,N,D,1,0,0,0,22350.0,2,37.89635505,-121.69492232,4
2011,2011-11-06,1312,11,3,13,7,N,A,N,A,H,A,A,01,N,03,C,,,,,C,Y,N,A,2,0,0,0,22350.0,2,37.89577412,-121.71272278,4
2011,2011-11-07,720,11,3,7,1,N,A,Y,A,H,A,A,01,S,04,C,,,,,C,N,N,D,1,0,0,0,21703.0,2,37.9634291,-122.05464403,4
2011,2011-10-23,1515,10,3,15,7,Y,A,N,A,H,A,-,- ,,12,D,,,,,C,Y,N,A,3,0,0,0,21453.0,2,37.91759,-122.0394,2
2011,2011-10-28,1816,10,3,18,5,Y,A,N,A,H,A,-,- ,,03,C,,,,,C,Y,N,A,1,0,0,0,22350.0,2,37.91440569,-122.04218298,4
2011,2011-10-29,2239,10,3,22,6,N,A,N,A,H,C,A,01,E,01,C,,,,,E,Y,N,D,2,0,0,0,23152.0,3,37.91430776,-122.01037641,3
2011,2011-10-25,1800,10,3,18,2,N,A,N,A,H,A,A,01,N,09,D,,,Y,,J,Y,N,A,2,0,0,1,21804.0,2,37.75939,-121.96816,2
2011,2011-10-31,1558,10,3,15,1,Y,A,N,A,H,A,C,03,,12,-,,,Y,,-,N,N,A,1,0,0,1,22450.0,2,38.02877,-121.88252,4
2011,2011-10-24,1510,10,3,15,1,N,A,N,A,H,A,A,01,W,03,C,,,,,C,Y,N,A,3,0,0,0,22350.0,3,38.01249358,-121.8470639,2
2011,2011-10-26,1818,10,3,18,3,N,A,Y,A,H,B,-,,E,08,E,,,,,A,Y,N,C,1,0,0,0,22107.0,2,37.77332502,-121.97319309,3
2011,2011-11-02,1833,11,3,18,3,Y,A,N,A,H,B,L,04,,12,G,,Y,,,G,Y,N,A,1,0,1,0,21453.0,2,38.01213,-121.89114,3
2011,2011-11-01,1615,11,3,16,2,Y,A,N,A,H,A,A,01,,- ,C,,,,,C,N,N,A,2,0,0,0,,2,37.76438,-121.95405,4
2011,2011-10-29,1636,10,3,16,6,N,A,N,A,H,A,A,01,W,08,E,,,,,J,Y,N,D,1,0,0,0,22107.0,1,37.99384752,-122.10296914,3
2011,2011-10-31,1754,10,3,17,1,N,A,N,A,H,A,A,01,S,03,C,,,,,C,N,N,A,1,0,0,0,22350.0,2,37.99729945,-122.13243826,4
2011,2011-11-03,1611,11,3,16,4,Y,A,N,B,H,A,A,01,,03,C,,,,,C,Y,N,D,1,0,0,0,22350.0,2,38.00104,-122.11366,4
2011,2011-11-04,1604,11,3,16,5,N,A,N,A,H,A,L,04,,05,A,,Y,,,G,N,N,D,1,0,1,0,21650.0,2,37.92769129,-122.06198283,4
2011,2011-11-08,1859,11,3,18,2,Y,A,N,A,H,C,A,07,,12,D,,,,,C,Y,N,A,2,0,0,0,21453.0,2,37.90359,-122.06522,4
2011,2011-11-04,1454,11,3,14,5,-,A,N,A,H,A,A,07,,22,E,,,,,I,Y,N,D,1,0,0,0,,1,37.93155689,-122.00663364,4
2011,2011-11-01,1533,11,3,15,2,N,A,N,A,H,A,-,- ,N,04,C,,,,,C,N,N,A,1,0,0,0,21703.0,2,37.90171809,-122.0645991,4
2011,2011-11-01,1747,11,3,17,2,N,A,N,A,H,B,A,01,E,03,C,,,,,C,Y,N,D,2,0,0,0,22350.0,4,37.91186114,-122.04577509,4
2011,2011-11-05,1835,11,3,18,6,Y,C,Y,B,H,C,-,- ,,12,D,,,,,C,Y,N,A,1,0,0,0,21453.0,2,37.89114213,-122.06106202,4
2011,2011-11-02,1635,11,3,16,3,N,A,N,A,H,A,C,02,S,08,E,,,Y,,I,Y,N,D,1,0,0,1,22107.0,1,37.91123317,-122.0654512,4
2011,2011-09-30,732,9,3,7,5,N,A,N,A,H,A,A,01,E,03,C,,,,,C,N,N,A,1,0,0,0,22350.0,2,37.92537248,-121.73744023,4
2011,2011-09-07,916,9,3,9,3,Y,A,N,A,H,A,A,01,,12,D,,,,,C,Y,N,A,2,0,0,0,22450.0,2,37.92553,-121.67793,4
2011,2011-09-30,818,9,3,8,5,Y,A,N,A,H,A,-,- ,,12,D,,,,,C,Y,N,A,1,0,0,0,22450.0,2,37.93738,-121.70024,4
2011,2011-09-20,1920,9,3,19,2,N,A,N,A,H,C,A,01,S,03,C,,,,,C,N,N,A,1,0,0,0,22350.0,3,37.96154,-121.69609,4
2011,2011-09-27,1801,9,3,18,2,Y,A,N,A,H,A,C,02,,12,D,,,Y,,C,Y,N,A,1,0,0,1,21453.0,2,37.94626,-121.70848,3
2011,2011-09-14,1600,9,3,16,3,N,A,N,A,H,A,L,04,N,12,B,,Y,,,G,N,N,A,1,0,1,0,22450.0,2,37.9374708,-121.74757898,4
2011,2011-09-15,1615,9,3,16,4,N,A,N,A,H,A,A,01,W,03,C,,,,,C,N,N,A,1,0,0,0,22350.0,4,37.92520444,-121.72532285,4
2011,2011-09-16,650,9,3,6,5,N,A,N,A,H,A,A,01,E,03,C,,,,Y,C,Y,N,A,1,0,0,0,22350.0,2,37.96230934,-121.71395907,4
2011,2011-09-16,733,9,3,7,5,N,A,N,A,H,A,-,- ,W,08,C,,,,,C,Y,N,D,1,0,0,0,22107.0,2,37.95209968,-121.71563828,3
2011,2011-09-12,1545,9,3,15,1,N,A,N,A,H,A,L,04,E,08,C,,Y,,,G,N,N,D,1,0,1,0,22107.0,2,37.93982491,-121.72126708,3
2011,2011-09-05,2242,9,3,22,1,Y,A,N,A,H,C,A,01,,12,D,,,,,C,Y,N,A,2,0,0,0,21453.0,2,37.92522156,-121.73332214,4
2011,2011-09-30,1613,9,3,16,5,Y,A,N,A,H,A,A,01,,09,D,,,,,C,N,N,D,1,0,0,0,21801.0,2,37.95827,-122.34071,4
2011,2011-10-26,1200,10,3,12,3,N,A,Y,A,H,A,A,01,E,03,C,,,,,C,Y,N,D,2,0,0,0,22350.0,3,37.99644039,-122.11403907,4
2011,2011-10-18,1430,10,3,14,2,N,A,Y,A,H,A,A,01,W,08,B,,,,,C,N,N,D,2,0,0,0,22107.0,2,38.01830559,-121.89398798,4
2011,2011-10-16,13,10,3,0,7,N,A,Y,A,H,D,A,01,E,07,B,,,,,C,Y,N,D,2,0,0,0,21658.0,2,37.89779016,-122.0848887,4
2011,2011-10-18,150,10,3,1,2,N,A,Y,A,H,D,A,01,W,01,B,,,,,C,Y,N,D,3,0,0,0,23152.0,2,37.89639969,-122.07889646,4
2011,2011-10-16,1609,10,3,16,7,N,A,Y,A,C,A,A,01,W,07,C,,,,,C,Y,N,D,1,0,0,0,21658.0,3,38.00827638,-122.2758042,4
2011,2011-10-24,1550,10,3,15,1,N,A,Y,A,H,A,A,01,S,03,C,,,,,C,N,N,D,1,0,0,0,22350.0,2,37.97447647,-122.06285672,4
2011,2011-10-20,1742,10,3,17,4,N,A,Y,A,H,A,A,07,S,07,B,,,Y,,C,N,N,D,1,0,0,1,21658.0,3,37.94232827,-122.05963678,4
2011,2011-10-18,1,10,3,0,2,N,A,Y,A,D,D,A,01,W,01,C,,,,,C,Y,N,D,1,0,0,0,23152.0,2,38.00643508,-121.8472377,4
2011,2011-10-22,1500,10,3,15,6,N,A,Y,A,H,A,A,01,W,03,C,,,,,C,N,N,D,1,0,0,0,22350.0,2,37.99823217,-121.81632672,4
2011,2011-10-18,750,10,3,7,2,N,A,Y,A,H,A,C,02,S,03,C,,,Y,,C,Y,N,D,1,0,0,1,22350.0,2,38.02355971,-122.10774053,2
2011,2011-10-03,1607,10,3,16,1,N,B,Y,B,H,A,A,07,N,03,E,,,,,I,Y,N,D,4,0,0,0,22350.0,1,37.89653824,-122.0738632,3
2011,2011-10-31,1645,10,3,16,1,N,A,Y,A,H,A,A,01,W,03,C,,,,,C,N,N,D,1,0,0,0,22350.0,2,38.01876137,-121.89635834,4
2011,2011-10-26,805,10,3,8,3,N,A,N,A,H,A,N,60,E,11,G,Y,,,,B,N,N,D,1,1,0,0,21954.0,2,37.95771544,-122.35130333,4
2011,2011-10-30,1313,10,3,13,7,N,A,N,A,H,A,N,60,E,11,G,Y,,,,B,N,N,D,1,1,0,0,21950.0,2,37.97082439,-122.34757256,2
2011,2011-10-26,1555,10,3,15,3,N,A,Y,A,H,A,A,01,S,08,E,,,,,I,Y,N,D,1,0,0,0,22107.0,2,37.83562569,-122.0100323,3
2011,2011-10-18,520,10,3,5,2,N,A,Y,A,D,D,C,02,S,07,F,,,Y,,A,Y,N,D,1,0,0,1,21658.0,1,37.85107253,-122.02895378,2
2011,2011-10-23,635,10,3,6,7,N,A,Y,A,H,A,-,99,W,03,C,,,,,C,N,M,D,1,0,0,0,22350.0,2,38.0094169,-122.02277406,4
2011,2011-11-02,1638,11,3,16,3,N,A,N,A,H,A,L,04,S,22,D,,Y,,,G,N,N,D,1,0,1,0,,2,37.95047717,-122.35718481,3
2011,2011-05-12,905,5,1,9,4,N,B,Y,A,H,A,A,07,E,03,C,,,,,C,Y,N,D,1,0,0,0,22350.0,3,37.91459969,-122.31758317,4
2011,2011-08-25,205,8,2,2,4,N,A,Y,A,H,A,A,01,W,07,E,,,,,I,Y,N,D,1,0,0,0,21658.0,1,37.93300501,-122.32613317,4
2011,2011-10-11,821,10,3,8,2,N,B,Y,A,H,A,C,02,N,08,F,,,Y,,A,N,N,D,1,0,0,1,22107.0,1,37.73194765,-121.94658343,3
2011,2011-11-11,2239,11,3,22,5,Y,C,N,B,H,C,A,01,,12,D,,,,,C,Y,N,A,1,0,0,0,21453.0,2,38.00922,-122.26995,4
2011,2011-11-06,2,11,3,0,7,N,B,N,B,H,C,-,- ,S,09,D,,,,,C,N,N,A,1,0,0,0,21804.0,2,37.97539706,-122.06482196,4
2011,2011-07-18,1700,7,2,17,1,N,A,Y,A,H,A,A,01,W,03,C,,,,,C,Y,N,D,1,0,0,0,22350.0,3,37.91607861,-122.31737317,4
2011,2011-10-21,2014,10,3,20,5,N,A,N,A,H,C,D,22,,01,B,,,,,E,Y,N,D,1,0,0,0,23152.0,2,37.92112,-122.32363,4
2011,2011-10-26,1510,10,3,15,3,N,A,N,A,H,A,A,01,N,03,C,,,,,C,Y,N,A,2,0,0,0,22350.0,2,37.94006192,-122.34855317,4
2011,2011-10-31,1,10,3,0,1,N,A,Y,A,H,D,A,01,N,03,C,,,,,C,Y,N,D,2,0,0,0,22350.0,2,37.94841503,-122.05664313,4
2011,2011-11-01,1028,11,3,10,2,N,A,Y,A,H,A,D,22,W,03,C,,,,,C,Y,N,D,1,0,0,0,22350.0,3,37.99738876,-121.79169828,4
2011,2011-11-03,1546,11,3,15,4,N,B,Y,B,H,A,D,22,N,03,A,,,,,C,Y,N,D,1,0,0,0,22350.0,3,37.92584482,-122.06080871,4
2011,2011-11-09,630,11,3,6,3,N,A,Y,A,H,A,D,22,E,03,C,,,,,C,Y,N,D,2,0,0,0,22350.0,2,38.01507143,-121.88049809,4
2011,2011-10-15,1724,10,3,17,6,N,A,Y,A,H,A,D,22,N,01,E,,,,,I,Y,N,D,1,0,0,0,23152.0,1,37.85280428,-122.02910603,2
2011,2011-09-05,1700,9,3,17,1,Y,B,N,A,H,B,D,22,,08,H,,Y,,,G,N,F,A,1,0,1,0,22107.0,2,37.93313,-122.33443,3
2011,2011-10-12,1621,10,3,16,3,N,A,N,A,H,A,I,20,W,03,E,,,,,I,N,N,D,1,0,0,0,22350.0,1,37.93549951,-122.34572202,4
2011,2011-10-13,1315,10,3,13,4,Y,A,N,A,H,A,D,22,,12,D,,,,,C,Y,N,A,1,0,0,0,21453.0,2,37.95403,-122.3737,4
2011,2011-11-11,1504,11,3,15,5,N,C,N,B,H,A,A,01,E,08,B,,,,,C,N,N,D,1,0,0,0,22107.0,2,37.9370397,-122.33720561,4
2011,2011-10-09,1500,10,3,15,7,N,A,Y,A,H,A,-,- ,W,18,H,,,,,C,N,N,D,1,0,0,0,,2,37.97130915,-122.32003603,4
2011,2011-10-12,648,10,3,6,3,N,A,N,A,C,D,D,22,E,03,C,,,,,C,Y,N,D,3,0,0,0,22350.0,2,37.93479969,-122.09217647,4
2011,2011-11-04,1711,11,3,17,5,Y,A,N,A,H,A,D,22,,12,D,,,,,D,Y,N,A,1,0,0,0,21453.0,2,37.96862,-122.34539,4
2011,2011-11-01,2019,11,3,20,2,Y,A,N,A,-,C,D,23,,03,D,,,,,C,Y,N,A,1,0,0,0,22350.0,2,37.99569,-121.71052,2
2011,2011-11-03,1436,11,3,14,4,-,B,N,B,H,A,N,60,,11,G,Y,,,,B,N,N,D,1,1,0,0,21956.0,3,37.8750938,-122.1271346,4
2011,2011-11-10,1705,11,3,17,4,N,A,N,A,H,B,A,01,E,01,C,,,,,C,Y,N,-,1,0,0,0,23152.0,3,37.95113822,-122.04646032,4
2011,2011-11-12,1406,11,3,14,6,Y,A,N,A,H,A,D,22,,09,D,,,,,C,Y,N,D,1,0,0,0,21804.0,2,37.99306,-122.03234,4
2011,2011-11-08,2016,11,3,20,2,Y,A,N,-,H,C,-,- ,,00,A,,,,,C,Y,N,A,1,0,0,0,,5,37.96874,-122.03211,4
2011,2011-10-14,1406,10,3,14,5,Y,A,N,A,H,A,-,- ,,03,C,,,,,C,Y,F,A,1,0,0,0,22350.0,2,38.00745,-122.28788,4
2011,2011-10-13,734,10,3,7,4,Y,A,N,A,H,B,A,01,,09,D,,,,,C,Y,N,A,3,0,0,0,21801.0,2,38.00381,-122.30529,3
2011,2011-10-19,1555,10,3,15,3,Y,A,N,A,H,A,A,07,,09,D,,,,,D,Y,N,A,3,0,0,0,21801.0,3,37.94375,-122.31491,4
2011,2011-10-21,1716,10,3,17,5,N,A,Y,A,H,A,D,22,E,07,B,,,,,C,N,N,D,2,0,0,0,21658.0,2,37.99006085,-122.31119965,4
2011,2011-09-30,1402,9,3,14,5,N,A,N,A,H,A,A,01,E,08,D,,,,,C,N,N,D,1,0,0,0,22105.0,2,37.96771501,-122.37340511,4
2011,2011-10-04,1905,10,3,19,2,N,C,Y,B,H,C,A,01,E,01,C,,,,Y,C,Y,N,D,1,0,0,0,23152.0,2,37.91612922,-122.32743124,4
2011,2011-09-13,1616,9,3,16,2,N,A,Y,A,H,A,A,01,E,03,C,,,,,C,Y,N,D,1,0,0,0,22350.0,4,37.90535665,-122.31371672,4
2011,2011-08-22,930,8,2,9,1,N,B,N,A,H,A,D,22,E,21,G,Y,,,,B,N,N,D,1,1,0,0,22106.0,3,37.91618775,-122.31067677,4
2011,2011-10-07,2005,10,3,20,5,N,A,Y,A,H,D,A,01,W,03,C,,,,,C,Y,N,D,1,0,0,0,22350.0,2,37.99217984,-122.30761257,4
2011,2011-06-14,1700,6,2,17,2,N,A,Y,A,H,A,A,08,W,03,C,,,,,C,N,N,A,1,0,0,0,22350.0,2,37.96467501,-122.32501317,4
2011,2011-08-31,1510,8,2,15,3,N,A,N,A,H,A,A,01,E,03,C,,,,,C,N,F,D,1,0,0,0,22350.0,3,37.98683449,-122.31705162,4
2011,2011-08-20,130,8,2,1,6,N,A,Y,A,H,C,A,01,E,07,B,,,,,C,Y,N,D,1,0,0,0,21658.0,2,37.91360257,-122.31742528,4
2011,2011-09-10,1245,9,3,12,6,N,A,Y,A,H,A,D,22,E,03,C,,,,,C,N,N,D,1,0,0,0,22350.0,2,37.903625,-122.31284316,4
2011,2011-09-06,615,9,3,6,2,N,B,Y,A,H,B,D,22,E,07,C,,,,,C,Y,N,D,4,0,0,0,21658.0,2,37.97047971,-122.32045868,4
2011,2011-09-22,615,9,3,6,4,N,A,Y,A,H,B,A,01,W,03,C,,,,,C,N,N,D,2,0,0,0,22350.0,2,37.96704629,-122.32187908,4
2011,2011-06-28,1212,6,2,12,2,N,B,Y,B,H,A,D,22,E,08,F,,,,,A,Y,N,D,1,0,0,0,22107.0,1,37.92194102,-122.34835426,4
2011,2011-11-21,1841,11,3,18,1,N,A,N,A,H,C,D,22,W,09,G,,Y,,,G,N,N,A,1,0,1,0,21804.0,2,38.00793752,-121.89154029,3
2011,2011-11-09,806,11,3,8,3,Y,A,N,A,H,A,A,01,,08,B,,,,,C,Y,N,A,1,0,0,0,22100.0,2,37.97729,-122.02995,4
2011,2011-11-19,2112,11,3,21,6,N,C,N,B,H,C,D,22,W,01,C,,,,,C,Y,N,A,3,0,0,0,23152.0,2,37.95461953,-122.04148948,4
2011,2011-11-17,2204,11,3,22,4,Y,A,N,A,H,C,A,01,,09,A,,,,,C,Y,N,D,3,0,0,0,21802.0,2,37.9457,-122.01466,4
2011,2011-08-14,1055,8,2,10,7,Y,A,N,A,H,A,-,- ,,10,G,Y,,,,B,N,N,A,1,1,0,0,21950.0,2,37.83404,-122.12755,4
2011,2011-07-03,2045,7,2,20,7,N,A,N,A,H,B,-,,S,08,A,,,,,C,Y,N,D,2,0,0,0,22107.0,2,37.87153667,-122.12375922,3
2011,2011-09-01,826,9,3,8,4,N,A,Y,A,H,A,A,07,W,03,C,,,,,C,Y,N,D,1,0,0,0,22350.0,2,37.90243979,-122.31609101,4
2011,2011-09-10,1413,9,3,14,6,Y,A,N,A,H,A,-,- ,,09,D,,,,,C,Y,N,D,1,0,0,0,21804.0,2,37.82761,-122.13157,4
2011,2011-11-06,1044,11,3,10,7,N,A,N,A,H,A,A,01,N,08,C,,,,Y,E,Y,N,D,1,0,0,0,22107.0,2,37.94701307,-122.3204881,3
2011,2011-11-16,755,11,3,7,3,N,A,Y,A,H,A,G,27,E,03,C,,,,Y,C,N,N,D,2,0,0,0,22350.0,3,37.94130224,-122.32423675,4
2011,2011-11-20,847,11,3,8,7,N,B,Y,A,H,A,A,01,N,01,C,,,,Y,C,Y,N,D,1,0,0,0,23152.0,2,37.73267636,-121.94750731,2
2011,2011-11-11,1520,11,3,15,5,N,B,Y,A,H,A,D,22,S,03,C,,,,,C,Y,N,D,1,0,0,0,22350.0,3,37.80932238,-121.99190137,4
2011,2011-10-11,1235,10,3,12,2,N,A,N,A,H,A,A,01,,03,E,,,,,I,N,N,D,1,0,0,0,22350.0,1,37.97318,-121.78408,4
2011,2011-10-05,1426,10,3,14,3,N,C,N,B,H,A,A,01,S,22,E,,,,,I,Y,N,D,2,0,0,0,,1,38.01144316,-121.79681505,3
2011,2011-10-30,1059,10,3,10,7,N,A,N,A,H,A,A,01,,08,D,,,,,D,N,N,D,1,0,0,0,22107.0,2,37.98105,-121.80545,3
2011,2011-10-18,1337,10,3,13,2,Y,A,Y,A,H,A,A,01,,09,D,,,,,C,N,N,A,2,0,0,0,21453.0,2,38.00509967,-121.75094006,4
2011,2011-10-02,1650,10,3,16,7,N,A,N,A,H,A,-,- ,N,- ,E,,Y,,,I,N,N,D,1,0,1,0,,1,37.85753751,-122.03957409,3
2011,2011-10-10,2230,10,3,22,1,Y,B,N,B,H,D,-,- ,,08,G,Y,,,,B,N,F,A,1,1,0,0,22107.0,2,38.034,-121.96907,3
2011,2011-10-01,1600,10,3,16,6,N,A,N,A,H,A,A,01,W,08,D,,Y,,,G,N,N,D,1,0,1,0,22107.0,2,37.91284189,-122.30975211,2
2011,2011-10-06,1955,10,3,19,4,N,A,N,A,H,C,A,01,W,03,C,,,,,C,Y,N,D,1,0,0,0,22350.0,2,37.93159948,-121.69718301,4
2011,2011-10-09,1915,10,3,19,7,N,A,N,A,H,C,-,- ,E,09,D,,,Y,,C,N,F,D,1,0,0,1,21801.0,2,38.02675504,-121.94186949,3
2011,2011-10-18,655,10,3,6,2,N,A,Y,A,D,A,C,02,E,03,F,,,Y,,A,Y,N,D,1,0,0,1,22350.0,2,38.0022481,-121.83138331,3
2011,2011-10-18,1015,10,3,10,2,N,A,Y,A,H,A,A,01,S,03,C,,,,,C,Y,N,D,2,0,0,0,22350.0,2,37.86091502,-122.03283312,4
2011,2011-10-15,1255,10,3,12,6,N,A,N,A,H,A,L,04,W,03,F,,Y,,,A,N,N,D,1,0,1,0,22350.0,1,37.89829773,-122.22290212,2
2011,2011-10-05,930,10,3,9,3,Y,C,Y,B,H,A,A,01,,03,E,,,,,I,Y,N,D,1,0,0,0,22350.0,1,37.86139763,-122.20933891,4
2011,2011-10-09,620,10,3,6,7,N,A,N,A,H,B,A,01,E,08,E,,,,,I,Y,N,D,1,0,0,0,22107.0,1,37.98981107,-121.6683081,3