ACCIDENT_YEAR,COLLISION_DATE,COLLISION_TIME,MONTH,SEASON,24HOURS,DAY_OF_WEEK,INTERSECTION,WEATHER_1,STATE_HWY_IND,ROAD_SURFACE,ROAD_COND_1,LIGHTING,STWD_VEHTYPE_AT_FAULT,CHP_VEHTYPE_AT_FAULT,DIRECTION,PCF_VIOL_CATEGORY,TYPE_OF_COLLISION,PEDESTRIAN_ACCIDENT,BICYCLE_ACCIDENT,MOTORCYCLE_ACCIDENT,TRUCK_ACCIDENT,MVIW,TOW_AWAY,HIT_AND_RUN,CONTROL_DEVICE,NUMBER_INJURED,COUNT_PED_INJURED,COUNT_BICYCLIST_INJURED,COUNT_MC_INJURED,PCF_VIOLATION,PARTY_COUNT,POINT_Y,POINT_X,COLLISION_SEVERITY
2012,2012-02-12,1927,2,4,19,7,Y,C,N,B,H,C,-,- ,,17,D,,,,,C,Y,N,A,1,0,0,0,21451.0,2,37.90500497,-122.06584312,4
2012,2012-02-23,1909,2,4,19,4,Y,A,N,A,H,C,A,07,,12,D,,,,,C,Y,N,A,2,0,0,0,21453.0,2,37.7751649,-121.98029309,4
2012,2012-02-24,2136,2,4,21,5,N,A,N,A,H,C,L,04,W,01,F,,Y,,,I,N,N,D,1,0,1,0,21200.0,1,,,3
2012,2012-02-22,1246,2,4,12,3,N,A,N,A,H,A,A,01,E,03,C,,,,,C,Y,N,D,1,0,0,0,22350.0,2,37.77995508,-121.96840059,4
2012,2012-01-20,1225,1,4,12,5,Y,C,N,B,H,A,A,07,,12,D,,,,,C,Y,N,A,2,0,0,0,21453.0,2,37.98695494,-121.78581309,4
2012,2012-01-27,1518,1,4,15,5,Y,A,N,A,H,A,N,60,,11,G,Y,,,,B,N,N,A,1,1,0,0,21456.0,2,38.00488498,-121.80602312,3
2012,2012-02-07,955,2,4,9,2,N,C,Y,B,H,A,A,01,N,03,E,,,,,I,Y,N,D,1,0,0,0,22350.0,1,37.77544502,-121.9745431,4
2012,2012-01-18,1217,1,4,12,3,Y,B,N,A,H,A,A,01,,09,D,,,,,C,Y,N,A,1,0,0,0,21802.0,2,37.92248489,-122.31049318,4
2012,2012-01-26,1030,1,4,10,4,N,B,N,A,H,A,A,01,E,08,C,,,,,E,Y,N,D,1,0,0,0,22107.0,3,37.92980176,-122.30392562,3
2012,2012-02-01,628,2,4,6,3,N,B,N,A,H,A,-,- ,N,00,G,Y,,,,B,N,N,D,1,1,0,0,,2,38.02229206,-121.94181472,2
2012,2012-02-21,1426,2,4,14,2,N,A,Y,A,H,A,A,01,W,12,D,,,,,C,Y,N,A,2,0,0,0,22450.0,2,38.01325503,-122.09090314,4
2012,2012-02-21,750,2,4,7,2,N,A,Y,A,H,A,A,01,E,03,C,,,,,C,Y,N,D,2,0,0,0,22350.0,2,37.88941126,-121.62277816,4
2012,2012-02-28,1820,2,4,18,2,Y,A,Y,A,H,A,A,01,,03,E,,,,,I,N,M,A,1,0,0,0,22350.0,1,38.01912504,-121.93799312,4
2012,2012-02-22,816,2,4,8,3,N,A,Y,A,H,A,A,08,N,07,E,,,,,I,Y,N,D,1,0,0,0,21658.0,2,37.92743409,-122.06032789,3
2012,2012-02-26,2135,2,4,21,7,N,A,Y,A,H,D,A,01,E,01,E,,,,,I,Y,N,D,2,0,0,0,23152.0,1,37.99585904,-121.78427222,3
2012,2012-02-24,2340,2,4,23,5,N,A,Y,A,H,C,A,01,S,01,B,,,,,C,Y,N,B,1,0,0,0,23152.0,2,37.95606409,-122.0530786,3
2012,2012-02-26,337,2,4,3,7,N,A,Y,A,H,C,A,01,E,01,E,,,,,J,Y,N,D,2,0,0,0,23152.0,1,38.00362384,-121.83704183,3
2012,2012-02-16,1507,2,4,15,4,N,A,Y,A,H,A,C,02,E,03,E,,,Y,,I,Y,N,D,1,0,0,1,22350.0,1,38.01878504,-121.94808312,3
2012,2012-01-26,1804,1,4,18,4,N,A,Y,A,H,B,C,02,W,08,F,,,Y,,A,Y,N,D,1,0,0,1,22107.0,1,37.99680505,-121.78975309,4
2012,2012-01-29,1545,1,4,15,7,N,A,Y,A,H,A,C,02,N,01,F,,,Y,,A,Y,N,D,1,0,0,1,23152.0,1,37.96921503,-122.05877313,4
2012,2012-03-09,1738,3,1,17,5,N,A,N,A,H,A,A,07,S,03,C,,,,,C,Y,N,A,1,0,0,0,22350.0,4,37.98328582,-122.01567939,4
2012,2012-03-06,1844,3,1,18,2,N,A,N,A,H,C,A,,W,03,C,,,,,C,Y,N,D,1,0,0,0,22350.0,2,37.98958424,-122.00622497,4
2012,2012-03-05,1335,3,1,13,1,Y,A,N,A,H,A,A,07,,12,A,,,,,C,Y,N,A,2,0,0,0,21453.0,2,37.94295491,-122.02896314,4
2012,2012-03-05,2152,3,1,21,1,Y,A,N,A,H,C,A,01,,09,D,,,,,C,Y,N,A,1,0,0,0,21801.0,2,37.97512489,-122.02753306,4
2012,2012-01-08,1650,1,4,16,7,N,A,Y,A,H,A,A,01,E,08,E,,,,,I,N,N,A,1,0,0,0,22107.0,1,37.92901903,-122.32361432,3
2012,2012-01-15,1534,1,4,15,7,N,A,Y,A,H,A,A,01,E,03,C,,,,,C,N,N,A,2,0,0,0,22350.0,2,37.91444501,-122.31758317,4
2012,2012-01-20,1026,1,4,10,5,N,C,Y,B,H,A,A,01,E,08,E,,,,,I,Y,N,D,1,0,0,0,22107.0,1,37.92236349,-122.35771849,4
2012,2012-02-09,1430,2,4,14,4,N,A,N,A,H,A,A,01,N,09,A,,Y,,,G,N,N,D,1,0,1,0,21801.0,2,37.94311459,-122.31429647,4
2012,2012-01-21,1105,1,4,11,6,N,A,Y,A,H,A,A,01,W,07,B,,,,,C,Y,N,D,2,0,0,0,21658.0,3,37.99176493,-122.30822086,4
2012,2012-02-09,2337,2,4,23,4,N,A,N,A,H,C,A,01,S,01,F,,,,,I,Y,N,D,1,0,0,0,23152.0,1,37.96047401,-122.37376835,4
2012,2012-01-31,1720,1,4,17,2,N,A,Y,A,H,D,A,01,W,03,C,,,,,C,N,N,D,1,0,0,0,22350.0,2,37.92933574,-122.32344597,4
2012,2012-02-06,2325,2,4,23,1,N,C,Y,B,H,C,A,01,E,03,E,,,,,I,Y,N,D,2,0,0,0,22350.0,1,37.9139026,-122.3252935,3
2012,2012-01-22,1654,1,4,16,7,N,C,Y,B,H,C,A,01,W,03,C,,,,,C,N,N,D,1,0,0,0,22350.0,2,37.92167977,-122.35092866,4
2012,2012-02-06,50,2,4,0,1,N,A,Y,A,H,D,A,01,W,08,E,,,,,I,Y,N,D,1,0,0,0,22107.0,1,37.98179828,-122.31675271,4
2012,2012-03-02,2205,3,1,22,5,N,A,N,A,H,D,N,60,W,11,G,Y,,,,B,N,N,D,1,1,0,0,21954.0,2,38.026755,-121.93788043,3
2012,2012-03-14,640,3,1,6,3,N,B,N,B,H,D,A,01,N,10,G,Y,,,,B,N,N,D,1,1,0,0,21950.0,2,37.92786551,-122.05462307,3
2012,2012-03-20,1705,3,1,17,2,N,A,N,A,H,A,A,01,W,03,C,,,,,C,N,N,A,1,0,0,0,22350.0,2,38.01107022,-122.10277048,4
2012,2012-02-23,1300,2,4,13,4,N,A,N,A,H,A,A,01,S,03,E,,,,,J,Y,N,D,1,0,0,0,22350.0,1,37.97278421,-122.12620089,3
2012,2012-03-02,610,3,1,6,5,N,A,Y,A,H,A,A,01,W,08,B,,,,,C,Y,N,D,1,0,0,0,22107.0,2,37.99661543,-121.78867543,4
2012,2012-02-23,2013,2,4,20,4,N,A,N,A,H,C,D,22,E,09,D,,,,,C,Y,N,D,1,0,0,0,21801.0,2,37.89226046,-121.62311465,4
2012,2012-03-08,240,3,1,2,4,N,A,N,A,H,C,D,22,W,08,C,,,,Y,E,Y,N,D,1,0,0,0,22107.0,2,37.99786984,-122.05982387,4
2012,2012-02-24,905,2,4,9,5,N,A,N,A,H,A,D,22,E,07,C,,,,,C,Y,N,D,1,0,0,0,21658.0,2,38.01232084,-122.11606208,4
2012,2012-03-02,755,3,1,7,5,N,A,N,A,H,A,D,22,E,03,C,,,,,C,N,N,D,3,0,0,0,22350.0,2,38.01557834,-121.99729035,4
2012,2012-03-09,1640,3,1,16,5,N,A,N,A,H,A,A,01,N,03,C,,,,,C,N,N,D,1,0,0,0,22350.0,2,37.96708489,-121.92705327,4
2012,2012-03-14,2106,3,1,21,3,N,A,N,A,H,C,D,22,W,01,D,,,,,C,Y,N,A,2,0,0,0,23152.0,2,38.02569034,-121.90387756,4
2012,2012-02-21,1800,2,4,18,2,N,A,Y,A,H,B,A,07,S,03,C,,,,,C,Y,N,D,2,0,0,0,22350.0,2,37.88930434,-122.05782538,4
2012,2012-02-21,735,2,4,7,2,N,A,Y,A,H,A,A,01,W,03,C,,,,,C,Y,N,D,1,0,0,0,22350.0,2,38.0116575,-121.86626422,4
2012,2012-02-11,1158,2,4,11,6,N,B,Y,A,H,A,D,22,E,07,F,,,,,I,Y,N,D,1,0,0,0,21658.0,2,37.89276032,-122.16726284,3
2012,2012-02-17,1735,2,4,17,5,N,A,Y,A,H,A,A,01,S,03,C,,,,,C,Y,N,D,1,0,0,0,22350.0,2,37.86017279,-122.0327349,4
2012,2012-02-15,1915,2,4,19,3,N,A,Y,A,H,C,A,01,N,08,E,,,,,I,Y,N,D,1,0,0,0,22107.0,1,37.83231502,-122.00480311,4
2012,2012-02-13,1312,2,4,13,1,N,B,Y,A,H,A,A,07,W,08,E,,,,,I,Y,N,D,1,0,0,0,22107.0,2,37.86727421,-122.20139147,4
2012,2012-02-03,2315,2,4,23,5,N,A,Y,A,H,D,A,01,S,03,C,,,,,C,Y,N,D,1,0,0,0,22349.0,3,37.99399503,-122.03913313,4
2012,2012-02-18,35,2,4,0,6,N,A,N,A,H,C,A,01,E,01,E,,,,,I,Y,N,D,2,0,0,0,23152.0,2,38.00603872,-121.83273017,4
2012,2012-02-22,1200,2,4,12,3,N,A,N,A,H,A,D,22,S,03,C,,,,,C,N,N,D,1,0,0,0,22350.0,2,37.9412008,-121.69617805,4
2012,2012-03-02,745,3,1,7,5,N,A,Y,A,H,A,A,01,N,03,C,,,,,C,N,N,D,1,0,0,0,22350.0,2,37.86698085,-122.03921373,3
2012,2012-03-15,600,3,1,6,4,N,B,Y,A,D,D,A,07,W,03,C,,,,,C,Y,N,D,1,0,0,0,22350.0,4,38.00512158,-121.84184183,4
2012,2012-02-07,1306,2,4,13,2,N,C,N,B,H,A,N,60,W,11,G,Y,,,,B,N,N,A,1,1,0,0,21955.0,2,37.96178034,-121.76080532,3
2012,2012-02-25,900,2,4,9,6,N,A,N,A,H,A,D,22,N,03,C,,,,,C,Y,N,D,1,0,0,0,22350.0,2,37.89719901,-121.62308911,3
2012,2012-03-05,1250,3,1,12,1,N,A,N,A,H,A,A,01,N,03,D,,,,,C,Y,N,D,1,0,0,0,22350.0,2,,,4
2012,2012-03-09,1520,3,1,15,5,Y,A,N,A,H,A,A,01,,08,E,,,,,I,Y,N,D,2,0,0,0,22107.0,3,37.951992,-122.2706115,3
2012,2012-03-04,1600,3,1,16,7,N,A,Y,A,H,A,A,01,E,03,C,,,,,C,Y,N,D,4,0,0,0,22350.0,2,38.00296483,-121.83465292,4
2012,2012-02-26,738,2,4,7,7,N,A,Y,A,H,A,-,- ,S,18,F,,,,,A,Y,N,D,1,0,0,0,,1,37.94441345,-122.05843921,3
2012,2012-03-12,1305,3,1,13,1,N,A,Y,A,H,A,A,01,N,07,D,,,,Y,C,Y,N,D,3,0,0,0,21658.0,3,37.95097945,-122.05550256,4
2012,2012-03-12,1645,3,1,16,1,N,A,Y,A,H,A,A,07,N,03,C,,,,,C,Y,M,D,1,0,0,0,22350.0,6,37.85400502,-122.02928311,4
2012,2012-02-01,844,2,4,8,3,Y,A,N,A,H,A,A,01,,05,C,,,,,C,N,N,D,1,0,0,0,21651.0,2,38.00493491,-121.76911304,4
2011,2011-12-10,1730,12,4,17,6,N,B,N,A,H,C,-,- ,N,03,C,,,,,C,N,F,A,1,0,0,0,22350.0,2,37.94535249,-122.06046265,4
2012,2012-01-29,1810,1,4,18,7,N,A,Y,-,H,C,A,01,E,01,C,,,,,C,Y,N,D,1,0,0,0,23152.0,2,37.99568505,-121.78175309,4
2012,2012-03-16,1458,3,1,14,5,Y,C,N,B,-,A,D,22,,03,C,,,,,C,N,N,D,1,0,0,0,22350.0,2,37.95866493,-121.97591315,4
2012,2012-02-15,1738,2,4,17,3,Y,A,N,A,H,C,-,- ,,03,C,,,,,C,Y,N,D,1,0,0,0,22350.0,2,37.96710492,-122.06278305,4
2012,2012-02-15,759,2,4,7,3,N,A,N,A,H,A,-,- ,W,03,C,,,,,C,Y,N,D,1,0,0,0,22350.0,2,37.93316088,-122.06469054,4
2012,2012-02-17,1933,2,4,19,5,N,A,N,A,H,C,A,01,N,- ,G,Y,,,,B,N,N,D,1,1,0,0,,2,37.91451229,-122.30542798,3
2012,2012-03-07,825,3,1,8,3,Y,A,N,A,H,A,-,99,,03,C,,,,,C,N,F,D,1,0,0,0,22350.0,2,37.93677492,-122.04934313,4
2011,2011-07-11,1856,7,2,18,1,N,A,N,A,H,A,-,- ,W,18,H,,Y,,,G,Y,N,A,1,0,1,0,,1,37.98315505,-121.77051149,2
2011,2011-11-23,1112,11,3,11,3,Y,A,N,A,H,A,-,- ,,12,D,,,,,C,Y,N,A,2,0,0,0,21453.0,2,37.973547,-121.729698,4
2011,2011-11-24,2321,11,3,23,4,Y,A,N,A,H,C,A,01,,01,F,,,,,C,Y,N,A,1,0,0,0,23152.0,4,37.98323,-121.73237,4
2012,2012-03-12,1133,3,1,11,1,N,A,N,A,H,A,A,08,N,03,C,,,,,C,Y,N,A,1,0,0,0,22350.0,2,37.87922239,-122.07527495,4
2012,2012-03-07,1448,3,1,14,3,Y,A,Y,A,H,A,A,01,,12,D,,,,,C,Y,N,A,1,0,0,0,21453.0,2,37.89714394,-122.07961878,4
2012,2012-01-29,1505,1,4,15,7,Y,A,N,A,H,A,A,01,,12,A,,,,,C,Y,F,A,2,0,0,0,21453.0,2,37.930806,-122.3779095,3
2012,2012-02-09,620,2,4,6,4,N,A,N,A,H,C,N,60,W,11,G,Y,,,,B,N,N,D,1,1,0,0,21954.0,2,38.00491501,-121.7981648,3
2012,2012-02-28,933,2,4,9,2,N,B,N,A,H,A,A,01,S,08,A,,,,,I,N,N,D,1,0,0,0,22107.0,1,37.78851468,-121.98199865,3
2012,2012-02-09,1801,2,4,18,4,Y,A,N,A,H,C,A,01,,03,C,,,,,C,Y,N,D,1,0,0,0,22350.0,2,37.97435491,-121.695973,4
2012,2012-02-14,1645,2,4,16,2,Y,A,N,A,H,A,A,01,,03,C,,,,,C,Y,N,D,1,0,0,0,22350.0,2,37.971325,-121.69597301,4
2012,2012-02-07,1510,2,4,15,2,-,A,N,B,C,A,-,- ,W,03,G,Y,,,,B,N,F,D,1,1,0,0,22350.0,2,37.96891496,-121.71404311,4
2012,2012-02-10,1659,2,4,16,5,Y,C,N,B,H,B,A,07,,12,D,,Y,,,G,N,N,A,1,0,1,0,21453.0,2,37.8179688,-121.99660063,4
2012,2012-02-25,1405,2,4,14,6,Y,A,N,A,H,A,-,- ,,00,D,,Y,,,G,N,N,A,1,0,1,0,,2,37.97907495,-122.05906304,4
2012,2012-02-27,1512,2,4,15,1,N,A,N,A,H,A,A,08,S,21,C,,,,,C,N,N,A,2,0,0,0,22106.0,2,37.9705699,-122.04627728,4
2012,2012-02-27,1609,2,4,16,1,N,A,N,A,H,A,A,01,S,17,D,,,,,C,Y,N,A,2,0,0,0,21461.0,2,37.97748697,-122.06092258,3
2012,2012-02-28,1744,2,4,17,2,N,B,N,A,H,B,A,01,W,09,B,,,,,C,N,N,D,1,0,0,0,21804.0,3,37.98233182,-122.0342679,3
2012,2012-02-09,1425,2,4,14,4,N,A,N,A,H,A,A,07,E,01,C,,,,,C,N,N,D,2,0,0,0,23152.0,3,37.98856794,-122.00352823,4
2012,2012-02-24,1600,2,4,16,5,Y,A,N,A,H,A,A,01,,12,D,,,,,C,Y,N,A,7,0,0,0,21453.0,2,37.93455491,-122.03322315,4
2012,2012-02-20,901,2,4,9,1,Y,B,N,A,H,A,-,- ,,12,D,,,,,C,Y,M,A,1,0,0,0,22450.0,2,37.95772494,-122.3513432,4
2012,2012-02-27,813,2,4,8,1,Y,A,N,A,H,A,A,01,,03,-,,,,,C,N,M,D,1,0,0,0,22350.0,2,37.95983489,-122.33907319,4
2012,2012-02-07,1101,2,4,11,2,Y,C,N,B,H,A,A,01,,03,A,,,,,C,Y,N,D,3,0,0,0,22350.0,2,37.93309495,-121.777973,2
2012,2012-02-03,1117,2,4,11,5,N,A,N,A,G,A,A,01,N,21,G,Y,,,,B,N,F,A,1,1,0,0,22106.0,2,38.00196887,-121.79381457,3
2012,2012-02-25,1312,2,4,13,6,N,A,N,A,H,A,A,01,S,08,B,,,,,C,N,N,D,1,0,0,0,22107.0,2,38.00384867,-121.82233543,4
2012,2012-02-21,1434,2,4,14,2,Y,A,N,A,H,A,A,01,,12,D,,,,,C,N,N,A,2,0,0,0,22450.0,2,38.01547491,-121.8196931,4
2012,2012-03-16,535,3,1,5,5,N,C,Y,B,H,D,A,01,N,08,C,,,,,C,Y,N,D,1,0,0,0,22107.0,2,37.9855714,-122.04119137,4
2012,2012-03-06,1705,3,1,17,2,N,A,N,A,H,A,-,- ,E,03,D,,,,,C,Y,N,A,1,0,0,0,22350.0,2,37.95843736,-122.06081616,3
2012,2012-03-05,1431,3,1,14,1,N,A,N,A,H,A,-,- ,S,09,D,,,,,C,N,N,D,1,0,0,0,21801.0,2,37.9656458,-122.07528426,4
2012,2012-03-16,800,3,1,8,5,N,C,N,B,H,A,-,- ,S,09,D,,,,,C,Y,N,A,1,0,0,0,21801.0,2,37.94345788,-122.06167459,4
2012,2012-03-13,1641,3,1,16,2,Y,B,N,B,H,A,-,- ,,05,A,,,,,C,Y,N,D,2,0,0,0,21460.0,3,37.94796488,-122.07054307,4
2012,2012-03-11,1345,3,1,13,7,N,B,Y,A,H,A,-,- ,S,18,E,,,,,I,Y,N,D,2,0,0,0,,1,37.96741805,-122.04843297,4
2012,2012-03-05,1635,3,1,16,1,N,A,Y,A,H,A,A,07,N,09,F,,,Y,,A,N,N,D,1,0,0,1,21802.0,2,37.88943289,-121.62353285,4
2012,2012-03-14,715,3,1,7,3,N,C,Y,A,H,A,A,07,N,03,C,,,,,C,N,N,D,3,0,0,0,22350.0,2,37.9249973,-122.06093427,4
2012,2012-03-05,1621,3,1,16,1,N,A,Y,A,H,A,A,01,W,08,F,,,,,I,Y,N,D,1,0,0,0,22107.0,1,37.88942842,-121.629014,3
2012,2012-03-14,1205,3,1,12,3,Y,B,N,B,H,-,A,07,,10,G,Y,,,,B,N,N,A,1,1,0,0,21950.0,2,37.77127495,-121.94619306,4
2012,2012-03-18,1600,3,1,16,7,N,A,Y,A,H,A,A,01,N,03,C,,,,,D,Y,N,D,1,0,0,0,22350.0,2,37.97797389,-122.06483599,4
2012,2012-03-19,2035,3,1,20,1,N,B,Y,A,H,D,A,08,N,07,E,,,,,I,Y,N,D,2,0,0,0,21658.0,2,38.00592492,-122.0831984,4
2012,2012-03-11,350,3,1,3,7,N,A,Y,A,H,D,A,01,E,01,E,,,,,I,Y,N,D,2,0,0,0,23152.0,1,38.01874769,-121.93593974,3
2012,2012-03-16,2158,3,1,21,5,N,B,Y,B,H,D,A,01,W,08,G,Y,,,,B,N,F,D,1,1,0,0,22107.0,2,38.01907504,-121.94431312,2
2012,2012-03-05,1310,3,1,13,1,N,A,Y,A,H,A,A,01,W,07,C,,,,,C,Y,N,D,2,0,0,0,21658.0,3,37.99006796,-122.13260889,4
2012,2012-02-09,1835,2,4,18,4,N,A,Y,A,H,D,D,22,S,01,F,,,,,A,Y,N,D,2,0,0,0,23152.0,1,37.96295438,-122.05442805,4
2012,2012-03-16,2135,3,1,21,5,N,C,Y,B,H,C,A,01,W,03,D,,,,Y,C,Y,N,D,1,0,0,0,22350.0,2,38.00862999,-122.02823057,3
2012,2012-03-15,215,3,1,2,4,N,B,Y,A,H,D,A,07,N,03,C,,,,,E,Y,N,D,1,0,0,0,22350.0,3,38.00199284,-122.03769616,3
2012,2012-03-10,945,3,1,9,6,N,A,N,A,H,A,-,- ,S,03,C,,,,,C,Y,N,A,1,0,0,0,22350.0,2,38.01542459,-121.93635643,4
2012,2012-03-11,1941,3,1,19,7,N,A,N,A,H,C,L,04,E,14,B,,Y,,,G,N,N,A,1,0,1,0,21201.0,2,38.00349201,-121.85784908,3
2012,2012-03-06,1324,3,1,13,2,N,A,N,A,H,A,A,01,S,10,G,Y,,,,B,N,N,A,1,1,0,0,21950.0,2,38.00836048,-121.86604165,4
2012,2012-03-07,1715,3,1,17,3,Y,A,N,A,H,A,-,- ,,09,D,,,,,C,Y,N,D,5,0,0,0,21801.0,2,37.94210492,-122.3547031,3
2012,2012-03-11,645,3,1,6,7,N,B,Y,A,H,B,A,01,W,01,F,,,,,A,Y,N,D,1,0,0,0,23152.0,1,37.99272985,-122.10254882,4
2012,2012-03-06,1455,3,1,14,2,N,A,Y,A,H,A,A,01,E,03,C,,,,,C,Y,N,D,3,0,0,0,22350.0,3,37.99415862,-122.29594097,4
2012,2012-03-04,1800,3,1,18,7,N,A,Y,A,H,A,A,01,W,03,C,,,,,C,Y,N,D,1,0,0,0,22350.0,2,38.02303156,-121.96712141,4
2012,2012-03-05,1620,3,1,16,1,N,A,Y,A,H,A,A,01,W,03,F,,,,,A,Y,N,D,1,0,0,0,22350.0,1,37.99531146,-122.10987088,4
2012,2012-01-20,650,1,4,6,5,N,C,Y,A,H,C,A,01,W,03,E,,,,,I,,N,D,1,0,0,0,22350.0,1,37.99137503,-122.12661314,3
2011,2011-09-28,815,9,3,8,3,N,A,N,A,H,A,D,22,W,03,C,,,,,C,Y,F,A,1,0,0,0,22350.0,2,37.96333235,-122.37380083,4
2011,2011-12-06,1112,12,4,11,2,N,A,Y,A,H,A,D,22,W,08,E,,,,,I,Y,N,D,1,0,0,0,22107.0,1,37.94138868,-122.32420455,3
2011,2011-12-17,1440,12,4,14,6,N,A,Y,A,H,A,A,01,E,03,C,,,,,C,Y,N,D,1,0,0,0,22350.0,2,37.94313501,-122.32372317,4
2011,2011-12-27,1829,12,4,18,2,N,A,Y,A,H,C,D,22,E,03,C,,,,,C,N,N,D,4,0,0,0,22350.0,3,37.95793501,-122.33060317,4
2012,2012-02-14,810,2,4,8,2,N,A,N,A,H,A,D,22,N,21,B,,,,,C,N,N,D,1,0,0,0,22106.0,2,37.95660449,-122.36789323,4
2012,2012-02-15,944,2,4,9,3,N,A,Y,A,H,A,D,22,E,03,C,,,,,C,N,N,D,1,0,0,0,22350.0,2,37.90188141,-122.31164143,4
2012,2012-01-26,1705,1,4,17,4,N,A,N,A,H,B,A,07,S,03,C,,,,,C,Y,N,A,2,0,0,0,22350.0,2,37.96297522,-122.37379981,4
2012,2012-02-02,740,2,4,7,4,N,A,Y,A,H,A,D,22,E,03,C,,,,,C,N,N,D,1,0,0,0,22350.0,3,37.90110938,-122.31109739,4
2012,2012-02-02,932,2,4,9,4,N,A,Y,A,H,A,D,22,E,03,C,,,,,C,Y,N,D,1,0,0,0,22350.0,3,37.93019851,-122.32437962,4
2012,2012-02-03,1445,2,4,14,5,N,A,N,A,H,A,A,01,S,03,C,,,,,C,Y,N,A,1,0,0,0,22350.0,2,37.99160324,-122.33190984,4
2012,2012-02-18,1909,2,4,19,6,Y,B,N,A,H,C,A,01,,09,D,,,,,C,Y,N,A,2,0,0,0,21801.0,2,37.92537485,-122.33431317,2
2012,2012-02-15,840,2,4,8,3,Y,A,N,A,H,A,A,07,,09,D,,,,,C,Y,N,D,1,0,0,0,21802.0,2,,,4
2012,2012-02-18,1829,2,4,18,6,Y,A,N,A,H,C,A,01,,08,D,,,,,C,Y,N,D,3,0,0,0,22107.0,2,37.92664491,-122.36010321,3
2012,2012-02-26,743,2,4,7,7,N,A,N,A,H,A,A,01,E,03,B,,,,,D,Y,N,D,2,0,0,0,22350.0,2,37.97648893,-122.32657126,3
2012,2012-02-23,1506,2,4,15,4,Y,A,N,A,H,A,A,01,,09,C,,,,,I,Y,N,A,1,0,0,0,21802.0,2,37.93761492,-122.34149314,4
2012,2012-02-22,1554,2,4,15,3,Y,A,N,A,H,A,A,01,,08,B,,,,,C,N,N,A,1,0,0,0,22100.0,2,37.93863491,-122.37136322,4
2012,2012-02-22,2130,2,4,21,3,Y,A,N,A,H,C,A,01,,17,D,,Y,,,G,N,F,A,1,0,1,0,21461.0,2,37.92401494,-122.35404309,3
2012,2012-03-03,1638,3,1,16,6,Y,A,N,A,H,A,-,- ,,05,B,,,,,C,N,N,D,1,0,0,0,21650.0,2,37.92952496,-122.34203315,3
2012,2012-03-04,1014,3,1,10,7,Y,A,N,A,H,A,A,01,,12,D,,,,,C,Y,N,A,1,0,0,0,21453.0,4,38.00097491,-122.13185318,4
2012,2012-02-23,802,2,4,8,4,Y,A,N,A,H,A,A,01,,10,H,,Y,,,G,N,N,A,1,0,1,0,21950.0,2,38.0141049,-122.12567307,4
2012,2012-02-24,1638,2,4,16,5,-,A,N,A,H,A,L,04,,05,H,,Y,,,A,N,N,D,1,0,1,0,21650.0,2,37.98282389,-122.32247472,3
2012,2012-03-13,1010,3,1,10,2,Y,C,N,B,H,A,A,01,,12,D,,,,,C,N,N,A,1,0,0,0,21453.0,2,37.93249485,-122.36005309,4
2012,2012-03-08,1110,3,1,11,4,N,A,N,A,H,A,L,04,W,05,D,,Y,,,G,N,F,D,1,0,1,0,21650.0,2,37.937871,-122.326281,3
2012,2012-03-11,1836,3,1,18,7,N,A,N,A,H,A,-,- ,W,10,G,Y,,,,B,N,N,D,1,1,0,0,21950.0,2,37.97819133,-122.32890223,3
2012,2012-03-15,436,3,1,4,4,Y,C,N,B,H,E,-,- ,,09,B,,,,,C,,N,B,1,0,0,0,21800.0,2,37.99104496,-122.33643321,4
2012,2012-03-14,1800,3,1,18,3,-,C,N,B,H,A,D,22,,03,G,Y,,,,B,Y,N,A,2,1,0,0,22350.0,4,37.9472549,-122.3307631,2
2012,2012-03-14,1851,3,1,18,3,N,C,N,B,H,C,D,22,S,01,D,,,,,C,,N,D,1,0,0,0,23152.0,5,37.93830134,-122.36474323,4
2012,2012-03-06,1206,3,1,12,2,Y,A,N,A,H,A,-,- ,,12,D,,,,,C,Y,N,A,3,0,0,0,21453.0,2,37.89635489,-122.09586318,4
2012,2012-03-02,1125,3,1,11,5,Y,A,N,A,H,A,-,- ,,08,B,,Y,,,G,N,N,A,1,0,1,0,22107.0,2,37.8921549,-122.20320311,3
2012,2012-03-05,1416,3,1,14,1,N,A,N,A,H,A,-,- ,W,08,A,,,,,I,Y,N,D,1,0,0,0,22107.0,1,37.81166629,-121.97767242,4
2012,2012-02-06,940,2,4,9,1,N,B,Y,A,H,A,G,25,W,07,E,,,,Y,I,Y,F,D,1,0,0,0,21658.0,3,37.9544295,-122.3291024,3
2012,2012-02-01,1315,2,4,13,3,N,A,Y,A,H,A,-,- ,E,07,B,,,,,C,Y,N,D,1,0,0,0,21658.0,2,37.99061493,-122.3106708,4
2012,2012-01-06,1805,1,4,18,5,N,A,Y,A,H,C,A,08,W,08,B,,,,,C,Y,N,D,1,0,0,0,22107.0,4,37.94179501,-122.32405317,4
2012,2012-02-25,2225,2,4,22,6,Y,A,N,A,H,C,A,01,,08,C,,,,,C,Y,N,D,1,0,0,0,22107.0,2,38.00390496,-122.11482305,4
2012,2012-03-08,1857,3,1,18,4,Y,A,N,A,H,C,A,01,,17,D,,,,,C,Y,N,A,1,0,0,0,21451.0,2,37.99083494,-122.28521312,4
2012,2012-01-26,1438,1,4,14,4,Y,B,N,A,H,A,A,01,,09,D,,,,,C,Y,N,D,1,0,0,0,21804.0,2,37.99034499,-121.7887131,3
2012,2012-01-08,1345,1,4,13,7,N,A,N,A,H,A,C,02,S,03,H,,,Y,,A,N,N,A,1,0,0,1,22350.0,1,37.98503286,-121.80594493,4
2012,2012-03-19,300,3,1,3,1,N,A,N,A,H,C,D,22,E,01,E,,,,,I,Y,N,A,1,0,0,0,23152.0,1,38.01755431,-121.88174308,4