ACCIDENT_YEAR,COLLISION_DATE,COLLISION_TIME,MONTH,SEASON,24HOURS,DAY_OF_WEEK,INTERSECTION,WEATHER_1,STATE_HWY_IND,ROAD_SURFACE,ROAD_COND_1,LIGHTING,STWD_VEHTYPE_AT_FAULT,CHP_VEHTYPE_AT_FAULT,DIRECTION,PCF_VIOL_CATEGORY,TYPE_OF_COLLISION,PEDESTRIAN_ACCIDENT,BICYCLE_ACCIDENT,MOTORCYCLE_ACCIDENT,TRUCK_ACCIDENT,MVIW,TOW_AWAY,HIT_AND_RUN,CONTROL_DEVICE,NUMBER_INJURED,COUNT_PED_INJURED,COUNT_BICYCLIST_INJURED,COUNT_MC_INJURED,PCF_VIOLATION,PARTY_COUNT,POINT_Y,POINT_X,COLLISION_SEVERITY
2012,2012-03-23,622,3,1,6,5,N,B,N,A,H,C,D,22,E,08,B,,,,,E,Y,N,D,1,0,0,0,22107.0,3,38.01684464,-121.88675562,4
2012,2012-02-23,1852,2,4,18,4,N,A,N,A,H,C,N,60,N,11,G,Y,,,,B,N,N,A,1,1,0,0,21950.0,2,37.72706494,-121.93042313,3
2011,2011-08-07,1930,8,2,19,7,N,A,Y,A,H,B,A,01,E,03,C,,,,,C,N,M,D,1,0,0,0,22350.0,2,37.9156768,-122.31756343,4
2011,2011-12-14,1545,12,4,15,3,N,A,Y,A,H,A,A,01,E,04,C,,,,,C,N,M,D,1,0,0,0,21703.0,3,37.94010281,-122.32458172,4
2011,2011-12-07,1950,12,4,19,3,N,A,N,A,H,C,A,01,E,01,B,,,,,E,Y,N,D,1,0,0,0,23152.0,2,37.96534869,-122.334924,4
2011,2011-12-31,1726,12,4,17,6,N,A,Y,A,H,D,A,01,W,07,C,,,,,C,Y,N,D,1,0,0,0,21658.0,3,37.9709613,-122.32015413,3
2011,2011-12-27,830,12,4,8,2,N,A,N,A,H,A,L,04,S,03,F,,Y,,,A,N,N,D,1,0,1,0,22350.0,1,37.96797655,-122.32297317,3
2012,2012-03-23,1938,3,1,19,5,Y,A,N,A,H,C,D,22,,12,D,,,,Y,C,Y,N,A,1,0,0,0,21453.0,2,37.97123494,-122.04238307,4
2012,2012-02-22,736,2,4,7,3,Y,A,N,A,H,A,D,22,,01,D,,,,,C,Y,N,D,2,0,0,0,23152.0,2,37.9450249,-122.01567306,4
2012,2012-03-23,1535,3,1,15,5,N,A,N,A,H,A,A,01,E,03,C,,,,,C,Y,N,A,2,0,0,0,22350.0,3,37.93665272,-122.02913077,4
2012,2012-03-02,1045,3,1,10,5,N,A,N,A,H,A,D,22,S,03,E,,,,,I,Y,N,A,1,0,0,0,22350.0,1,37.77107389,-121.97375153,4
2011,2011-12-09,126,12,4,1,5,N,E,N,A,H,C,A,01,S,01,E,,,,,I,N,N,A,2,0,0,0,23153.0,1,37.81085499,-121.99521109,2
2012,2012-02-26,1146,2,4,11,7,N,A,Y,A,H,A,A,07,E,07,B,,,,,C,Y,N,D,2,0,0,0,21658.0,2,37.99835567,-122.28479934,3
2012,2012-02-23,900,2,4,9,4,N,A,Y,A,H,A,-,99,E,07,F,,,,,A,Y,N,D,1,0,0,0,21658.0,2,38.00005908,-122.28344911,3
2012,2012-02-21,135,2,4,1,2,N,A,Y,A,H,C,A,07,W,08,B,,,,,C,Y,M,A,2,0,0,0,22107.0,2,38.00072231,-121.82580873,4
2012,2012-02-25,1303,2,4,13,6,N,A,Y,A,H,A,A,07,W,03,C,,,,,C,N,N,D,1,0,0,0,22350.0,2,37.99823216,-121.81632672,4
2012,2012-03-12,144,3,1,1,1,N,A,Y,A,H,C,A,01,W,01,E,,,,,I,Y,N,D,1,0,0,0,23152.0,1,38.04242502,-122.24215317,4
2012,2012-03-02,1147,3,1,11,5,N,A,Y,A,H,A,A,01,W,03,C,,,,,C,Y,N,D,2,0,0,0,22350.0,2,38.01189522,-121.86775751,4
2012,2012-03-12,1522,3,1,15,1,N,B,Y,A,H,A,A,01,N,03,C,,,,,C,Y,N,D,2,0,0,0,22350.0,5,37.81721803,-121.99350019,4
2012,2012-02-22,820,2,4,8,3,N,A,Y,A,H,A,A,01,S,03,C,,,,,C,Y,N,D,1,0,0,0,22350.0,2,37.84844136,-122.02795337,4
2012,2012-03-13,1706,3,1,17,2,N,B,Y,B,H,A,C,02,S,03,F,,,Y,,A,Y,N,D,1,0,0,1,22350.0,1,37.79792318,-121.98665177,3
2012,2012-03-01,2227,3,1,22,4,N,A,N,A,H,C,L,04,W,14,C,,Y,,,G,N,F,D,1,0,1,0,21201.0,2,37.97323091,-122.34993863,2
2012,2012-03-14,751,3,1,7,3,N,C,N,B,H,A,L,04,E,05,D,,Y,,,G,N,N,D,1,0,1,0,21650.0,2,37.97789328,-121.9935361,3
2012,2012-03-13,943,3,1,9,2,N,C,N,B,H,A,A,01,E,03,C,,,,,C,Y,N,A,1,0,0,0,22350.0,2,37.93875987,-122.0250117,4
2012,2012-03-12,1521,3,1,15,1,N,A,N,A,H,A,A,01,E,03,C,,,,,C,N,N,A,2,0,0,0,22350.0,2,37.94768549,-121.98893867,4
2012,2012-03-14,1956,3,1,19,3,Y,B,N,B,H,C,-,- ,,12,D,,,,,C,Y,N,A,1,0,0,0,21453.0,2,37.9520649,-121.95753314,4
2012,2012-03-14,2243,3,1,22,3,Y,C,N,B,H,C,-,- ,,00,A,,,Y,,C,N,N,A,1,0,0,1,,2,37.96852488,-122.05263313,4
2012,2012-03-14,1750,3,1,17,3,Y,C,N,B,H,A,A,08,,03,C,,,,,C,N,N,A,3,0,0,0,22350.0,2,37.94806492,-122.05086309,4
2012,2012-03-13,1442,3,1,14,2,N,C,N,B,H,A,A,01,W,03,C,,,,,C,Y,N,A,1,0,0,0,22350.0,3,37.94618624,-121.97042816,4
2012,2012-03-01,2310,3,1,23,4,N,A,N,A,H,D,A,08,S,03,F,,,,,-,Y,N,D,1,0,0,0,22350.0,1,37.97208968,-121.96964279,3
2012,2012-02-18,2338,2,4,23,6,N,A,N,A,H,C,A,01,N,01,E,,,,,I,Y,M,D,1,0,0,0,23152.0,1,37.9953924,-122.30860913,3
2012,2012-02-26,1139,2,4,11,7,N,A,N,A,H,A,D,22,E,08,C,,,,,E,Y,N,D,1,0,0,0,22107.0,2,37.99607022,-122.3062952,3
2012,2012-02-25,1222,2,4,12,6,N,A,N,A,H,A,A,01,E,03,D,,,,,C,Y,N,A,3,0,0,0,22350.0,2,38.01292138,-122.03975442,4
2012,2012-02-28,2250,2,4,22,2,N,C,Y,B,H,C,A,01,E,03,D,,,,,C,Y,N,D,1,0,0,0,22350.0,3,37.86754226,-122.19688827,4
2012,2012-02-01,1327,2,4,13,3,N,A,N,A,H,A,A,01,N,- ,C,,,,,C,N,N,A,2,0,0,0,,2,37.94043439,-121.71438313,4
2012,2012-02-03,1055,2,4,10,5,N,A,Y,A,H,A,A,01,S,- ,C,,,,,C,Y,N,D,1,0,0,0,,3,37.99704701,-121.71070316,4
2012,2012-02-14,819,2,4,8,2,N,A,Y,A,H,A,A,01,S,- ,C,,,,,C,Y,N,D,1,0,0,0,,3,37.99775388,-121.72047569,4
2012,2012-02-15,2116,2,4,21,3,N,A,N,A,H,C,A,01,N,22,H,,,,,I,N,N,D,1,0,0,0,,1,37.93249082,-121.73421488,2
2012,2012-02-24,1145,2,4,11,5,Y,A,N,A,H,A,A,01,,12,D,,,,,C,N,N,A,2,0,0,0,21453.0,2,37.93984499,-121.7236231,4
2012,2012-02-27,1530,2,4,15,1,N,A,N,A,H,A,A,01,W,- ,C,,,,,E,Y,N,D,1,0,0,0,,2,37.9275219,-121.73740776,3
2012,2012-02-29,1353,2,4,13,3,Y,A,N,B,H,A,A,07,,09,D,,,,,C,Y,N,A,2,0,0,0,21802.0,2,37.925217,-121.7507895,4
2012,2012-02-17,1817,2,4,18,5,Y,A,N,A,H,C,A,08,,10,G,Y,,,,B,Y,N,A,0,0,0,0,21950.0,2,37.99780499,-121.71615311,1
2012,2012-03-16,2153,3,1,21,5,N,C,N,B,H,D,A,01,S,03,E,,,,,I,Y,N,D,2,0,0,0,22350.0,1,37.9763335,-121.90737348,1
2012,2012-03-24,1854,3,1,18,6,Y,C,N,B,H,A,A,07,,01,E,,,,,I,Y,N,A,1,0,0,0,23152.0,1,37.99974495,-122.32256308,1
2012,2012-04-15,1740,4,1,17,7,N,A,Y,A,H,A,A,01,W,08,E,,,,,I,Y,N,D,0,0,0,0,22107.0,1,37.99359503,-122.10556314,1
2012,2012-04-11,130,4,1,1,3,Y,C,N,B,H,C,L,04,,01,H,,Y,,,G,N,F,A,0,0,0,0,21200.0,4,37.93704492,-122.33724313,1
2012,2012-03-16,1522,3,1,15,5,Y,C,N,B,H,A,A,01,,08,E,,,,,I,Y,N,D,1,0,0,0,22107.0,1,38.00842495,-122.0959032,1
2012,2012-05-02,1357,5,1,13,3,Y,A,N,A,H,A,A,01,,12,D,,,,,D,Y,N,A,1,0,0,0,21453.0,2,37.96169491,-122.06564318,1
2012,2012-02-23,2100,2,4,21,4,Y,A,N,A,H,C,N,60,,11,G,Y,,,,B,Y,N,A,0,0,0,0,21456.0,3,37.99481497,-121.78482311,1
2012,2012-04-28,7,4,1,0,6,Y,A,N,A,H,C,A,01,,09,D,,,,,C,Y,N,A,5,0,0,0,21453.0,2,37.92544496,-121.69614308,1
2012,2012-04-07,931,4,1,9,6,N,A,N,A,H,A,A,07,W,08,H,,Y,,,G,Y,N,D,2,0,1,0,22107.0,4,37.93837213,-122.02574814,1
2012,2012-04-26,1109,4,1,11,4,N,A,N,A,H,A,L,04,S,01,H,,Y,,,G,N,N,D,0,0,0,0,21200.0,2,37.90886344,-122.31682646,1
2012,2012-05-19,1614,5,1,16,6,N,A,N,A,H,A,N,60,N,11,G,Y,,,,B,N,N,-,0,0,0,0,21950.0,2,37.98521818,-122.35664211,1
2012,2012-04-18,1138,4,1,11,3,N,A,Y,A,H,A,A,07,E,01,E,,,,,I,Y,N,D,0,0,0,0,23152.0,1,37.88321337,-122.18045626,1
2012,2012-02-28,1909,2,4,19,2,N,B,N,A,H,C,N,60,E,11,G,Y,,,,B,N,N,D,0,0,0,0,21954.0,2,37.93845496,-122.35105231,1
2012,2012-03-09,2052,3,1,20,5,N,A,N,A,H,C,C,02,E,03,E,,,Y,,I,Y,N,D,0,0,0,0,22350.0,1,37.97520497,-121.75385312,1
2012,2012-03-13,1250,3,1,12,2,N,C,Y,B,H,A,A,08,N,01,E,,,,,I,Y,N,D,0,0,0,0,23152.0,1,37.96928503,-122.05858313,1
2012,2012-02-12,1550,2,4,15,7,N,A,Y,A,H,A,A,01,N,01,E,,,,,I,Y,N,D,0,0,0,0,23152.0,1,37.99769407,-122.03833835,1
2012,2012-01-25,540,1,4,5,3,N,B,Y,A,H,C,A,08,E,07,B,,,,,C,Y,N,D,0,0,0,0,21658.0,2,37.90621994,-122.31453445,1
2012,2012-03-05,1500,3,1,15,1,N,A,Y,A,H,A,A,01,W,08,E,,,,,I,Y,N,D,1,0,0,0,22107.0,1,38.01136579,-122.27262749,4
2012,2012-03-05,628,3,1,6,1,N,B,Y,A,H,A,A,01,E,03,C,,,,,C,Y,N,D,1,0,0,0,22350.0,2,37.99394202,-122.29856513,4
2012,2012-03-01,1125,3,1,11,4,N,B,Y,B,H,A,A,01,W,03,E,,,,,I,Y,N,D,2,0,0,0,22350.0,1,37.86699636,-122.20419658,3
2012,2012-03-13,1641,3,1,16,2,N,B,N,B,H,A,A,01,W,03,A,,,,,C,Y,N,D,1,0,0,0,22350.0,2,37.89432422,-121.79520197,4
2012,2012-03-13,845,3,1,8,2,N,C,N,B,H,A,-,- ,,00,A,,,,,D,Y,N,A,1,0,0,0,,2,37.86168488,-122.03983306,4
2012,2012-03-11,1425,3,1,14,7,N,B,Y,A,H,A,-,- ,,12,D,,,,,C,Y,N,A,1,0,0,0,21453.0,2,37.89646505,-121.64132306,2
2012,2012-03-11,828,3,1,8,7,N,B,N,A,H,D,A,07,W,08,F,,,,,I,Y,N,D,1,0,0,0,22107.0,1,38.05547862,-122.23396733,4
2012,2012-03-09,1830,3,1,18,5,N,A,N,A,H,C,A,01,S,03,C,,,,,C,N,N,D,1,0,0,0,22350.0,2,37.9750545,-122.29919698,4
2012,2012-03-01,110,3,1,1,4,N,A,N,A,H,C,A,01,N,08,E,,,,,I,Y,N,A,1,0,0,0,22107.0,1,37.9865187,-122.30234407,4
2012,2012-03-06,1221,3,1,12,2,N,A,N,A,H,A,-,- ,N,03,C,,,,,C,Y,N,A,1,0,0,0,22350.0,2,38.02209555,-121.88749462,4
2012,2012-03-05,1154,3,1,11,1,N,A,N,A,H,A,A,01,E,10,G,Y,,,,B,N,N,A,1,1,0,0,21950.0,2,38.00818486,-121.89264233,3
2012,2012-03-09,1147,3,1,11,5,N,A,N,A,H,A,A,01,E,08,C,,,,,E,N,N,A,1,0,0,0,22107.0,2,38.00001762,-121.89958876,4
2012,2012-03-08,740,3,1,7,4,N,A,Y,A,H,A,A,01,W,03,C,,,,,C,Y,N,D,1,0,0,0,22350.0,3,37.99319503,-122.07365314,4
2012,2012-03-13,1631,3,1,16,2,N,B,Y,B,H,A,A,01,S,03,E,,,,,I,N,N,D,1,0,0,0,22350.0,1,37.93599503,-122.06007313,4
2012,2012-03-07,940,3,1,9,3,N,A,Y,A,H,A,A,08,N,03,C,,,,,C,Y,N,D,1,0,0,0,22350.0,4,37.88022318,-122.04972408,4
2012,2012-03-05,1552,3,1,15,1,N,A,Y,A,H,A,A,07,W,08,F,,,,,A,Y,N,D,1,0,0,0,22107.0,1,38.00038119,-121.75469207,3
2012,2012-03-14,1600,3,1,16,3,N,C,Y,B,H,A,C,02,E,03,F,,,Y,,A,Y,N,D,1,0,0,1,22350.0,1,37.99725502,-122.28617317,3
2012,2012-03-14,1040,3,1,10,3,N,C,Y,B,H,A,A,01,S,08,B,,,,,C,Y,N,D,2,0,0,0,22107.0,3,37.96378373,-122.05030442,4
2012,2012-03-14,1530,3,1,15,3,N,B,Y,B,H,A,A,01,W,03,B,,,,,C,Y,N,D,2,0,0,0,22350.0,3,38.00266503,-122.03755313,3
2012,2012-03-15,857,3,1,8,4,N,B,N,A,H,A,A,01,E,08,E,,,,,I,N,N,A,1,0,0,0,22107.0,1,38.01227075,-121.78961564,2
2012,2012-03-28,1757,3,1,17,3,N,A,N,A,H,A,A,01,S,08,E,,,,,I,N,N,A,1,0,0,0,22107.0,1,38.01081049,-121.80604055,4
2012,2012-03-09,1530,3,1,15,5,N,A,Y,A,H,A,A,01,S,03,C,,,,,C,Y,N,D,2,0,0,0,22350.0,2,37.80975577,-121.99208524,4
2012,2012-03-01,1810,3,1,18,4,N,A,Y,A,H,B,A,01,W,08,E,,,,,I,Y,N,D,1,0,0,0,22107.0,2,38.05689382,-122.22486195,4
2012,2012-03-28,736,3,1,7,3,N,B,Y,B,H,A,A,01,W,03,C,,,,,C,Y,N,D,1,0,0,0,22350.0,3,37.93308327,-122.41544066,4
2012,2012-04-03,837,4,1,8,2,N,B,N,A,H,A,D,22,N,03,C,,,,,C,N,F,A,2,0,0,0,22350.0,2,38.01378152,-121.89643359,4
2012,2012-04-04,752,4,1,7,3,N,A,N,A,H,A,D,22,E,09,D,,,,,C,Y,N,A,1,0,0,0,21801.0,2,37.99088664,-121.87765807,4
2012,2012-04-04,1224,4,1,12,3,N,A,N,A,H,A,F,26,E,13,D,Y,,,Y,E,,N,A,1,1,0,0,22515.0,3,38.00878452,-121.87622044,4
2012,2012-02-20,1459,2,4,14,1,N,A,N,A,H,A,A,01,E,03,C,,,,,C,N,N,A,1,0,0,0,22350.0,2,38.00049509,-121.82954848,4
2012,2012-02-29,746,2,4,7,3,N,B,N,B,H,A,A,07,N,03,C,,,,,C,N,N,D,1,0,0,0,22350.0,2,37.97360063,-121.96771653,4
2012,2012-02-25,1955,2,4,19,6,N,A,N,A,H,C,A,07,S,01,A,,,,,I,Y,N,D,1,0,0,0,23152.0,1,37.98601071,-121.81786478,3
2012,2012-02-15,1621,2,4,16,3,N,A,N,A,H,A,L,04,S,05,D,,Y,,,G,N,N,D,1,0,1,0,21651.0,2,37.96508627,-121.78089313,4
2012,2012-02-01,2000,2,4,20,3,N,A,N,A,H,C,A,07,W,03,C,,,,,C,N,N,D,1,0,0,0,22350.0,2,37.96062244,-122.00714886,4
2012,2012-02-29,805,2,4,8,3,N,B,N,B,H,A,A,01,W,08,E,,,,,J,Y,N,D,1,0,0,0,22107.0,1,37.88871686,-121.78749004,4
2012,2012-02-28,730,2,4,7,2,N,A,N,A,H,A,A,01,W,03,C,,,,,C,N,N,D,1,0,0,0,22350.0,2,38.02673708,-121.93979519,4
2012,2012-02-15,2105,2,4,21,3,N,A,N,A,H,D,A,01,S,01,B,,,,,C,Y,N,D,2,0,0,0,23152.0,2,38.012454,-121.941828,4
2012,2012-02-21,1750,2,4,17,2,Y,A,N,A,H,A,A,01,,10,G,Y,,,,B,N,N,A,1,1,0,0,21950.0,2,38.02675494,-121.9420431,4
2012,2012-02-13,1436,2,4,14,1,Y,C,N,B,H,A,-,- ,,09,D,,,,,C,N,N,D,1,0,0,0,21801.0,2,37.96367491,-122.06218305,4
2012,2012-02-19,1623,2,4,16,7,Y,A,N,A,H,A,A,01,,08,D,,Y,,,G,N,N,A,1,0,1,0,22107.0,2,37.95168496,-122.06026315,3
2012,2012-02-02,1541,2,4,15,4,N,A,N,A,H,A,A,01,N,03,C,,,,,C,Y,N,D,1,0,0,0,22350.0,2,37.98858126,-122.00494801,4
2012,2012-02-03,1958,2,4,19,5,N,A,N,A,H,C,-,- ,W,01,C,,,,,E,Y,N,D,1,0,0,0,23152.0,2,37.98032005,-122.02892306,4
2012,2012-02-02,1700,2,4,17,4,N,A,Y,A,H,A,A,01,W,03,C,,,,,C,Y,N,A,2,0,0,0,22350.0,3,37.96287503,-122.05439313,4
2012,2012-03-21,1208,3,1,12,3,N,A,N,A,H,A,A,01,N,03,C,,,,,C,Y,N,A,1,0,0,0,22350.0,2,38.00947905,-121.87045881,4
2012,2012-02-09,735,2,4,7,4,Y,A,N,A,H,A,A,01,,09,D,,,,,C,Y,N,A,1,0,0,0,21802.0,2,38.03162497,-121.96050307,4
2012,2012-02-09,751,2,4,7,4,Y,A,N,A,G,A,L,04,,09,G,,Y,,,G,N,N,D,1,0,1,0,21804.0,2,37.927827,-122.0546205,4
2012,2012-02-16,1842,2,4,18,4,N,A,N,A,H,C,A,01,N,10,G,Y,,,,B,N,N,D,1,1,0,0,21950.0,2,38.02400562,-121.94032724,3
2012,2012-02-28,1110,2,4,11,2,N,B,Y,A,H,A,A,01,N,03,C,,,,,C,N,M,D,1,0,0,0,22350.0,2,37.96981278,-122.05927287,4
2012,2012-02-05,125,2,4,1,7,Y,A,N,A,H,D,A,01,,03,E,,,,,I,Y,N,D,3,0,0,0,22350.0,1,37.96876486,-122.30467314,2
2012,2012-03-02,1433,3,1,14,5,Y,A,Y,A,H,A,D,22,,03,C,,,,,C,N,N,A,1,0,0,0,22350.0,2,37.81518502,-121.9932431,4
2012,2012-03-24,818,3,1,8,6,Y,C,N,B,H,A,D,22,,09,A,,,,,C,Y,N,A,2,0,0,0,21801.0,2,37.88573487,-122.11815318,3
2012,2012-03-19,1615,3,1,16,1,N,B,N,A,H,A,-,- ,E,18,H,,,,,A,N,N,D,1,0,0,0,,1,37.76715,-121.91065,4
2012,2012-03-01,808,3,1,8,4,N,B,N,B,H,A,A,07,S,- ,B,,,,,I,N,F,D,1,0,0,0,,5,37.99782068,-121.82233532,3
2012,2012-04-07,1513,4,1,15,6,Y,A,Y,A,H,A,D,22,,12,D,,,,,C,Y,N,A,2,0,0,0,21453.0,3,37.98528503,-122.04125313,4
2012,2012-04-08,1159,4,1,11,7,Y,A,N,A,H,A,A,01,,08,D,,,,,C,Y,N,A,1,0,0,0,22107.0,2,37.97010496,-122.00966305,4
2012,2012-03-06,1154,3,1,11,2,Y,A,N,A,H,A,D,22,,17,H,,Y,,,G,N,F,A,1,0,1,0,21461.0,2,37.96696005,-122.34343976,3
2012,2012-03-29,1436,3,1,14,4,Y,B,N,A,H,A,A,01,,09,D,,,,,C,Y,N,A,1,0,0,0,21801.0,2,37.95534485,-122.3288831,4
2012,2012-04-04,1659,4,1,16,3,Y,A,N,A,H,A,A,01,,09,A,,,,,C,N,N,D,4,0,0,0,21801.0,2,37.98362488,-121.99799315,3
2012,2012-03-20,1228,3,1,12,2,Y,A,N,A,H,A,L,04,,03,H,,Y,,,J,N,N,A,1,0,1,0,22350.0,1,37.94265488,-121.93101302,4
2012,2012-01-04,2338,1,4,23,3,N,A,N,A,H,C,A,01,N,01,E,,,,,I,Y,M,D,1,0,0,0,23152.0,1,37.83153986,-121.97673235,3
2012,2012-02-12,201,2,4,2,7,N,A,N,A,H,C,A,01,N,01,E,,,,,I,Y,N,D,1,0,0,0,23152.0,1,37.97251159,-121.69597313,4
2012,2012-02-27,825,2,4,8,1,Y,A,Y,A,H,A,A,01,,09,D,,,,,C,Y,N,D,3,0,0,0,21801.0,2,37.96331743,-122.32787683,3
2012,2012-01-25,905,1,4,9,3,N,A,N,A,H,A,A,01,N,09,H,,Y,,,G,N,N,A,1,0,1,0,21802.0,2,37.9895983,-122.12957777,3
2012,2012-01-24,2020,1,4,20,2,Y,A,N,A,H,C,A,01,,12,D,,,,,C,Y,N,D,2,0,0,0,22450.0,2,37.99934492,-121.82144306,3
2012,2012-02-09,800,2,4,8,4,N,A,N,A,H,A,-,- ,S,00,B,,,,,C,N,N,D,1,0,0,0,,2,37.90195154,-122.03313231,2
2012,2012-02-09,1841,2,4,18,4,N,A,N,A,H,C,-,- ,W,00,C,,,,,C,N,M,A,1,0,0,0,,3,37.96164501,-121.7370968,4
2012,2012-02-28,1752,2,4,17,2,N,B,N,A,H,D,A,01,N,07,D,,,,,C,N,N,B,4,0,0,0,21658.0,2,37.96119056,-122.34364816,4
2012,2012-03-23,1016,3,1,10,5,N,A,N,A,H,A,D,22,E,01,C,,,,,E,Y,N,A,1,0,0,0,23152.0,2,38.00321307,-122.04639603,4
2012,2012-03-28,1003,3,1,10,3,N,B,N,A,H,A,L,04,W,11,D,,Y,,,G,N,N,A,1,0,1,0,21453.0,2,37.98010849,-122.04960353,4
2012,2012-04-02,939,4,1,9,1,N,A,N,A,H,A,A,08,,03,C,,,,,C,N,N,D,1,0,0,0,22350.0,2,37.9862949,-122.01059303,4
2012,2012-03-24,1934,3,1,19,6,N,C,Y,B,H,D,-,99,W,03,C,,,,,C,Y,F,D,1,0,0,0,22350.0,3,37.89297719,-122.15968299,4
2012,2012-03-23,40,3,1,0,5,N,B,Y,A,H,C,D,22,W,01,C,,,,,C,Y,F,D,2,0,0,0,23152.0,2,37.99696308,-121.79065513,2
2012,2012-03-21,650,3,1,6,3,N,A,Y,A,H,B,A,01,E,03,D,,,,,C,Y,N,D,1,0,0,0,22350.0,2,38.01948154,-121.92433328,4
2012,2012-03-29,1635,3,1,16,4,N,A,N,A,H,A,A,01,W,08,D,,,,,C,Y,N,A,1,0,0,0,22107.0,2,37.99262374,-122.08245114,4
2012,2012-03-21,630,3,1,6,3,N,B,Y,A,H,D,D,22,S,03,C,,,,,C,Y,N,D,3,0,0,0,22350.0,4,37.92318399,-122.06137649,3
2012,2012-03-28,235,3,1,2,3,N,C,N,B,H,D,A,01,W,01,C,,,,Y,E,Y,N,D,4,0,0,0,23152.0,2,37.9984208,-122.0581761,3
2012,2012-01-20,1105,1,4,11,5,N,B,Y,B,H,A,A,07,W,04,D,,,,,C,Y,N,D,1,0,0,0,21703.0,2,37.99230501,-122.30728317,4
2012,2012-02-26,1116,2,4,11,7,N,A,N,A,H,A,L,04,E,05,D,,Y,,,G,N,N,D,1,0,1,0,21650.0,2,37.96350612,-121.98936625,3
2011,2011-02-17,744,2,4,7,4,Y,C,N,B,H,A,-,- ,,09,D,,,,,C,Y,F,A,1,0,0,0,21801.0,1,37.94791,-122.07495,4
2012,2012-03-16,928,3,1,9,5,N,C,N,B,H,A,N,60,N,11,G,Y,,,,J,N,N,D,1,1,0,0,21954.0,2,37.82196959,-122.00031443,4
2012,2012-03-14,837,3,1,8,3,N,C,N,B,H,A,-,- ,E,05,A,,,,,C,Y,N,D,3,0,0,0,21650.0,3,37.86466272,-122.17373449,3
2012,2012-03-24,1016,3,1,10,6,N,B,N,B,H,A,A,01,W,22,G,Y,,,,B,N,N,A,1,1,0,0,,2,37.97697457,-122.0333649,4
2012,2012-03-22,25,3,1,0,4,N,A,N,A,H,D,A,01,N,05,E,,,,,I,Y,N,D,2,0,0,0,21650.0,1,37.86153201,-122.16733558,4
2012,2012-03-21,1633,3,1,16,3,Y,A,N,A,H,A,-,- ,,12,D,,,,,C,N,N,A,1,0,0,0,21453.0,3,37.8130402,-121.9956404,4
2012,2012-03-27,1520,3,1,15,2,Y,B,N,B,H,A,A,01,,05,A,,,,,C,Y,N,D,1,0,0,0,21460.0,2,37.87890493,-122.12502312,2
2012,2012-03-14,1900,3,1,19,3,N,C,N,B,H,B,A,,,03,C,,,,,C,Y,N,-,1,0,0,0,22350.0,2,37.86472678,-122.09998727,4
2012,2012-01-29,1543,1,4,15,7,N,A,N,A,H,A,A,07,N,- ,D,,,,,C,N,N,A,1,0,0,0,,2,38.00571607,-121.83535874,3
2012,2012-01-13,909,1,4,9,5,Y,A,N,A,H,A,A,01,,12,D,,,,,C,N,N,A,2,0,0,0,21453.0,2,37.96651499,-121.76007305,4
2012,2012-01-07,1811,1,4,18,6,N,A,N,A,H,C,N,60,W,- ,G,Y,,,,B,Y,N,D,1,1,0,0,,2,38.0124809,-121.82984054,3
2012,2012-01-25,1141,1,4,11,3,Y,A,N,A,H,A,A,01,,08,A,,,,,C,N,N,D,1,0,0,0,22107.0,2,38.0004649,-121.84459305,4
2012,2012-02-18,1600,2,4,16,6,N,A,N,A,H,A,C,02,S,03,F,,,Y,,A,Y,N,D,1,0,0,1,22350.0,1,37.87949002,-121.86764009,4
2012,2012-02-24,1805,2,4,18,5,N,A,Y,A,H,B,A,01,S,03,C,,,,,C,Y,N,D,1,0,0,0,22350.0,2,37.88345276,-122.0530129,4
2012,2012-03-06,1330,3,1,13,2,N,A,N,A,H,A,A,08,E,03,C,,,,,C,Y,N,A,1,0,0,0,22350.0,3,37.98090638,-122.05326766,3
2012,2012-03-01,1219,3,1,12,4,N,B,N,B,H,A,A,01,W,09,D,,,,,C,Y,N,D,2,0,0,0,21804.0,2,37.96543695,-122.31201611,3
2012,2012-03-01,1232,3,1,12,4,N,B,N,B,H,A,A,01,S,03,E,,,,,I,Y,N,D,1,0,0,0,22350.0,1,37.94654958,-122.26744473,3
2012,2012-03-05,1957,3,1,19,1,Y,A,N,A,H,C,-,- ,,01,A,,,,,C,Y,N,A,2,0,0,0,23152.0,3,37.95168496,-122.06026315,3
2012,2012-03-08,1346,3,1,13,4,N,A,N,A,H,A,-,- ,W,- ,E,,Y,,,-,N,N,D,1,0,1,0,,1,37.9479031,-122.0825466,3
2012,2012-02-22,1400,2,4,14,3,Y,A,N,A,H,A,N,60,,- ,G,Y,,,,B,N,N,A,1,1,0,0,,2,37.95872491,-122.3402932,3
2012,2012-03-06,1522,3,1,15,2,Y,A,N,A,H,A,A,01,,09,D,,,,,C,N,N,A,1,0,0,0,21802.0,2,38.01189493,-121.8196731,4
2012,2012-03-07,748,3,1,7,3,N,G,N,A,H,A,A,01,S,08,A,,,,,C,Y,N,D,3,0,0,0,22107.0,2,38.01176141,-121.80756138,4
2012,2012-03-08,1834,3,1,18,4,N,A,N,A,H,B,C,02,E,03,C,,,Y,,C,N,M,D,1,0,0,1,22350.0,2,38.00307315,-121.84732388,3
2012,2012-03-15,2033,3,1,20,4,Y,A,N,A,H,C,A,01,,09,D,,,,,C,N,N,A,1,0,0,0,21453.0,3,37.961748,-121.7474595,4
2012,2012-02-04,2149,2,4,21,6,N,A,N,A,H,C,A,07,S,01,E,,,,,I,Y,N,D,1,0,0,0,23152.0,1,38.02649033,-121.95127913,3
2012,2012-03-22,1739,3,1,17,4,N,A,N,A,H,A,A,01,W,03,C,,,,,C,N,N,A,1,0,0,0,22350.0,2,37.90817803,-122.05499058,4