ACCIDENT_YEAR,COLLISION_DATE,COLLISION_TIME,MONTH,SEASON,24HOURS,DAY_OF_WEEK,INTERSECTION,WEATHER_1,STATE_HWY_IND,ROAD_SURFACE,ROAD_COND_1,LIGHTING,STWD_VEHTYPE_AT_FAULT,CHP_VEHTYPE_AT_FAULT,DIRECTION,PCF_VIOL_CATEGORY,TYPE_OF_COLLISION,PEDESTRIAN_ACCIDENT,BICYCLE_ACCIDENT,MOTORCYCLE_ACCIDENT,TRUCK_ACCIDENT,MVIW,TOW_AWAY,HIT_AND_RUN,CONTROL_DEVICE,NUMBER_INJURED,COUNT_PED_INJURED,COUNT_BICYCLIST_INJURED,COUNT_MC_INJURED,PCF_VIOLATION,PARTY_COUNT,POINT_Y,POINT_X,COLLISION_SEVERITY
2012,2012-05-03,1214,5,1,12,4,N,B,Y,B,H,A,D,22,W,03,E,,,,,I,Y,N,D,1,0,0,0,22350.0,1,38.00771502,-122.21956316,4
2012,2012-05-07,1123,5,1,11,1,N,A,Y,A,H,A,D,22,E,08,E,,,,,I,Y,N,D,1,0,0,0,22107.0,1,37.86942601,-122.19402002,3
2012,2012-05-14,1721,5,1,17,1,N,A,N,A,G,A,A,01,S,03,C,,,,,C,Y,N,D,4,0,0,0,22350.0,4,38.00195264,-122.00014651,4
2012,2012-02-28,805,2,4,8,2,N,A,Y,A,H,A,A,01,E,03,C,,,,,C,N,N,D,1,0,0,0,22350.0,2,37.96800321,-122.32116564,4
2012,2012-04-02,1734,4,1,17,1,N,A,N,A,H,A,A,07,N,21,C,,,,,C,Y,N,D,2,0,0,0,22106.0,2,37.97339581,-121.78425626,4
2012,2012-04-20,1056,4,1,10,5,N,A,N,A,H,A,A,08,S,03,C,,,,,C,N,N,A,1,0,0,0,22350.0,2,37.9897811,-121.78498608,4
2012,2012-05-11,2129,5,1,21,5,N,A,N,A,H,C,-,99,S,04,G,Y,,,,B,N,N,A,2,1,0,0,21703.0,3,37.95857852,-122.3469826,3
2012,2012-05-09,1628,5,1,16,3,Y,A,N,A,H,A,L,04,,08,D,,Y,,,G,N,N,A,1,0,1,0,22107.0,2,37.96264486,-122.34541315,3
2012,2012-05-10,1718,5,1,17,4,Y,A,N,A,H,A,A,01,,09,D,,,,,C,Y,N,D,2,0,0,0,21801.0,2,37.9789749,-122.32527321,4
2012,2012-05-07,845,5,1,8,1,N,A,N,A,H,A,-,- ,E,09,D,,,,,C,Y,N,D,1,0,0,0,21804.0,3,,,4
2012,2012-05-19,853,5,1,8,6,Y,A,N,A,H,A,A,01,,12,D,,,,,C,N,N,A,1,0,0,0,21453.0,2,37.92524493,-122.33822314,4
2012,2012-05-03,1841,5,1,18,4,Y,B,N,A,H,A,A,01,,12,D,,,,,C,N,N,A,1,0,0,0,21453.0,3,37.93846489,-122.34857319,4
2012,2012-05-15,2037,5,1,20,2,Y,A,N,A,H,C,A,01,,12,D,,,,,C,Y,N,D,1,0,0,0,22450.0,2,37.94527487,-122.35384313,4
2012,2012-05-17,836,5,1,8,4,Y,A,N,A,H,A,-,- ,,05,D,,Y,,,G,N,N,D,1,0,1,0,21650.0,2,37.94784489,-122.33105314,4
2012,2012-05-09,2315,5,1,23,3,N,A,N,A,H,D,-,- ,N,18,E,,,,,J,Y,N,D,1,0,0,0,,1,37.95941344,-122.26575978,4
2012,2012-05-12,1333,5,1,13,6,Y,A,N,A,H,A,-,- ,,03,C,,,,,C,Y,N,D,1,0,0,0,22350.0,2,37.94326495,-122.32435315,3
2012,2012-05-13,1904,5,1,19,7,Y,A,N,A,H,A,-,- ,,- ,G,,Y,,,G,N,N,A,1,0,1,0,,2,37.92552495,-122.3236131,4
2012,2012-05-01,640,5,1,6,2,N,A,Y,A,H,A,C,02,S,03,C,,,Y,,C,Y,N,D,1,0,0,1,22350.0,2,37.96528132,-122.04961528,3
2012,2012-05-03,1702,5,1,17,4,N,B,Y,A,H,A,A,01,N,03,E,,,,,I,Y,N,D,1,0,0,0,22350.0,1,37.98211743,-122.04195828,3
2012,2012-05-08,740,5,1,7,2,N,A,Y,A,H,A,A,01,W,03,C,,,,,C,Y,N,D,1,0,0,0,22350.0,2,37.99097895,-122.08660164,4
2012,2012-05-10,800,5,1,8,4,N,A,Y,A,H,A,A,01,W,03,C,,,,,C,Y,N,D,2,0,0,0,22350.0,2,38.01907504,-121.94431312,4
2012,2012-05-12,1435,5,1,14,6,N,A,Y,A,H,A,A,01,E,03,C,,,,,D,Y,N,D,2,0,0,0,22350.0,2,38.01525531,-121.88166228,3
2012,2012-05-16,1720,5,1,17,3,N,A,Y,A,H,A,A,07,W,03,C,,,,,C,Y,N,D,1,0,0,0,22350.0,3,37.89613414,-122.10884071,4
2012,2012-05-18,720,5,1,7,5,Y,A,N,A,H,A,A,01,,03,C,,,,,C,Y,N,A,1,0,0,0,22350.0,2,37.97681489,-122.32431315,3
2012,2012-05-08,1828,5,1,18,2,N,A,N,A,H,A,A,01,N,01,F,,,,,I,Y,N,D,1,0,0,0,23152.0,1,37.98232828,-121.95239093,3
2012,2012-05-05,1236,5,1,12,6,Y,A,N,A,H,A,-,- ,,- ,-,,,Y,,A,N,N,D,1,0,0,0,,2,37.98786497,-122.03932318,3
2012,2012-05-10,812,5,1,8,4,N,A,N,A,H,A,C,02,W,- ,H,,,Y,,A,Y,N,D,1,0,0,1,,1,37.97765137,-122.01304286,3
2012,2012-05-11,1809,5,1,18,5,N,A,N,A,H,A,A,07,E,03,C,,,,,C,Y,N,D,1,0,0,0,22350.0,3,37.94235556,-122.01959891,4
2012,2012-05-10,1714,5,1,17,4,Y,A,N,A,H,A,A,01,,09,D,,,,,C,Y,N,A,4,0,0,0,21801.0,2,37.96309499,-121.98822307,4
2012,2012-05-10,1438,5,1,14,4,Y,A,N,A,H,A,-,- ,,00,D,,,,,C,Y,N,A,1,0,0,0,,2,37.95129495,-122.04258309,3
2012,2012-05-10,1141,5,1,11,4,Y,A,N,A,H,A,A,01,,12,A,,,,,C,Y,N,A,1,0,0,0,21453.0,2,38.00443491,-122.02403308,4
2012,2012-05-12,2202,5,1,22,6,Y,A,N,A,H,C,A,01,,- ,D,,,,,C,Y,N,A,3,0,0,0,,2,37.97657152,-122.02883184,4
2012,2012-05-06,138,5,1,1,7,N,A,N,A,H,C,-,- ,S,03,F,,,,,J,N,N,D,1,0,0,0,22350.0,1,37.99853081,-122.02843273,4
2012,2012-05-07,1515,5,1,15,1,Y,A,N,A,H,A,-,- ,,09,D,,,,,C,Y,N,D,3,0,0,0,21804.0,2,37.77111496,-121.97362303,4
2012,2012-04-13,1553,4,1,15,5,N,A,N,A,H,A,-,- ,N,03,C,,,,,C,N,N,A,2,0,0,0,22350.0,3,37.93308222,-121.72356665,3
2012,2012-04-18,1615,4,1,16,3,N,A,N,A,H,A,A,07,E,08,C,,,,,C,Y,N,A,2,0,0,0,22107.0,4,37.92532774,-121.72632265,4
2012,2012-05-03,1754,5,1,17,4,N,B,N,A,H,A,-,- ,N,- ,C,,,,,C,Y,N,D,1,0,0,0,,2,37.9677311,-122.06288989,3
2012,2012-05-07,1631,5,1,16,1,N,A,N,A,H,A,D,22,E,03,C,,,,,C,Y,N,A,1,0,0,0,22350.0,2,37.99798115,-121.867755,4
2012,2012-05-04,739,5,1,7,5,N,B,N,A,H,A,D,22,E,21,D,,Y,,,G,N,N,D,1,0,1,0,22106.0,2,38.00345076,-121.8894625,3
2012,2012-03-30,1817,3,1,18,5,N,A,N,A,H,A,A,01,,00,B,,,,,C,Y,N,D,2,0,0,0,20001.0,3,38.01017486,-122.28310322,4
2012,2012-04-12,1353,4,1,13,4,Y,B,N,A,H,A,A,01,,12,D,,,,,C,N,N,A,1,0,0,0,21453.0,2,37.94203485,-122.32827322,4
2012,2012-04-02,1410,4,1,14,1,N,A,N,A,H,A,B,07,S,03,E,Y,,,,I,Y,N,A,2,1,0,0,22350.0,5,37.94330993,-122.32309654,2
2012,2012-04-10,1700,4,1,17,2,N,C,Y,B,H,A,A,01,W,08,D,,,,,C,Y,N,D,3,0,0,0,22107.0,2,37.99480041,-122.29229666,4
2012,2012-04-26,137,4,1,1,4,N,C,Y,B,H,D,A,01,E,01,C,,,,,C,Y,N,D,2,0,0,0,23152.0,2,37.89539513,-122.11358762,4
2012,2012-04-27,2217,4,1,22,5,N,A,Y,A,H,C,A,01,W,01,F,,,,,A,Y,N,D,1,0,0,0,23152.0,1,38.01344576,-122.25817007,2
2012,2012-04-30,430,4,1,4,1,N,A,Y,A,H,C,A,01,W,08,E,,,,,I,Y,N,D,1,0,0,0,22107.0,1,37.99465501,-122.29229317,3
2012,2012-03-29,1357,3,1,13,4,N,A,N,A,H,A,A,01,E,09,D,,,,,C,Y,N,D,2,0,0,0,21801.0,2,38.00489408,-121.80532897,2
2012,2012-05-05,1335,5,1,13,6,Y,A,Y,A,H,A,A,07,,04,C,,,,,C,N,N,A,1,0,0,0,21703.0,4,38.00399505,-121.8383831,4
2012,2012-01-18,1341,1,4,13,3,N,A,N,A,H,A,L,04,S,09,D,,Y,,,G,N,N,D,1,0,1,0,21804.0,2,37.96122542,-121.77139822,4
2012,2012-03-29,1725,3,1,17,4,N,B,Y,A,H,A,A,01,N,03,C,,,,,C,N,N,D,1,0,0,0,22350.0,2,37.83073061,-122.00235311,4
2012,2012-04-29,2323,4,1,23,7,N,A,N,-,H,C,A,01,W,08,B,,,,,E,N,M,D,1,0,0,0,22107.0,3,37.94455642,-122.34809467,3
2012,2012-04-13,1944,4,1,19,5,N,B,N,A,H,C,D,22,E,01,C,,,,,C,Y,N,A,2,0,0,0,23152.0,2,37.92528384,-122.37788909,4
2012,2012-04-14,2340,4,1,23,6,N,A,Y,A,H,D,A,01,W,01,C,,,,Y,C,Y,M,D,1,0,0,0,23152.0,2,38.0125159,-122.00294794,3
2012,2012-01-26,1526,1,4,15,4,Y,A,N,A,H,A,D,22,,03,C,,,,,C,N,N,A,1,0,0,0,22350.0,3,38.00636492,-121.8060331,4
2012,2012-05-09,1530,5,1,15,3,N,A,Y,A,H,A,D,22,E,07,F,,,Y,,A,Y,N,D,1,0,0,1,21658.0,2,38.00390683,-122.27965195,3
2012,2012-05-17,1106,5,1,11,4,N,A,Y,A,H,A,A,08,E,03,C,,,,,C,Y,N,A,3,0,0,0,22350.0,3,37.97561501,-122.31872317,4
2012,2012-05-04,1749,5,1,17,5,N,A,N,A,H,A,A,08,W,03,C,,,,,C,N,M,D,1,0,0,0,22350.0,2,37.72840155,-121.933952,4
2012,2012-05-14,919,5,1,9,1,Y,A,N,A,D,A,-,,,12,D,,,,,C,Y,N,C,1,0,0,0,21453.0,2,37.97729498,-122.02996308,4
2012,2012-05-15,1032,5,1,10,2,N,A,N,A,H,A,L,04,N,05,H,,Y,,,G,N,N,A,1,0,1,0,21650.0,2,37.96261776,-121.98686679,4
2012,2012-05-18,1041,5,1,10,5,Y,A,N,A,H,A,D,22,,09,B,,,Y,,C,Y,N,D,1,0,0,1,21801.0,2,37.8799449,-122.03814305,4
2012,2012-04-28,1850,4,1,18,6,N,A,N,A,H,A,A,07,N,08,E,,,,,I,,N,A,1,0,0,0,22107.0,1,38.0268,-121.9310505,4
2012,2012-05-15,2335,5,1,23,2,N,A,N,A,H,C,A,01,W,01,A,,,,,C,Y,N,A,2,0,0,0,23152.0,3,38.02162741,-121.89230588,3
2012,2012-05-10,1507,5,1,15,4,Y,A,N,A,H,A,L,04,,09,H,,Y,,,G,N,N,A,1,0,1,0,21804.0,2,37.796868,-121.889061,3
2012,2012-04-12,1733,4,1,17,4,-,A,N,A,H,A,A,01,,08,B,,,,,C,Y,N,D,1,0,0,0,22104.0,2,37.9809349,-122.27231316,3
2012,2012-05-10,1535,5,1,15,4,N,A,Y,-,A,A,A,01,E,09,A,,,,,C,Y,N,D,1,0,0,0,21801.0,2,37.85530502,-122.02942312,4
2012,2012-04-28,2320,4,1,23,6,N,A,Y,A,H,C,D,22,N,01,F,,,,,I,Y,N,D,1,0,0,0,23152.0,1,37.97201503,-122.06087313,4
2012,2012-05-07,1300,5,1,13,1,N,A,N,A,H,A,D,22,W,03,C,,,,,C,Y,F,A,1,0,0,0,22350.0,3,37.98079221,-122.05414385,4
2012,2012-05-17,224,5,1,2,4,N,A,N,A,H,C,D,22,E,01,E,,,,,I,Y,N,D,1,0,0,0,23152.0,1,38.00780481,-121.85613649,4
2012,2012-05-19,1900,5,1,19,6,N,A,Y,-,A,A,A,01,E,03,C,,,,,C,N,N,D,1,0,0,0,22350.0,2,38.00362384,-121.83704183,4
2012,2012-05-10,2205,5,1,22,4,N,A,Y,A,H,C,C,02,S,07,B,,,Y,,C,Y,N,D,1,0,0,1,21658.0,2,37.95750627,-122.05250438,2
2012,2012-05-12,115,5,1,1,6,N,A,N,A,H,D,D,22,E,08,E,,,,,I,Y,N,D,1,0,0,0,22107.0,1,37.8913606,-121.84822075,3
2012,2012-05-03,520,5,1,5,4,N,A,N,A,H,A,D,22,S,05,A,,,,,C,Y,N,D,3,0,0,0,21650.0,2,37.95354209,-121.67771581,4
2012,2012-05-23,1057,5,1,10,3,N,A,N,A,H,A,D,22,N,- ,E,,,,,I,N,N,A,1,0,0,0,,1,37.95474322,-121.75982684,3
2012,2012-05-05,1452,5,1,14,6,N,A,N,-,A,A,D,22,E,03,C,,,,,C,Y,N,D,1,0,0,0,22350.0,2,37.89644961,-121.66689298,4
2012,2012-05-21,1730,5,1,17,1,N,A,N,A,A,-,D,22,W,08,E,,,,,I,Y,N,D,1,0,0,0,22107.0,1,37.86383937,-121.67086903,4
2012,2012-04-23,2155,4,1,21,1,N,A,N,A,H,C,A,07,N,01,D,,,,,C,Y,N,D,2,0,0,0,23152.0,2,37.9731389,-121.96836829,3
2012,2012-05-08,1110,5,1,11,2,N,A,N,A,H,A,A,07,W,03,C,,,,,C,Y,N,D,1,0,0,0,22350.0,2,37.88158559,-122.04191805,4
2012,2012-05-16,1601,5,1,16,3,N,A,Y,A,H,A,D,22,S,03,C,,,,,C,N,M,D,1,0,0,0,22350.0,2,37.81171383,-121.99288368,4
2012,2012-05-11,1242,5,1,12,5,N,A,Y,A,H,A,-,99,N,07,E,,,,,I,N,F,D,2,0,0,0,21658.0,2,37.78426592,-121.97914146,3
2012,2012-03-19,2315,3,1,23,1,N,A,N,A,H,C,C,02,E,01,E,,,Y,,I,Y,N,D,1,0,0,1,23152.0,1,38.00401326,-121.78616127,3
2012,2012-05-02,955,5,1,9,3,N,A,N,A,H,A,-,- ,N,21,G,Y,,,,B,N,N,D,1,1,0,0,22106.0,2,37.96181422,-122.06572929,3
2012,2012-05-05,1224,5,1,12,6,Y,A,N,A,H,A,-,- ,,03,C,,,,,C,N,N,D,1,0,0,0,22350.0,2,37.96008494,-122.06150305,2
2012,2012-02-24,1446,2,4,14,5,N,A,N,A,A,A,O,05,W,17,E,,,Y,,-,Y,N,A,1,0,0,1,21663.0,1,37.98033312,-122.05088932,4
2012,2012-04-28,413,4,1,4,6,N,A,N,A,H,D,-,- ,E,- ,A,,,,,H,Y,N,D,1,0,0,0,,1,37.92788184,-122.01371262,4
2012,2012-05-07,748,5,1,7,1,N,A,N,A,H,A,-,- ,N,08,A,,,,,C,Y,N,D,1,0,0,0,22107.0,2,37.99184761,-122.11541188,4
2012,2012-05-03,1608,5,1,16,4,Y,A,N,A,H,A,A,01,,12,D,,,,,C,Y,N,A,2,0,0,0,21453.0,2,37.99382494,-122.11944315,3
2012,2012-05-21,940,5,1,9,1,Y,A,N,A,H,A,A,01,,12,D,,,,,C,Y,N,A,1,0,0,0,21453.0,2,37.9090449,-122.05232318,4
2012,2012-05-19,954,5,1,9,6,Y,A,N,A,H,A,N,60,,11,G,Y,,,,B,N,N,A,1,1,0,0,21453.0,2,37.8996349,-122.06231313,3
2012,2012-05-14,2030,5,1,20,1,Y,-,N,A,H,C,A,01,,09,A,,,,,C,Y,N,A,1,0,0,0,21801.0,2,37.90177496,-122.06195315,4
2012,2012-05-17,1138,5,1,11,4,Y,A,N,A,H,A,A,01,,07,B,,,Y,,C,Y,N,A,1,0,0,1,21658.0,2,37.90620491,-122.06437312,3
2012,2012-05-16,1812,5,1,18,3,Y,A,N,A,H,A,A,01,,10,G,Y,,,,B,N,N,A,1,1,0,0,21950.0,2,37.90177496,-122.06195315,3
2012,2012-05-12,944,5,1,9,6,Y,A,N,A,H,A,A,01,,06,B,,Y,,,G,N,N,D,1,0,1,0,21750.0,2,37.92752498,-122.0147031,3
2012,2012-05-04,1831,5,1,18,5,N,A,N,A,H,A,-,- ,N,00,H,,Y,,,G,N,N,A,1,0,1,0,,2,37.90192512,-122.06203897,3
2012,2012-05-11,1059,5,1,10,5,N,A,N,A,H,A,-,- ,E,00,A,,Y,,,I,N,N,D,1,0,1,0,,1,37.90681477,-122.05821871,3
2012,2012-05-10,1648,5,1,16,4,N,A,N,A,H,A,-,- ,S,03,C,,,,,C,N,N,A,1,0,0,0,22350.0,2,37.89941583,-122.05976418,4
2012,2012-05-07,2153,5,1,21,1,Y,A,N,A,H,C,A,01,,09,D,,,,,C,Y,N,D,1,0,0,0,21802.0,2,37.90504497,-122.06126309,3
2012,2012-05-15,2322,5,1,23,2,N,A,N,A,H,C,A,01,W,07,C,,,,,C,Y,N,D,1,0,0,0,21658.0,2,37.95657069,-121.97010926,4
2012,2012-05-20,2157,5,1,21,7,Y,A,N,A,H,C,A,01,,17,A,,,,,C,Y,N,A,1,0,0,0,21461.0,2,37.97912487,-122.03137311,4
2012,2012-05-18,809,5,1,8,5,Y,A,N,A,H,A,-,- ,,- ,D,,,,,C,Y,N,A,2,0,0,0,,2,37.96113491,-121.98277316,4
2012,2012-05-17,1625,5,1,16,4,N,A,N,A,H,A,A,01,E,03,C,,,,,C,N,N,D,1,0,0,0,22350.0,3,37.97862959,-122.04154617,4
2012,2012-05-15,2231,5,1,22,2,Y,A,N,A,H,C,A,01,,- ,C,,,,,C,Y,N,A,1,0,0,0,,2,37.9939149,-122.02458313,4
2012,2012-05-15,1731,5,1,17,2,Y,A,Y,A,H,A,L,04,,05,D,,Y,,,G,N,N,A,1,0,1,0,21650.0,2,37.98528503,-122.04125313,4
2012,2012-05-12,1810,5,1,18,6,N,A,N,A,H,A,C,02,W,09,D,,,Y,,C,N,N,A,1,0,0,1,21801.0,2,37.95161501,-122.04578821,3
2012,2012-05-12,1148,5,1,11,6,N,A,N,A,H,A,N,60,E,11,G,Y,,,,B,N,N,D,1,1,0,0,21953.0,2,37.96517208,-122.01997298,4
2012,2012-05-25,1905,5,1,19,5,N,A,Y,A,H,A,D,22,E,03,C,,,,,C,N,N,D,1,0,0,0,22350.0,2,37.99806285,-121.80348374,4
2012,2012-05-21,1033,5,1,10,1,N,A,Y,A,H,A,D,22,W,03,C,,,,,C,Y,N,D,3,0,0,0,22350.0,3,38.01126396,-121.86514623,4
2012,2012-05-21,840,5,1,8,1,N,A,Y,A,H,A,D,22,E,03,C,,,,,C,N,N,D,1,0,0,0,22350.0,2,37.89281437,-122.16692623,4
2012,2012-05-25,1035,5,1,10,5,N,A,Y,A,D,A,A,01,W,03,C,,,,,C,Y,N,D,1,0,0,0,22350.0,7,38.00419235,-121.8384431,4
2012,2012-05-25,1628,5,1,16,5,N,A,Y,A,H,A,A,01,S,03,C,,,,,C,Y,N,D,1,0,0,0,22350.0,2,37.8839866,-122.05362944,4
2012,2012-05-24,1250,5,1,12,4,N,A,Y,A,H,A,A,01,E,08,D,,,,,C,N,N,D,1,0,0,0,22107.0,2,37.99786768,-121.72544614,3
2012,2012-05-16,1949,5,1,19,3,N,A,Y,A,D,A,A,07,W,08,C,,,,,C,Y,N,D,1,0,0,0,22107.0,2,38.00045505,-121.8248331,4
2012,2012-05-11,1600,5,1,16,5,N,A,Y,A,H,A,A,01,N,21,C,,,,,C,N,N,D,1,0,0,0,22106.0,2,37.93159503,-122.06030313,4
2012,2012-05-09,49,5,1,0,3,N,A,Y,A,H,C,A,01,E,01,E,,,,,I,Y,N,D,1,0,0,0,23152.0,1,37.89767698,-122.09105073,3
2012,2012-05-11,1630,5,1,16,5,N,A,Y,A,H,A,A,01,E,03,C,,,,,C,N,N,A,1,0,0,0,22350.0,3,38.01444505,-121.87791311,4
2012,2012-05-25,1535,5,1,15,5,N,A,Y,A,H,A,A,01,W,03,C,,,,,C,Y,N,D,2,0,0,0,22350.0,3,37.89779303,-122.08551284,4
2012,2012-04-30,830,4,1,8,1,N,A,Y,A,H,A,A,07,E,03,C,,,,,C,Y,N,D,1,0,0,0,22350.0,3,37.86729486,-122.19833148,4
2012,2012-04-21,1140,4,1,11,6,Y,A,N,A,H,A,A,01,,12,D,,,,,C,Y,N,A,1,0,0,0,21453.0,2,37.89646492,-121.64132306,2
2012,2012-05-23,1902,5,1,19,3,N,A,N,A,H,A,D,22,E,03,C,,,,,C,Y,N,A,4,0,0,0,22350.0,2,37.97757427,-122.01780735,3
2012,2012-05-16,1238,5,1,12,3,N,A,N,A,H,A,D,22,E,09,D,,,,,C,Y,N,D,2,0,0,0,21804.0,2,37.95759233,-122.34135955,4
2012,2012-05-14,1625,5,1,16,1,N,A,Y,A,H,A,A,01,N,04,C,,,,,C,Y,N,D,1,0,0,0,21703.0,2,37.99639971,-122.03862356,4
2012,2012-05-09,1619,5,1,16,3,Y,A,N,A,H,A,L,04,,05,H,,Y,,,G,N,N,A,1,0,1,0,21202.0,2,37.88573487,-122.11815318,4
2012,2012-05-05,730,5,1,7,6,N,A,Y,A,H,A,A,07,E,08,F,,,,,A,Y,N,D,1,0,0,0,22107.0,1,38.01630157,-122.18778462,4
2012,2012-05-08,1830,5,1,18,2,N,A,N,A,A,-,-,- ,N,18,C,,,,,C,Y,N,A,2,0,0,0,,3,37.98114539,-121.80565317,4
2012,2012-05-16,804,5,1,8,3,N,A,N,A,H,A,-,- ,N,03,C,,,,,C,N,N,D,1,0,0,0,22350.0,2,37.985915,-121.7140731,4
2012,2012-05-13,2330,5,1,23,7,N,A,Y,A,H,C,C,02,S,08,F,,,Y,,A,Y,N,D,1,0,0,1,22107.0,1,37.97697667,-122.04457936,3
2012,2012-05-14,829,5,1,8,1,Y,B,N,A,H,A,A,01,,09,D,,,,,C,Y,N,D,2,0,0,0,21801.0,2,37.9852049,-121.8043231,4
2012,2012-05-08,745,5,1,7,2,N,A,Y,-,A,A,A,01,W,03,C,,,,,C,Y,N,D,1,0,0,0,22350.0,2,38.0174886,-121.89053364,4
2012,2012-05-21,1541,5,1,15,1,N,A,N,-,A,A,A,01,S,08,C,,,,,E,Y,N,D,1,0,0,0,22107.0,2,37.99333908,-121.80788958,4
2012,2012-05-16,910,5,1,9,3,N,A,Y,A,H,A,A,01,N,07,B,,,,,C,Y,F,D,1,0,0,0,21658.0,2,37.99717285,-122.03871408,4
2012,2012-05-15,1245,5,1,12,2,Y,-,N,A,A,A,A,,,09,A,,,,,C,Y,N,D,1,0,0,0,21801.0,2,37.88702496,-122.11806316,3
2012,2012-05-06,1340,5,1,13,7,N,A,Y,A,A,-,C,02,N,03,F,,,Y,,A,N,N,D,1,0,0,1,22350.0,1,37.89065096,-122.06053499,3
2012,2012-05-02,1356,5,1,13,3,N,A,N,A,H,A,-,- ,N,09,D,,,,,C,N,N,D,1,0,0,0,21801.0,2,37.83022651,-122.00395217,4
2012,2012-05-15,1824,5,1,18,2,Y,A,N,A,H,A,-,- ,,09,D,,,,,C,Y,N,A,1,0,0,0,21453.0,2,37.98327494,-121.71404312,4
2012,2012-05-07,1610,5,1,16,1,N,A,N,A,H,A,L,04,S,06,H,,Y,,,G,N,N,D,1,0,1,0,21750.0,2,37.84281161,-121.95015728,3
2012,2012-05-05,335,5,1,3,6,N,A,Y,A,H,D,A,07,E,01,F,,,,,A,Y,N,D,1,0,0,0,23152.0,1,37.9956675,-121.78164777,3
2012,2012-05-02,830,5,1,8,3,N,A,N,A,H,A,A,01,E,09,A,,,,,D,Y,N,D,2,0,0,0,21801.0,2,37.9968445,-122.07436789,4
2012,2012-05-03,1940,5,1,19,4,Y,A,N,A,H,B,A,01,,08,E,,,,,I,Y,N,A,1,0,0,0,22107.0,1,37.88593487,-122.0369731,4
2012,2012-05-22,801,5,1,8,2,Y,A,N,A,H,A,L,04,,05,H,,Y,,,G,N,N,D,1,0,1,0,21202.0,2,37.89405495,-122.12621316,3
2012,2012-05-02,1250,5,1,12,3,Y,A,N,A,H,A,L,04,,12,H,,Y,,,G,N,N,D,1,0,1,0,22450.0,2,37.98344488,-122.30166309,3
2012,2012-05-22,915,5,1,9,2,N,A,N,A,A,-,-,- ,S,03,C,,,,,C,Y,N,D,1,0,0,0,22350.0,4,37.90384867,-122.09897178,4
2012,2012-05-06,1500,5,1,15,7,Y,A,N,-,A,A,A,01,,01,E,,,,,I,Y,N,A,1,0,0,0,23152.0,1,37.87464493,-121.62316299,3
2012,2012-05-17,1617,5,1,16,4,Y,A,N,A,H,A,-,- ,,03,C,,,,,C,N,N,A,1,0,0,0,22350.0,2,37.88025488,-122.18683313,4
2012,2012-05-02,1730,5,1,17,3,Y,A,N,-,A,A,A,07,,09,A,,,,,C,Y,N,A,2,0,0,0,21802.0,2,37.88201488,-121.77733308,4
2012,2012-05-19,1315,5,1,13,6,N,A,Y,A,H,A,A,01,W,07,B,,,,,C,N,N,D,1,0,0,0,21658.0,2,38.01332257,-122.00033461,4
2012,2012-05-22,810,5,1,8,2,N,A,Y,-,A,A,C,02,S,07,B,,,Y,,C,Y,N,D,1,0,0,1,21658.0,2,37.89896518,-122.07104193,3
2012,2012-05-03,755,5,1,7,4,Y,A,N,A,H,A,A,01,,06,B,,,,,C,Y,N,D,1,0,0,0,21750.0,2,37.94721499,-121.65937305,3
2012,2012-05-04,1510,5,1,15,5,N,A,N,-,A,A,A,07,W,03,C,,,,,D,N,N,D,2,0,0,0,22350.0,2,38.02676314,-121.93403732,4
2012,2012-05-03,730,5,1,7,4,N,B,N,A,A,A,A,01,S,03,C,,,,,C,N,N,D,1,0,0,0,22350.0,2,37.98651707,-122.29855082,4
2012,2012-05-18,820,5,1,8,5,N,A,Y,A,H,A,A,01,S,03,C,,,,,C,Y,N,D,1,0,0,0,22350.0,3,37.82732734,-121.99710442,4
2012,2012-05-17,1310,5,1,13,4,N,A,Y,A,H,A,A,08,S,03,C,,,,,C,Y,N,D,1,0,0,0,22350.0,3,37.98341922,-122.06605397,4
2012,2012-05-17,1607,5,1,16,4,N,A,N,A,H,A,A,07,E,03,C,,,,,C,N,N,A,1,0,0,0,22350.0,2,37.7594156,-121.96809064,3
2012,2012-05-17,1452,5,1,14,4,Y,A,N,A,H,A,A,01,,10,G,Y,,,,B,N,N,A,1,1,0,0,21950.0,2,37.77329487,-121.98841308,3
2012,2012-05-05,1036,5,1,10,6,Y,A,N,A,H,A,A,07,,12,D,,,,,C,Y,N,A,2,0,0,0,21453.0,2,37.77449494,-121.96499309,3
2012,2012-05-18,905,5,1,9,5,N,A,Y,A,H,A,-,99,,03,C,,,,,C,N,M,D,1,0,0,0,22350.0,2,37.81397349,-121.99328086,4
2012,2012-05-05,1500,5,1,15,6,N,A,N,A,H,A,A,01,N,08,E,,,,,I,N,N,D,1,0,0,0,22107.0,1,37.75489352,-121.86973035,3
2012,2012-05-11,1615,5,1,16,5,N,A,Y,A,H,A,A,01,W,03,C,,,,,C,Y,N,D,1,0,0,0,22350.0,3,37.99625443,-121.7082826,4
2012,2012-05-25,1435,5,1,14,5,N,A,N,A,H,A,A,07,E,03,C,,,,,C,N,N,A,1,0,0,0,22350.0,3,38.0157428,-121.88209477,4
2012,2012-04-26,1445,4,1,14,4,Y,A,N,A,H,A,A,01,,12,D,,,,,C,N,N,A,1,0,0,0,21453.0,2,37.99368499,-121.80790304,3
2012,2012-05-16,800,5,1,8,3,Y,A,N,A,H,A,A,01,,09,D,,,,,C,N,N,A,3,0,0,0,21802.0,2,37.98103496,-121.78864303,4
2012,2012-05-10,1333,5,1,13,4,N,A,N,A,H,A,-,- ,E,18,F,,,Y,,A,N,N,D,1,0,0,1,,1,38.00933149,-121.83552072,3
2012,2012-05-08,1430,5,1,14,2,N,A,N,A,H,A,L,04,N,05,B,,Y,,,G,N,N,D,1,0,1,0,21460.0,2,37.92975934,-122.30422256,3