ACCIDENT_YEAR,COLLISION_DATE,COLLISION_TIME,MONTH,SEASON,24HOURS,DAY_OF_WEEK,INTERSECTION,WEATHER_1,STATE_HWY_IND,ROAD_SURFACE,ROAD_COND_1,LIGHTING,STWD_VEHTYPE_AT_FAULT,CHP_VEHTYPE_AT_FAULT,DIRECTION,PCF_VIOL_CATEGORY,TYPE_OF_COLLISION,PEDESTRIAN_ACCIDENT,BICYCLE_ACCIDENT,MOTORCYCLE_ACCIDENT,TRUCK_ACCIDENT,MVIW,TOW_AWAY,HIT_AND_RUN,CONTROL_DEVICE,NUMBER_INJURED,COUNT_PED_INJURED,COUNT_BICYCLIST_INJURED,COUNT_MC_INJURED,PCF_VIOLATION,PARTY_COUNT,POINT_Y,POINT_X,COLLISION_SEVERITY
2012,2012-05-18,730,5,1,7,5,Y,A,N,A,H,A,A,01,,12,A,,,,,I,Y,N,A,1,0,0,0,21453.0,1,37.95480496,-121.77773308,4
2012,2012-05-17,1318,5,1,13,4,N,A,N,A,H,A,B,01,,- ,D,,,,,C,N,N,A,1,0,0,0,,3,37.97699494,-121.80254308,4
2012,2012-05-10,1833,5,1,18,4,N,A,N,A,H,A,A,07,S,08,B,,Y,,,G,N,N,A,1,0,1,0,22107.0,2,37.98011779,-121.82037413,4
2012,2012-05-27,945,5,1,9,7,N,A,N,A,H,A,A,01,N,- ,E,,,,,I,N,N,D,1,0,0,0,,3,,,4
2012,2012-05-30,1956,5,1,19,3,N,A,N,A,H,A,C,02,S,- ,E,,,Y,,I,Y,N,D,1,0,0,1,,1,37.96736778,-121.78636371,3
2012,2012-05-26,7,5,1,0,6,Y,A,N,A,H,C,A,01,,01,A,,,,,C,Y,N,D,1,0,0,0,23152.0,2,38.00201492,-121.82445301,4
2012,2012-05-07,750,5,1,7,1,Y,A,N,A,H,A,A,07,,12,D,,,,,C,Y,N,A,1,0,0,0,21453.0,2,37.95403487,-122.3737131,4
2012,2012-05-24,1605,5,1,16,4,Y,A,N,A,H,A,L,04,,- ,D,,Y,,,G,N,N,A,1,0,1,0,,2,38.00210497,-121.73235306,4
2012,2012-05-17,930,5,1,9,4,Y,A,N,A,H,A,-,- ,,04,C,,,,,C,N,N,D,1,0,0,0,21703.0,2,37.99053492,-121.722273,4
2012,2012-05-09,1326,5,1,13,3,Y,A,N,A,H,A,A,01,,03,E,,,,,I,Y,N,D,1,0,0,0,22350.0,1,37.83894492,-121.97847314,4
2012,2012-05-30,814,5,1,8,3,N,A,N,A,H,A,-,- ,E,03,C,,,,,C,N,N,A,1,0,0,0,22350.0,2,37.98327494,-121.71404312,4
2012,2012-05-30,1823,5,1,18,3,N,A,N,A,H,A,A,01,S,09,B,,,,,C,Y,N,D,1,0,0,0,21804.0,3,37.98083077,-122.06712264,4
2012,2012-04-18,909,4,1,9,3,N,A,Y,A,H,A,D,22,E,08,E,,,,,I,Y,N,D,1,0,0,0,22107.0,1,37.90790011,-122.32058569,3
2012,2012-04-20,1755,4,1,17,5,N,A,Y,A,H,A,A,01,E,03,C,,,,,C,N,N,D,1,0,0,0,22350.0,2,37.92929036,-122.3237935,4
2012,2012-04-07,1220,4,1,12,6,N,A,N,A,H,A,C,06,W,08,E,,,Y,,I,N,N,D,1,0,0,1,22107.0,1,37.96444167,-122.33660769,3
2012,2012-04-16,318,4,1,3,1,N,A,Y,A,H,D,A,01,W,01,E,,,,,I,Y,N,D,1,0,0,0,23152.0,1,37.99176236,-122.30858143,3
2012,2012-04-10,707,4,1,7,2,N,C,Y,B,H,B,D,22,W,08,E,,,,,I,Y,N,D,1,0,0,0,22107.0,1,37.98814501,-122.31335317,2
2012,2012-06-01,1515,6,2,15,5,N,A,Y,A,H,A,A,01,W,08,E,,,,,I,Y,N,D,1,0,0,0,22107.0,1,37.94292741,-122.32387946,4
2012,2012-06-07,125,6,2,1,4,Y,A,N,A,H,C,O,05,,00,H,,,Y,,I,Y,N,D,1,0,0,1,2800.0,1,38.010024,-121.79934,4
2012,2012-06-24,1501,6,2,15,7,Y,A,N,A,H,A,A,01,,00,C,,,,,C,N,N,A,2,0,0,0,16028.0,2,38.02205491,-121.88748304,4
2012,2012-06-07,1459,6,2,14,4,Y,A,N,A,H,A,A,07,,09,D,,,,,C,N,N,A,1,0,0,0,21801.0,2,38.00023497,-121.80608302,4
2012,2012-06-09,1445,6,2,14,6,Y,A,N,A,H,A,-,- ,,00,D,,,,,C,Y,N,A,1,0,0,0,,2,37.96241487,-122.06194306,4
2012,2012-06-13,1501,6,2,15,3,N,A,N,A,H,A,-,- ,N,12,D,,Y,,,G,N,N,A,1,0,1,0,21453.0,2,37.95485791,-122.06024531,3
2012,2012-06-13,1022,6,2,10,3,N,A,N,A,H,A,N,60,S,11,G,Y,,,,B,N,N,D,1,1,0,0,21955.0,2,37.94757343,-122.06033777,3
2012,2012-04-28,742,4,1,7,6,Y,A,N,A,H,A,A,01,,12,D,,Y,,,G,N,N,A,1,0,1,0,21453.0,2,37.79910496,-121.92165309,4
2012,2012-05-11,1827,5,1,18,5,N,A,Y,A,H,A,A,08,W,01,E,,,,,I,Y,M,D,1,0,0,0,23152.0,1,37.89803842,-122.30923749,3
2012,2012-05-18,2140,5,1,21,5,N,A,N,A,H,C,A,01,S,01,C,,,,,C,Y,N,A,1,0,0,0,23152.0,3,37.99572266,-122.32742139,4
2012,2012-05-13,1255,5,1,12,7,N,A,Y,A,H,A,A,01,E,01,C,,,,,C,Y,N,D,1,0,0,0,23152.0,3,37.96073964,-122.33034218,3
2012,2012-06-25,1759,6,2,17,1,Y,A,N,A,H,A,L,04,,05,D,,Y,,,G,N,N,A,1,0,1,0,21650.0,2,38.00443491,-122.02403308,3
2012,2012-06-14,753,6,2,7,4,N,A,N,A,H,A,A,08,N,03,C,,,,,C,N,N,A,3,0,0,0,22350.0,2,37.95945078,-122.04170325,4
2012,2012-07-07,1350,7,2,13,6,Y,A,N,A,H,-,-,- ,,03,C,,,,,C,N,M,D,1,0,0,0,22350.0,2,37.9541349,-122.3473831,4
2012,2012-07-02,750,7,2,7,1,Y,B,Y,A,H,A,A,01,,03,C,,,,,C,N,M,A,1,0,0,0,22350.0,2,37.95997501,-122.33064317,4
2012,2012-07-03,1403,7,2,14,2,N,A,N,A,H,A,A,01,E,08,B,,,,,E,Y,N,D,1,0,0,0,22107.0,4,37.87792552,-122.07096264,3
2012,2012-06-23,1617,6,2,16,6,N,A,N,A,H,A,-,- ,W,18,A,,,,,C,Y,N,D,1,0,0,0,,2,37.91440498,-122.0419389,3
2012,2012-06-28,1730,6,2,17,4,Y,A,N,A,H,A,-,- ,,- ,C,,,,,C,N,N,D,1,0,0,0,,2,37.90131488,-122.06301305,4
2012,2012-07-26,1730,7,2,17,4,N,A,Y,A,H,A,A,01,E,04,C,,,,,C,N,N,D,3,0,0,0,21703.0,3,37.99084951,-122.08870226,4
2012,2012-07-11,1235,7,2,12,3,N,A,Y,A,D,A,G,25,E,03,C,,,,Y,C,Y,N,D,1,0,0,0,22350.0,2,38.01071886,-121.86294203,4
2012,2012-07-29,2110,7,2,21,7,N,A,Y,A,H,D,D,22,N,03,C,,,,,C,N,N,D,1,0,0,0,22350.0,2,37.870314,-122.04134166,4
2012,2012-07-21,1847,7,2,18,6,N,A,Y,A,H,A,A,01,E,01,A,,,,,C,Y,N,D,1,0,0,0,23152.0,2,37.92048992,-121.68601645,4
2012,2012-07-18,1745,7,2,17,3,N,A,Y,A,H,A,A,01,S,03,C,,,,,C,Y,N,D,2,0,0,0,22350.0,2,37.77284,-121.97325475,4
2012,2012-05-31,545,5,1,5,4,N,A,N,A,H,A,A,01,S,01,D,,,,,E,N,N,D,1,0,0,0,23152.0,2,38.00901498,-121.78837315,4
2012,2012-07-17,1830,7,2,18,2,N,A,Y,A,H,A,D,22,W,03,C,,,,,C,N,N,D,2,0,0,0,22350.0,2,38.01800505,-121.89328311,4
2012,2012-07-18,1825,7,2,18,3,N,A,Y,A,H,A,D,22,E,03,C,,,,,C,Y,N,D,1,0,0,0,22350.0,2,38.01409028,-121.99569745,4
2012,2012-07-19,1145,7,2,11,4,N,A,Y,A,H,A,A,01,S,08,B,,,,Y,C,Y,N,D,1,0,0,0,22107.0,4,37.89043134,-122.06007379,4
2012,2012-07-23,1533,7,2,15,1,N,A,Y,A,H,A,A,01,S,03,C,,,,,C,Y,N,D,1,0,0,0,22350.0,4,37.9658654,-122.0491299,4
2012,2012-07-16,744,7,2,7,1,N,A,Y,A,H,A,D,22,E,03,C,,,,,C,Y,M,D,1,0,0,0,22350.0,2,37.89426023,-122.12053529,4
2012,2012-07-08,1400,7,2,14,7,N,A,Y,A,H,A,-,- ,E,00,C,,,,,C,N,N,D,1,0,0,0,,2,37.99826505,-121.8021331,4
2012,2012-07-13,1605,7,2,16,5,N,A,Y,A,H,A,D,22,W,17,E,,,,,J,Y,N,D,1,0,0,0,23114.0,3,37.99826505,-121.80748695,3
2012,2012-07-15,1530,7,2,15,7,N,A,Y,A,H,A,A,01,E,08,C,,,,,C,Y,N,D,2,0,0,0,22107.0,3,38.01541643,-121.99383013,4
2012,2012-07-18,1226,7,2,12,3,Y,A,Y,A,H,A,D,22,,09,B,,,,,C,Y,N,A,1,0,0,0,21803.0,2,37.96331743,-122.32787683,3
2012,2012-07-21,1850,7,2,18,6,Y,A,N,A,H,A,D,22,,12,D,,,,,C,Y,N,A,1,0,0,0,21453.0,2,37.96113491,-121.98277316,4
2012,2012-07-18,1616,7,2,16,3,Y,A,N,A,H,A,I,20,,21,C,,,,,C,N,N,A,2,0,0,0,22106.0,2,37.987704,-122.03982,4
2012,2012-07-20,1443,7,2,14,5,N,A,N,A,H,A,A,01,S,05,B,,,,,C,N,N,A,1,0,0,0,21460.0,2,37.75556859,-121.91465735,4
2012,2012-06-28,2125,6,2,21,4,Y,A,N,A,G,C,A,01,,12,D,,,,,C,Y,N,A,4,0,0,0,22450.0,2,37.971325,-121.69597301,3
2012,2012-07-25,1530,7,2,15,3,N,A,Y,A,H,A,A,01,W,03,C,,,,,C,Y,N,D,1,0,0,0,22350.0,4,38.0127839,-122.00104877,3
2012,2012-07-16,1020,7,2,10,1,N,A,Y,A,H,A,A,01,S,07,B,,,,,-,Y,N,D,1,0,0,0,21658.0,2,38.00189254,-122.03771821,3
2012,2012-07-14,700,7,2,7,6,N,A,Y,A,H,A,A,01,S,07,F,,,,,I,Y,F,D,1,0,0,0,21658.0,2,38.00209315,-122.03767411,3
2012,2012-07-06,2250,7,2,22,5,N,A,Y,A,H,E,A,01,N,03,C,,,,,C,N,M,A,1,0,0,0,22350.0,2,37.89439102,-122.06841284,4
2012,2012-07-15,1828,7,2,18,7,N,A,Y,A,H,A,A,08,W,08,B,,,,,E,Y,N,D,1,0,0,0,22107.0,2,38.0327745,-122.25277071,4
2012,2012-07-12,945,7,2,9,4,N,A,Y,A,H,A,A,07,N,08,E,,,,,I,Y,N,D,1,0,0,0,22107.0,1,37.97222589,-122.04691326,4
2012,2012-07-02,905,7,2,9,1,N,A,Y,A,D,A,A,01,W,08,C,,,,,E,Y,N,D,1,0,0,0,22107.0,2,38.00078499,-121.82669876,4
2012,2012-07-12,1730,7,2,17,4,N,A,Y,A,H,A,A,01,E,03,C,,,,,C,Y,N,D,1,0,0,0,22350.0,3,37.89637228,-122.10736821,4
2012,2012-07-17,1925,7,2,19,2,N,A,N,A,H,A,C,02,S,03,E,,,Y,,I,N,N,A,1,0,0,1,22350.0,1,37.97990362,-122.02438057,4
2012,2012-07-18,956,7,2,9,3,Y,A,Y,A,H,A,A,01,,12,D,,,,,C,Y,N,A,2,0,0,0,21453.0,2,38.01077504,-122.01705313,3
2012,2012-07-21,1152,7,2,11,6,N,A,N,A,H,A,-,- ,E,03,C,,,,,C,N,N,D,1,0,0,0,22350.0,2,37.93873496,-122.02505314,4
2012,2012-07-03,1959,7,2,19,2,N,A,N,A,H,A,A,01,N,21,G,Y,,,,B,N,N,D,1,1,0,0,22106.0,2,,,4
2012,2012-07-14,1146,7,2,11,6,N,A,N,A,H,A,A,08,W,21,C,,,,,C,N,N,A,1,0,0,0,22106.0,3,37.96950954,-122.05108976,4
2012,2012-07-10,2109,7,2,21,2,Y,A,N,A,H,C,L,04,,11,D,,Y,,,G,N,N,A,1,0,1,0,21950.0,2,37.99083494,-122.28521312,4
2012,2012-07-20,1915,7,2,19,5,N,A,N,A,H,A,A,01,N,03,C,,,,,C,N,N,A,2,0,0,0,22350.0,2,,,4
2012,2012-04-24,1447,4,1,14,2,N,A,N,A,H,A,A,01,S,03,G,,Y,,,G,N,F,D,1,0,1,0,22350.0,2,38.01186205,-121.81591361,2
2012,2012-05-28,2030,5,1,20,1,N,A,Y,A,D,C,A,07,E,08,B,,,,,C,N,M,D,1,0,0,0,22107.0,2,38.00163786,-121.82980134,4
2012,2012-07-20,1410,7,2,14,5,N,A,Y,A,H,A,A,01,W,03,C,,,,,C,Y,N,D,2,0,0,0,22350.0,2,37.93340802,-122.42078501,4
2012,2012-07-21,144,7,2,1,6,N,A,N,A,H,C,D,22,N,01,E,,,,,I,Y,N,D,2,0,0,0,23152.0,1,37.77262495,-121.99597303,3
2012,2012-07-05,1321,7,2,13,4,N,A,N,A,H,A,D,22,W,08,C,,,,,E,Y,N,D,1,0,0,0,22107.0,2,37.9624101,-121.80483506,4
2012,2012-07-26,928,7,2,9,4,Y,A,N,A,H,A,L,04,,05,D,,Y,,,G,N,N,A,1,0,1,0,21650.0,2,37.97279499,-122.01931309,3
2012,2012-07-26,910,7,2,9,4,N,A,N,A,H,A,D,22,W,03,C,,,,,C,Y,N,A,2,0,0,0,22350.0,2,37.98694126,-122.00968091,4
2012,2012-07-15,1452,7,2,14,7,Y,A,N,A,H,A,A,01,,- ,D,,,,,C,Y,N,A,1,0,0,0,,2,38.012625,-121.80626309,4
2012,2012-07-30,1733,7,2,17,1,N,A,N,A,H,A,A,07,E,03,C,,,,,C,Y,N,D,1,0,0,0,22350.0,3,37.93665272,-122.02913077,4
2012,2012-07-29,1222,7,2,12,7,N,A,N,A,H,A,A,01,W,10,G,Y,,,,B,N,N,A,1,1,0,0,21950.0,2,37.96065841,-121.98145264,4
2012,2012-07-17,1810,7,2,18,2,N,A,N,A,H,A,A,07,W,03,C,,,,,C,N,N,-,2,0,0,0,22350.0,2,37.95631369,-122.03926277,4
2012,2012-07-27,1852,7,2,18,5,Y,A,N,A,H,A,A,07,,03,C,,,,,C,Y,N,A,1,0,0,0,22350.0,4,37.93873496,-122.02505314,3
2012,2012-07-24,1913,7,2,19,2,Y,A,N,A,H,A,A,01,,09,D,,,,,C,N,N,A,2,0,0,0,21801.0,2,37.99776909,-122.04204977,4
2012,2012-07-21,120,7,2,1,6,N,A,N,A,H,C,A,01,W,01,C,,,,,C,Y,N,A,1,0,0,0,23152.0,2,37.96713499,-122.06251605,4
2012,2012-07-13,1832,7,2,18,5,N,A,N,A,H,A,A,01,S,04,C,,,,,C,N,N,A,1,0,0,0,21703.0,2,37.97179873,-122.03267711,4
2012,2012-07-10,1910,7,2,19,2,N,A,N,A,H,A,A,01,N,03,C,,,,,C,Y,N,D,2,0,0,0,22350.0,2,37.9674316,-121.99346602,4
2012,2012-07-02,2120,7,2,21,1,Y,A,N,A,H,D,A,01,,11,G,Y,,,,B,N,N,D,1,1,0,0,21950.0,2,37.99031493,-121.8401931,4
2012,2012-07-06,544,7,2,5,5,Y,A,N,A,H,A,-,- ,,- ,D,,,,,C,N,F,D,1,0,0,0,,2,37.98133496,-121.82357307,4
2012,2012-07-25,1753,7,2,17,3,N,A,Y,A,H,A,A,01,S,- ,C,,,,,C,N,N,A,1,0,0,0,,2,38.00255505,-121.8331931,4
2012,2012-06-16,2055,6,2,20,6,Y,A,Y,A,H,B,A,01,,10,G,Y,,,,B,Y,N,D,2,2,0,0,21950.0,3,37.90600964,-122.30528085,2
2012,2012-07-13,1504,7,2,15,5,N,A,N,A,H,A,D,22,S,07,B,,,,,C,Y,N,D,1,0,0,0,21658.0,2,37.92348026,-122.09467579,4
2012,2012-07-01,445,7,2,4,7,N,A,N,A,H,B,D,22,E,08,E,,,,,I,Y,N,D,1,0,0,0,22107.0,1,37.89641757,-121.63400312,4
2012,2012-07-08,1900,7,2,19,7,N,A,N,A,H,A,N,60,E,11,G,Y,,,,B,N,N,A,1,1,0,0,21954.0,2,38.02391492,-121.98341998,2
2012,2012-07-14,855,7,2,8,6,Y,A,N,A,H,A,D,22,,09,F,,Y,,,A,N,M,D,1,0,1,0,21801.0,2,37.85160492,-122.00929305,4
2012,2012-07-15,1110,7,2,11,7,Y,A,N,A,H,A,L,04,,12,D,,Y,,,G,N,N,A,1,0,1,0,22450.0,2,38.00971491,-122.11482307,3
2012,2012-06-22,438,6,2,4,5,N,A,N,A,H,A,D,22,S,03,D,,,,Y,C,Y,N,D,1,0,0,0,22350.0,2,37.89473261,-121.62309626,4
2012,2012-07-25,505,7,2,5,3,N,A,Y,A,H,D,A,01,E,03,C,,,,,C,N,F,D,1,0,0,0,22350.0,2,37.99684457,-122.06360951,4
2012,2012-07-21,1815,7,2,18,6,N,A,Y,A,H,A,A,07,E,01,C,,,,,C,Y,N,D,4,0,0,0,23152.0,2,38.01130157,-121.86479472,3
2012,2012-07-22,1225,7,2,12,7,N,A,Y,A,H,A,A,07,S,21,C,,,,,C,N,N,A,1,0,0,0,22106.0,2,38.00516013,-121.74363962,4
2012,2012-07-27,1455,7,2,14,5,N,A,Y,A,H,A,A,01,S,08,E,,,,,I,Y,N,D,1,0,0,0,22107.0,2,38.02116603,-122.10145431,2
2012,2012-07-26,640,7,2,6,4,N,A,Y,A,H,B,A,07,W,08,E,,,,,I,Y,N,D,4,0,0,0,22107.0,2,38.01940545,-121.89854002,4
2012,2012-07-27,755,7,2,7,5,N,A,Y,A,H,A,A,07,N,03,C,,,,,C,N,N,D,2,0,0,0,22350.0,3,37.86647155,-122.03883204,4
2012,2012-07-27,1420,7,2,14,5,N,A,Y,A,H,A,-,- ,S,18,F,,,,,A,Y,N,D,2,0,0,0,,1,37.97638182,-122.0449132,3
2012,2012-06-26,1813,6,2,18,2,Y,-,N,-,-,-,-,- ,,10,G,Y,,,,B,N,N,D,1,1,0,0,21950.0,2,37.914066,-122.302323,4
2012,2012-06-17,1610,6,2,16,7,N,A,Y,A,D,A,A,01,W,03,C,,,,,C,Y,N,D,6,0,0,0,22350.0,5,38.01132235,-121.86538315,3
2012,2012-07-13,1216,7,2,12,5,Y,A,N,A,H,A,C,02,,04,C,,,Y,,C,Y,N,A,1,0,0,1,21703.0,2,37.90620491,-122.06437312,3
2012,2012-07-13,1215,7,2,12,5,N,A,N,A,H,A,A,01,E,03,C,,,,,C,Y,N,D,1,0,0,0,22350.0,2,37.85213001,-122.01990375,4
2012,2012-07-21,1401,7,2,14,6,Y,A,N,A,H,A,A,01,,12,D,,,,,C,N,N,A,1,0,0,0,21453.0,2,37.89451487,-122.06197316,4
2012,2012-07-26,1023,7,2,10,4,N,A,N,A,H,A,A,01,S,03,A,,,,,C,N,N,D,1,0,0,0,22350.0,2,37.78179276,-121.97055095,4
2012,2012-07-25,1756,7,2,17,3,N,A,N,A,H,A,A,01,W,04,C,,,,,C,N,N,A,1,0,0,0,21703.0,2,37.7612384,-121.96096312,4
2012,2012-05-26,1727,5,1,17,6,N,A,N,A,H,A,A,01,S,03,E,,,,,I,N,N,A,1,0,0,0,22350.0,1,37.98663391,-121.78582987,4
2012,2012-06-26,1721,6,2,17,2,Y,-,N,A,H,A,A,07,,09,D,,,,,C,Y,N,D,1,0,0,0,21801.0,2,38.01119496,-121.81129307,4
2012,2012-06-16,1525,6,2,15,6,N,A,N,A,H,A,A,01,W,09,B,,,Y,,C,Y,N,D,1,0,0,1,21801.0,3,,,2
2012,2012-07-28,1847,7,2,18,6,N,A,N,A,H,A,-,- ,N,00,E,,,,,I,Y,N,A,1,0,0,0,,1,38.00814979,-122.31077287,4
2012,2012-08-02,720,8,2,7,4,N,A,Y,A,H,A,D,22,W,03,C,,,,,C,Y,N,D,1,0,0,0,22350.0,2,38.0120914,-121.86808989,4
2012,2012-07-28,210,7,2,2,6,N,A,Y,A,D,D,F,26,E,22,E,,,,Y,C,Y,N,D,1,0,0,0,,2,38.00359505,-121.8363031,3
2012,2012-07-30,1955,7,2,19,1,N,A,N,A,H,A,A,01,S,03,C,,,,,C,Y,N,D,1,0,0,0,22350.0,3,37.82168652,-121.59370997,4
2012,2012-07-25,620,7,2,6,3,N,A,Y,A,H,B,G,25,E,07,B,,,,Y,C,Y,N,D,2,0,0,0,21658.0,3,38.02435541,-122.26079137,3
2012,2012-08-08,1611,8,2,16,3,N,A,Y,A,H,A,D,22,N,03,C,,,,,C,N,N,D,2,0,0,0,22350.0,2,37.91177351,-122.06728429,4
2012,2012-07-31,1944,7,2,19,2,N,A,N,A,H,A,A,07,W,08,A,,,,,I,N,N,A,1,0,0,0,22107.0,1,37.99543779,-122.03107725,4
2012,2012-07-30,1109,7,2,11,1,N,A,N,A,H,A,A,01,W,21,D,,,Y,,C,N,N,A,1,0,0,1,22106.0,2,37.97841806,-122.03279553,4
2012,2012-07-26,1749,7,2,17,4,Y,A,N,A,H,A,A,08,,03,C,,,,,C,N,N,A,1,0,0,0,22350.0,2,37.96852488,-122.05263313,4
2012,2012-07-31,2143,7,2,21,2,N,A,N,A,H,C,A,01,W,- ,C,,,,,C,N,N,A,2,0,0,0,,3,37.96938884,-122.05127436,4
2012,2012-08-02,957,8,2,9,4,N,A,N,A,D,A,A,01,E,05,A,,,,,C,Y,N,D,2,0,0,0,21460.0,2,37.977876,-121.99783114,4
2012,2012-07-30,807,7,2,8,1,N,A,N,A,H,A,C,02,W,03,C,,,Y,,C,Y,N,D,2,0,0,1,22350.0,2,37.96945609,-121.97348372,4
2012,2012-07-19,950,7,2,9,4,N,A,N,A,H,A,A,01,N,10,G,Y,,,,B,N,N,A,1,1,0,0,21950.0,2,37.90415977,-122.2911681,4
2012,2012-07-15,150,7,2,1,7,N,A,N,A,H,C,A,01,E,03,C,,,,,C,N,N,A,1,0,0,0,22350.0,2,37.81147187,-121.99084203,4
2012,2012-07-16,1707,7,2,17,1,N,A,N,A,H,A,A,08,N,05,E,,,,,I,Y,N,D,1,0,0,0,21650.0,1,,,3
2012,2012-07-17,1513,7,2,15,2,N,B,N,A,H,A,A,01,W,08,B,,,,,E,Y,N,D,1,0,0,0,22107.0,3,37.96334287,-122.29129464,3
2012,2012-07-28,1354,7,2,13,6,Y,A,N,A,H,A,A,01,,08,D,,,Y,,-,Y,N,D,1,0,0,0,22103.0,3,37.94517489,-122.33719314,3
2012,2012-07-15,1431,7,2,14,7,N,A,N,A,H,A,C,02,W,03,F,,,Y,,A,Y,N,D,2,0,0,2,22350.0,1,37.9070821,-121.87552769,2
2012,2012-07-03,1930,7,2,19,2,N,A,N,A,H,A,A,01,W,08,E,,,,,I,Y,N,D,1,0,0,0,22107.0,1,37.88750123,-121.69664294,4
2012,2012-07-09,2125,7,2,21,1,N,A,N,A,H,A,C,02,W,03,E,,,Y,,I,N,N,D,1,0,0,1,22350.0,1,38.04799867,-121.64271405,4
2012,2012-07-31,1607,7,2,16,2,Y,A,N,A,H,A,A,01,,09,D,,Y,,,G,N,N,A,1,0,1,0,21453.0,2,37.89785488,-122.0583231,4
2012,2012-07-30,1434,7,2,14,1,Y,A,N,A,H,A,C,02,,05,D,,,Y,,C,N,N,D,1,0,0,1,21460.0,2,37.91101491,-121.69624306,4
2012,2012-07-24,915,7,2,9,2,N,A,Y,A,H,A,D,22,N,03,C,,,,,C,N,N,D,3,0,0,0,22350.0,3,37.81557914,-121.9932431,4
2012,2012-07-27,1615,7,2,16,5,N,A,Y,A,H,A,D,22,S,03,C,,,,,C,Y,N,D,2,0,0,0,22350.0,4,37.81884501,-121.9931445,4
2012,2012-07-19,1515,7,2,15,4,N,A,N,A,H,A,A,01,N,05,A,,,,,C,Y,N,D,1,0,0,0,21460.0,2,37.74388085,-121.87172413,3
2012,2012-07-23,803,7,2,8,1,Y,A,N,A,H,A,A,01,,12,D,,,,,C,Y,N,A,1,0,0,0,21453.0,2,37.92598493,-122.01841311,3
2012,2012-07-25,1308,7,2,13,3,N,A,N,A,H,A,A,08,E,03,C,,,,,C,Y,N,A,1,0,0,0,22350.0,3,37.92107466,-122.03389366,4
2012,2012-07-14,2325,7,2,23,6,N,-,N,-,-,D,A,01,N,01,E,,,,,I,Y,N,-,1,0,0,0,23152.0,1,37.81205242,-121.90511453,4
2012,2012-07-24,1816,7,2,18,2,N,A,N,A,H,A,N,60,W,11,G,Y,,,,B,N,N,D,1,1,0,0,21953.0,2,37.91199065,-122.06567613,4
2012,2012-07-23,855,7,2,8,1,Y,A,N,A,H,A,A,01,,03,C,,,,,C,Y,N,A,1,0,0,0,22350.0,2,37.92457493,-122.02362308,4
2012,2012-07-08,1601,7,2,16,7,N,A,N,A,H,A,A,01,W,04,C,,,,,C,N,N,A,1,0,0,0,21703.0,2,37.88727071,-122.05592893,4
2012,2012-07-19,1529,7,2,15,4,Y,A,N,A,H,A,A,,,09,D,,,,,C,Y,N,D,2,0,0,0,21802.0,2,37.90504489,-122.06370312,4
2012,2012-07-27,1838,7,2,18,5,N,A,Y,A,H,A,A,01,E,03,C,,,,,C,N,N,D,1,0,0,0,22350.0,2,37.86454243,-122.2086905,4
2012,2012-07-07,2018,7,2,20,6,N,A,N,A,H,B,A,08,W,01,C,,,,,C,Y,N,A,1,0,0,0,23153.0,2,37.92456767,-122.02367436,4
2012,2012-06-26,2300,6,2,23,2,Y,A,N,A,H,C,A,01,,01,C,,,,,C,Y,N,A,1,0,0,0,23152.0,2,37.86522496,-121.6676631,4
2012,2012-06-14,307,6,2,3,4,N,A,N,A,H,D,A,08,N,01,F,,,,,A,Y,M,D,1,0,0,0,23152.0,1,37.9837192,-121.95264734,3
2012,2012-06-19,940,6,2,9,2,Y,A,N,A,H,A,A,01,,09,D,,Y,,,G,N,N,D,1,0,1,0,21801.0,2,37.8799449,-122.03814305,3
2012,2012-06-30,1030,6,2,10,6,N,A,N,A,H,A,A,01,E,03,C,,,,,C,Y,N,D,2,0,0,0,22350.0,4,37.92772432,-122.04500163,3
2012,2012-06-27,1615,6,2,16,3,Y,A,N,A,H,A,A,01,,08,H,,Y,,,G,N,N,A,2,0,2,0,22107.0,3,37.92085488,-122.03443312,3
2012,2012-06-16,1130,6,2,11,6,N,A,Y,A,H,A,A,01,E,21,G,Y,,,,B,N,N,D,3,3,0,0,22106.0,4,37.85028502,-122.02858311,3
2012,2012-06-27,1852,6,2,18,3,Y,A,N,A,G,A,A,01,,10,G,Y,,,,B,N,N,A,1,1,0,0,21950.0,2,37.89451487,-122.06197316,4
2012,2012-06-26,1745,6,2,17,2,N,A,N,A,H,A,C,02,S,03,F,,,Y,,A,N,N,D,1,0,0,1,22350.0,2,37.99184527,-122.07372076,3
2012,2012-06-27,1342,6,2,13,3,Y,A,N,A,H,A,A,01,,09,A,,,,,C,Y,N,A,3,0,0,0,21801.0,2,37.92410487,-122.03788314,4
2012,2012-08-03,1705,8,2,17,5,N,A,Y,A,H,A,A,07,E,03,C,,,,,C,Y,N,D,1,0,0,0,22350.0,3,37.89766325,-122.09185269,4
2012,2012-08-06,1355,8,2,13,1,N,A,Y,A,H,A,A,01,W,03,C,,,,,C,Y,N,D,1,0,0,0,22350.0,2,38.01138074,-121.86562007,4
2012,2012-08-01,1636,8,2,16,3,N,A,Y,A,H,A,A,01,E,03,C,,,,,C,Y,N,D,1,0,0,0,22350.0,2,38.01013339,-122.01811815,4
2012,2012-08-07,1655,8,2,16,2,N,A,Y,A,H,A,A,08,W,03,C,,,,,C,Y,N,D,1,0,0,0,22350.0,2,38.01955758,-121.98614503,4
2012,2012-07-13,917,7,2,9,5,N,A,N,A,H,A,A,07,N,01,C,,,,,E,Y,N,A,1,0,0,0,23152.0,2,37.98643497,-122.267616,3
2012,2012-07-28,1740,7,2,17,6,N,A,Y,A,H,A,A,07,W,07,B,,,,,C,N,N,D,1,0,0,0,21658.0,4,38.02029885,-121.98346725,4
2012,2012-08-05,1630,8,2,16,7,N,A,Y,A,H,A,D,22,W,03,F,,,,,A,Y,N,D,2,0,0,0,22350.0,1,37.89158874,-122.14252171,3