ACCIDENT_YEAR,COLLISION_DATE,COLLISION_TIME,MONTH,SEASON,24HOURS,DAY_OF_WEEK,INTERSECTION,WEATHER_1,STATE_HWY_IND,ROAD_SURFACE,ROAD_COND_1,LIGHTING,STWD_VEHTYPE_AT_FAULT,CHP_VEHTYPE_AT_FAULT,DIRECTION,PCF_VIOL_CATEGORY,TYPE_OF_COLLISION,PEDESTRIAN_ACCIDENT,BICYCLE_ACCIDENT,MOTORCYCLE_ACCIDENT,TRUCK_ACCIDENT,MVIW,TOW_AWAY,HIT_AND_RUN,CONTROL_DEVICE,NUMBER_INJURED,COUNT_PED_INJURED,COUNT_BICYCLIST_INJURED,COUNT_MC_INJURED,PCF_VIOLATION,PARTY_COUNT,POINT_Y,POINT_X,COLLISION_SEVERITY
2012,2012-07-23,859,7,2,8,1,Y,A,N,A,H,A,L,04,,05,D,,Y,,,G,N,M,A,1,0,1,0,21650.0,2,37.94483488,-121.69611186,4
2012,2012-07-13,1544,7,2,15,5,N,A,N,A,H,A,-,- ,E,18,H,,Y,,,G,N,N,A,1,0,1,0,,1,38.00555446,-122.2908565,2
2012,2012-07-29,1905,7,2,19,7,Y,A,N,A,H,A,A,07,,09,D,,Y,,,G,N,N,A,1,0,1,0,21801.0,2,38.02534494,-121.95596317,2
2012,2012-07-15,1507,7,2,15,7,N,A,N,A,H,A,-,- ,N,03,A,,,,,I,Y,N,D,1,0,0,0,22350.0,1,37.9645276,-122.06232316,2
2012,2012-07-21,1610,7,2,16,6,Y,A,N,A,H,A,-,- ,,09,A,,,,,C,N,N,D,1,0,0,0,21801.0,2,37.95876494,-122.06176315,4
2012,2012-07-18,1036,7,2,10,3,N,A,N,A,H,A,-,- ,E,05,E,,,,,I,N,N,D,1,0,0,0,21650.0,1,37.9599893,-122.06643631,3
2012,2012-07-23,2022,7,2,20,1,N,A,N,A,H,B,-,- ,N,17,D,,,,,C,N,N,D,1,0,0,0,21663.0,2,37.94891956,-122.08286185,3
2012,2012-07-02,1113,7,2,11,1,Y,A,N,A,H,A,L,04,,08,D,,Y,,,G,N,N,A,1,0,1,0,22100.0,1,37.96083491,-122.07883314,3
2012,2012-07-15,1954,7,2,19,7,N,B,N,A,H,B,A,01,N,09,A,,,,,C,,N,D,5,0,0,0,21800.0,2,37.92461793,-122.33172322,3
2012,2012-07-25,1414,7,2,14,3,N,A,N,A,H,A,A,01,N,17,B,,,,,C,Y,N,A,2,0,0,0,21658.0,2,37.93869562,-122.37140357,4
2012,2012-07-27,1910,7,2,19,5,Y,A,N,A,H,A,A,01,,10,G,Y,,,,B,N,N,A,1,1,0,0,21950.0,2,37.90131488,-122.06301305,4
2012,2012-07-19,1722,7,2,17,4,N,A,N,A,H,A,A,01,W,01,C,,,,,E,Y,M,D,1,0,0,0,23152.0,2,37.90757939,-122.0447353,4
2012,2012-07-26,1152,7,2,11,4,Y,A,N,A,H,A,A,01,,09,D,,,Y,,C,Y,N,A,1,0,0,1,21804.0,3,37.89678494,-122.06887313,2
2012,2012-08-18,1330,8,2,13,6,N,A,N,A,H,A,A,01,E,21,D,,Y,,,G,N,N,D,1,0,1,0,22106.0,2,38.00153707,-122.30444903,4
2012,2012-08-27,335,8,2,3,1,Y,A,N,A,H,D,A,07,,01,D,,,,,C,Y,F,D,2,0,0,0,23152.0,2,37.84422491,-122.02787313,2
2012,2012-07-18,1955,7,2,19,3,N,A,N,A,H,A,-,- ,N,03,C,,,,,C,N,N,A,2,0,0,0,22350.0,2,37.75920327,-121.90523922,4
2012,2012-08-02,2058,8,2,20,4,N,A,Y,A,H,C,A,01,S,01,C,,,,,C,Y,N,A,4,0,0,0,23152.0,2,37.87553502,-122.04578312,4
2012,2012-08-01,1455,8,2,14,3,N,A,N,A,A,A,L,04,N,05,B,,Y,,,G,N,N,D,1,0,1,0,21202.0,2,37.78741816,-121.92398267,3
2012,2012-08-08,435,8,2,4,3,Y,A,Y,A,H,C,A,01,,12,D,,,,,C,Y,N,A,1,0,0,0,21453.0,2,37.99564087,-121.70650905,4
2012,2012-08-07,1901,8,2,19,2,Y,A,N,A,H,B,A,07,,10,G,Y,,,,B,Y,N,A,2,2,0,0,21950.0,3,38.01787495,-121.89357303,2
2012,2012-08-04,1530,8,2,15,6,N,A,Y,A,H,A,A,07,N,07,B,,,,,C,Y,N,D,1,0,0,0,21658.0,2,38.01407007,-122.19327307,4
2012,2012-08-10,912,8,2,9,5,N,A,Y,A,H,A,A,08,W,03,C,,,,,C,Y,N,D,1,0,0,0,22350.0,3,38.00374769,-121.83684497,4
2012,2012-08-06,1005,8,2,10,1,N,A,N,A,H,A,A,07,E,09,D,,,,,C,Y,N,A,1,0,0,0,21801.0,2,38.01343816,-121.91753433,4
2012,2012-08-04,130,8,2,1,6,N,A,Y,A,H,D,A,01,N,01,E,,,,,I,Y,N,D,1,0,0,0,23152.0,1,,,3
2012,2012-08-04,1805,8,2,18,6,N,A,Y,A,A,A,A,01,S,08,E,,,,,I,Y,N,D,1,0,0,0,22107.0,1,37.84768502,-122.02746311,3
2012,2012-07-27,1950,7,2,19,5,Y,A,N,A,H,A,A,01,,09,A,,,,,C,Y,N,D,5,0,0,0,21801.0,2,37.94005497,-121.64106308,2
2012,2012-07-23,230,7,2,2,1,N,A,N,A,H,D,A,01,W,01,E,,,,,I,Y,N,D,3,0,0,0,23152.0,1,38.01935051,-121.93747917,3
2012,2012-07-14,1218,7,2,12,6,N,A,N,A,H,A,C,02,E,03,E,,,Y,,I,Y,N,D,1,0,0,1,22350.0,1,37.999123,-121.82393143,3
2012,2012-07-03,2057,7,2,20,2,Y,A,N,A,H,C,-,- ,,- ,F,,,Y,,A,N,N,D,2,0,0,2,,3,38.01247493,-121.84185315,3
2012,2012-07-02,1122,7,2,11,1,Y,A,N,A,H,A,A,01,,12,B,,,,,C,Y,N,A,2,0,0,0,22450.0,3,38.000845,-121.81508303,3
2012,2012-07-18,1640,7,2,16,3,Y,A,N,A,H,A,-,- ,,03,C,,,,,C,Y,N,D,1,0,0,0,22350.0,2,37.85788494,-122.12026306,4
2012,2012-07-02,2112,7,2,21,1,Y,A,Y,A,H,B,A,01,,12,D,,,,,C,Y,N,A,1,0,0,0,21453.0,2,38.00152501,-122.28205317,4
2012,2012-08-18,254,8,2,2,6,N,A,Y,A,H,C,A,01,N,01,C,Y,,,,C,Y,N,D,5,3,0,0,23152.0,6,37.84311133,-122.02177932,3
2012,2012-08-12,1017,8,2,10,7,N,A,Y,A,H,A,A,01,W,03,C,,,,,C,Y,N,D,4,0,0,0,22350.0,2,38.05035953,-122.23065629,3
2012,2012-08-30,755,8,2,7,4,N,A,Y,A,H,A,A,01,W,07,B,,,Y,,C,Y,N,D,1,0,0,1,21658.0,3,37.88967501,-122.17536314,4
2012,2012-08-29,315,8,2,3,3,N,A,Y,A,H,D,A,01,W,07,B,,,,,C,Y,F,D,1,0,0,0,21658.0,2,38.01998037,-122.26495201,4
2012,2012-08-28,1500,8,2,15,2,N,A,Y,A,H,A,A,01,S,03,C,,,,,C,Y,N,D,1,0,0,0,22350.0,3,37.84953063,-122.02842535,4
2012,2012-08-24,1450,8,2,14,5,N,A,N,A,H,A,A,07,W,03,C,,,,,C,Y,N,D,1,0,0,0,22350.0,2,38.0029615,-122.02530921,4
2012,2012-08-30,1724,8,2,17,4,N,A,N,A,H,A,A,01,S,03,C,,,,,C,N,N,D,1,0,0,0,22350.0,3,37.95455492,-122.00286316,4
2012,2012-09-06,915,9,3,9,4,Y,A,N,A,H,A,A,01,,12,D,,,,,C,Y,N,A,2,0,0,0,21453.0,3,37.93363492,-122.09570308,2
2012,2012-08-08,1233,8,2,12,3,N,A,N,A,H,A,-,- ,E,08,E,,,,,I,Y,N,D,1,0,0,0,22107.0,1,37.83161813,-121.98335341,4
2012,2012-08-16,440,8,2,4,4,N,A,Y,A,H,C,A,01,E,08,F,,,,,A,Y,N,D,1,0,0,0,22107.0,1,37.88013142,-122.18356538,4
2012,2012-08-19,2000,8,2,20,7,N,A,Y,A,H,C,-,- ,S,18,F,,,,,I,Y,N,D,1,0,0,0,,1,37.95738189,-122.05253308,4
2012,2012-08-20,2024,8,2,20,1,N,A,Y,A,H,D,A,01,S,03,E,,,,,I,Y,N,D,1,0,0,0,22350.0,1,37.9572581,-122.0525652,4
2012,2012-08-07,1331,8,2,13,2,Y,A,N,A,H,A,L,04,,05,D,,Y,,,G,N,N,A,1,0,1,0,21650.0,2,37.81397493,-121.9960831,3
2012,2012-08-21,251,8,2,2,2,N,A,N,A,H,C,A,01,E,01,E,,,,,I,Y,N,D,1,0,0,0,23152.0,1,38.05240474,-122.22458238,4
2012,2012-08-21,1241,8,2,12,2,Y,A,N,A,H,A,A,01,,10,G,Y,,,,B,N,N,A,1,1,0,0,21950.0,2,37.89923487,-122.06357315,3
2012,2012-08-15,248,8,2,2,3,Y,A,N,A,H,C,A,01,,01,A,,,,,I,Y,N,A,1,0,0,0,23152.0,1,37.90620491,-122.06437312,2
2012,2012-08-12,1953,8,2,19,7,N,A,N,A,H,B,A,01,E,17,B,,Y,,,J,N,N,D,1,0,1,0,21209.0,2,37.91434212,-122.01615416,2
2012,2012-08-17,1409,8,2,14,5,N,A,N,A,H,A,A,01,E,03,C,,,,,C,Y,N,A,1,0,0,0,22350.0,2,37.92780365,-122.04486008,4
2012,2012-08-23,1027,8,2,10,4,Y,A,N,A,H,A,A,01,,10,G,Y,,,,B,N,N,A,1,1,0,0,21950.0,2,37.90763496,-122.0664431,3
2012,2012-08-30,547,8,2,5,4,Y,A,N,A,H,B,N,60,,11,B,Y,,,,B,N,N,A,1,1,0,0,21456.0,2,37.927015,-122.04055309,4
2012,2012-08-14,1126,8,2,11,2,N,A,N,A,H,A,A,01,E,03,C,,,,,C,N,N,D,1,0,0,0,22350.0,2,37.90841713,-122.05430899,4
2012,2012-08-19,1253,8,2,12,7,N,A,N,A,H,A,-,- ,W,03,C,,,,,C,Y,N,D,1,0,0,0,22350.0,3,37.89640627,-122.07176775,4
2012,2012-08-17,803,8,2,8,5,N,A,N,A,H,A,A,01,E,03,C,,,,,C,Y,N,A,1,0,0,0,22350.0,3,37.92788298,-122.04471853,4
2012,2012-08-13,827,8,2,8,1,N,A,N,A,H,A,A,01,E,05,B,,,,,C,Y,N,D,2,0,0,0,21460.0,2,37.92783246,-122.01330852,3
2012,2012-08-14,1409,8,2,14,2,Y,A,N,A,H,A,A,07,,12,D,,,,,C,Y,N,A,2,0,0,0,21453.0,2,37.76652652,-121.90508902,4
2012,2012-08-22,1142,8,2,11,3,N,A,N,A,H,A,A,01,N,03,C,,,,,C,Y,N,D,1,0,0,0,22350.0,2,37.7804861,-121.96672887,4
2012,2012-08-20,1533,8,2,15,1,N,A,N,A,H,A,-,- ,S,03,C,,,,,C,N,N,A,2,0,0,0,22350.0,3,37.96664274,-122.06269944,4
2012,2012-08-03,2209,8,2,22,5,N,A,N,A,H,C,-,- ,,03,H,,,,,-,Y,N,A,1,0,0,0,22350.0,1,,,4
2012,2012-08-18,139,8,2,1,6,Y,A,N,A,H,C,A,07,,12,C,,,,,C,Y,N,A,1,0,0,0,21453.0,2,37.76146497,-121.96027307,4
2012,2012-08-16,1604,8,2,16,4,Y,A,N,A,H,A,A,01,,09,D,,,,,C,Y,N,D,1,0,0,0,21801.0,2,37.83013496,-122.13059317,3
2012,2012-07-27,1405,7,2,14,5,N,A,Y,A,H,A,A,01,E,08,E,,,,,I,Y,N,D,1,0,0,0,22107.0,1,37.97729463,-122.31812409,4
2012,2012-07-08,330,7,2,3,7,N,A,N,A,H,C,A,01,W,01,E,,,,,I,Y,M,D,1,0,0,0,23152.0,1,37.99666602,-122.31943174,4
2012,2012-07-08,900,7,2,9,7,N,A,Y,A,H,A,C,02,E,01,C,,,Y,,C,Y,N,D,1,0,0,1,23152.0,2,37.93242475,-122.39809971,4
2012,2012-07-09,1142,7,2,11,1,N,A,Y,A,H,A,-,99,W,07,B,,,,,C,Y,N,D,1,0,0,0,21658.0,4,37.91668677,-122.31755317,3
2012,2012-07-29,1459,7,2,14,7,N,A,N,A,H,A,A,01,S,10,G,Y,,,,B,N,N,A,1,1,0,0,21952.0,2,37.99426063,-122.28569167,3
2012,2012-07-13,1853,7,2,18,5,N,A,N,A,H,A,L,04,E,08,B,,Y,,,G,N,N,A,1,0,1,0,22107.0,2,38.00764972,-122.287526,4
2012,2012-08-28,1409,8,2,14,2,N,A,N,A,H,A,L,04,S,12,D,,Y,,,G,N,N,A,1,0,1,0,21453.0,2,37.97085798,-122.04318184,4
2012,2012-08-25,1305,8,2,13,6,N,A,N,A,H,A,L,04,N,03,E,,Y,,,J,N,N,D,1,0,1,0,22350.0,1,37.83075043,-121.94866518,3
2012,2012-08-24,30,8,2,0,5,N,A,Y,A,H,D,A,01,N,01,C,,,,,C,Y,N,D,1,0,0,0,23152.0,2,37.78426592,-121.97914146,2
2012,2012-08-22,1815,8,2,18,3,N,A,Y,A,H,A,A,01,S,08,E,,,,,I,Y,N,D,1,0,0,0,22107.0,1,37.80406033,-121.98995054,4
2012,2012-08-14,1000,8,2,10,2,N,A,N,A,H,A,A,01,N,08,B,,,,,C,N,N,D,1,0,0,0,22107.0,2,37.95294044,-122.36890323,3
2012,2012-08-23,845,8,2,8,4,N,B,Y,A,H,A,A,07,E,07,C,,,Y,,C,Y,N,D,1,0,0,1,21658.0,3,37.90207441,-122.31177744,4
2012,2012-08-14,1749,8,2,17,2,N,A,Y,A,H,A,A,08,W,07,B,,,Y,,C,Y,N,D,1,0,0,1,21658.0,2,37.9113406,-122.31730774,3
2012,2012-08-23,950,8,2,9,4,N,B,Y,A,H,A,A,07,E,03,C,,,,,C,N,N,D,2,0,0,0,22350.0,2,37.92956277,-122.32396946,4
2012,2012-08-13,1700,8,2,17,1,N,A,Y,A,H,A,A,07,W,03,C,,,,,C,Y,N,D,2,0,0,0,22350.0,2,37.8595192,-122.2119271,4
2012,2012-08-21,1603,8,2,16,2,N,A,Y,A,H,A,A,01,W,08,E,,,,,I,Y,N,D,2,0,0,0,22107.0,2,37.96814307,-122.32124016,4
2012,2012-08-20,1714,8,2,17,1,N,A,Y,A,H,A,A,08,W,03,C,,,,,C,N,N,D,1,0,0,0,22350.0,2,37.95514384,-122.3293307,4
2012,2012-08-25,1420,8,2,14,6,N,A,Y,A,H,A,C,02,E,03,E,,,Y,,J,N,N,D,2,0,0,2,22350.0,2,37.93163653,-122.3251414,2
2012,2012-08-30,2328,8,2,23,4,N,A,Y,A,H,D,C,02,E,03,F,,,Y,,A,Y,N,D,1,0,0,1,22350.0,1,37.98522501,-122.31577317,4
2012,2012-08-30,2100,8,2,21,4,N,B,Y,A,H,C,A,01,E,08,A,,,,,J,Y,N,D,1,0,0,0,22107.0,1,37.9322503,-122.39875786,2
2012,2012-08-03,805,8,2,8,5,N,A,Y,A,H,A,A,01,W,03,C,,,,,C,Y,N,D,1,0,0,0,22350.0,2,37.92173501,-122.34661317,4
2012,2012-08-16,915,8,2,9,4,N,A,Y,A,H,A,A,01,E,08,E,,,,,I,Y,N,D,1,0,0,0,22107.0,1,37.91348019,-122.32519942,4
2012,2012-08-02,1520,8,2,15,4,N,A,Y,A,H,A,C,02,E,07,B,,,Y,,C,N,F,D,1,0,0,1,21658.0,2,37.91597192,-122.31737317,3
2012,2012-08-30,1735,8,2,17,4,N,A,Y,A,C,A,A,07,W,08,E,,,,,I,Y,N,D,2,0,0,0,22107.0,1,37.92699507,-122.36810129,3
2012,2012-08-28,1654,8,2,16,2,Y,A,N,A,H,A,A,08,,09,D,,,,,C,Y,N,A,1,0,0,0,21800.0,2,37.99070496,-121.64156309,3
2012,2012-08-30,254,8,2,2,4,N,A,Y,A,H,D,A,01,W,01,C,,,,,C,Y,N,D,2,0,0,0,23152.0,2,37.97513821,-122.31888675,4
2012,2012-08-18,746,8,2,7,6,N,A,N,A,H,A,A,01,E,03,C,,,,,C,N,N,A,1,0,0,0,22350.0,2,37.92788298,-122.04471853,4
2012,2012-08-03,1155,8,2,11,5,Y,A,N,A,H,A,A,01,,01,A,,,,,C,Y,N,D,4,0,0,0,23152.0,2,37.90216497,-121.60906302,3
2012,2012-08-06,1345,8,2,13,1,N,A,N,A,B,A,A,01,N,03,A,,,,,C,Y,N,A,2,0,0,0,22350.0,2,37.93440633,-121.77734014,4
2012,2012-08-02,1725,8,2,17,4,N,A,N,A,H,A,A,01,S,08,E,,,,,I,Y,N,D,1,0,0,0,22107.0,1,38.01245951,-121.94190285,4
2012,2012-08-03,1203,8,2,12,5,Y,A,N,A,H,A,A,01,,01,A,,,,,C,Y,N,D,1,0,0,0,23152.0,2,37.89035498,-121.61520297,4
2012,2012-08-02,950,8,2,9,4,N,A,N,A,H,A,A,01,N,08,E,,,,,I,Y,N,D,1,0,0,0,22107.0,1,38.03205336,-122.26514974,3
2012,2012-08-12,731,8,2,7,7,N,B,Y,A,H,A,A,01,W,08,E,,,,,I,Y,N,D,1,0,0,0,22107.0,1,37.94889494,-122.32628254,3
2012,2012-08-09,1240,8,2,12,4,N,A,Y,A,H,A,A,01,E,08,E,,,,,I,Y,N,D,2,0,0,0,22107.0,1,37.96916019,-122.32087879,2
2012,2012-08-01,1435,8,2,14,3,N,A,Y,A,H,A,A,07,W,08,E,,,,,I,Y,N,D,1,0,0,0,22107.0,1,37.98814501,-122.31335317,4
2012,2012-08-05,0,8,2,0,7,Y,A,N,A,H,A,A,01,,05,H,,Y,,,G,N,N,D,1,0,1,0,21650.0,2,37.98085492,-122.12482306,4
2012,2012-08-03,956,8,2,9,5,Y,A,N,A,H,A,A,01,,12,D,,,,,C,Y,N,A,1,0,0,0,21453.0,2,37.95786492,-122.09263313,4
2012,2012-08-06,1419,8,2,14,1,N,A,N,A,H,A,C,02,E,03,F,,,Y,,A,N,N,A,1,0,0,1,22350.0,1,37.92843828,-122.04372769,3
2012,2012-08-06,1630,8,2,16,1,N,A,N,A,H,A,A,01,E,03,C,,,,,C,Y,N,A,3,0,0,0,22350.0,2,37.92459858,-122.02345236,4
2012,2012-08-06,1537,8,2,15,1,N,A,N,A,H,A,A,07,S,03,C,,,,,C,Y,N,D,2,0,0,0,22350.0,2,37.87667488,-122.07163313,3
2012,2012-08-08,2221,8,2,22,3,Y,A,N,A,H,C,A,01,,09,D,,,,,D,Y,N,D,1,0,0,0,21804.0,2,37.90504497,-122.06126309,3
2012,2012-08-08,1715,8,2,17,3,N,A,N,A,H,A,A,07,N,21,E,,,,,I,N,M,D,1,0,0,0,22106.0,1,37.88116206,-122.06044693,2
2012,2012-08-15,1613,8,2,16,3,Y,A,N,A,H,A,A,01,,12,-,,,,,C,Y,N,-,4,0,0,0,21453.0,2,37.89451487,-122.06197316,4
2012,2012-08-10,2210,8,2,22,5,N,A,N,A,H,C,A,01,W,07,E,,,,,I,N,N,D,1,0,0,0,21658.0,1,37.89758749,-122.08084729,4
2012,2012-08-09,953,8,2,9,4,N,A,N,A,G,A,L,04,S,03,H,,Y,,,I,N,N,D,1,0,1,0,22350.0,1,37.9686732,-122.10067667,3
2012,2012-08-04,1537,8,2,15,6,N,B,N,A,H,A,A,01,W,03,C,,,,,C,Y,N,A,1,0,0,0,22350.0,3,37.92732174,-122.045704,4
2012,2012-08-05,1322,8,2,13,7,Y,A,N,A,H,A,A,01,,12,D,,,,,C,Y,N,D,2,0,0,0,22450.0,2,37.91128494,-122.06683311,3
2012,2012-08-30,1842,8,2,18,4,N,A,N,A,H,A,L,04,S,05,H,,Y,,,G,N,N,D,1,0,1,0,21650.0,2,37.95719488,-122.03798801,4
2012,2012-08-10,1118,8,2,11,5,Y,A,N,A,H,A,A,01,,08,B,,,,,C,Y,N,D,2,0,0,0,22107.0,2,38.012481,-121.82904,4
2012,2012-08-31,800,8,2,8,5,N,A,N,A,H,A,A,08,S,10,G,Y,,,,B,N,F,A,1,1,0,0,21950.0,2,37.99367128,-121.80790261,4
2012,2012-08-04,1613,8,2,16,6,Y,A,N,A,H,A,A,01,,12,D,,,,,C,N,N,A,1,0,0,0,21453.0,3,37.961748,-121.7474595,4
2012,2012-08-08,1444,8,2,14,3,Y,A,N,A,H,A,-,- ,,03,A,,,,,C,N,N,D,2,0,0,0,22350.0,2,38.00428495,-121.85306304,4
2012,2012-08-24,1533,8,2,15,5,N,A,N,A,H,A,A,01,N,05,D,,,,,C,N,N,D,1,0,0,0,21460.0,2,37.93036499,-121.6778931,4
2012,2012-08-02,1618,8,2,16,4,Y,A,N,A,H,A,A,01,,11,G,Y,,,,B,N,N,A,1,1,0,0,21950.0,2,37.936555,-121.69668299,3
2012,2012-08-08,1433,8,2,14,3,Y,A,N,A,H,A,-,- ,,12,D,,,,,C,Y,N,A,2,0,0,0,21453.0,2,37.93264492,-121.71449303,3
2012,2012-08-19,237,8,2,2,7,N,A,N,A,H,C,A,01,E,01,E,,,,,I,Y,N,D,1,0,0,0,23152.0,1,37.93450353,-121.68447107,4
2012,2012-08-23,2308,8,2,23,4,N,B,N,A,H,C,A,01,E,01,F,,,,,I,Y,N,A,1,0,0,0,23152.0,1,37.96316945,-122.33735184,3
2012,2012-08-28,837,8,2,8,2,Y,A,N,A,H,A,-,- ,,08,B,,,,,C,N,N,D,1,0,0,0,22100.0,2,37.9580849,-122.35296319,4
2012,2012-08-28,1843,8,2,18,2,Y,A,N,A,H,A,A,07,,10,G,Y,,,,B,N,N,A,2,2,0,0,21950.0,3,37.96347489,-122.34559315,3
2012,2012-08-29,833,8,2,8,3,Y,A,N,A,H,A,A,01,,03,C,,,,,C,N,M,D,2,0,0,0,22350.0,3,37.95102487,-122.34742316,4
2012,2012-08-25,2238,8,2,22,6,N,A,N,A,H,C,C,02,W,03,C,,,Y,,E,N,N,D,1,0,0,1,22350.0,2,38.01641406,-122.26383758,2
2012,2012-08-02,746,8,2,7,4,N,A,N,A,H,A,A,08,N,10,G,Y,,,,B,N,N,D,1,1,0,0,21950.0,2,37.99577146,-122.24554321,4
2012,2012-08-29,825,8,2,8,3,N,A,Y,A,H,A,A,01,E,03,C,,,Y,,C,N,N,A,1,0,0,1,22350.0,2,37.82265449,-122.00074056,4
2012,2012-08-17,933,8,2,9,5,Y,A,Y,A,H,A,A,07,,09,A,,,,,C,Y,N,A,2,0,0,0,21803.0,2,37.96331743,-122.32787683,4
2012,2012-08-14,1753,8,2,17,2,N,A,N,A,H,A,A,01,S,21,G,Y,,,,B,N,N,D,1,1,0,0,22106.0,3,37.97969329,-122.34235714,4
2012,2012-08-08,2040,8,2,20,3,Y,A,N,A,H,C,A,01,,04,C,,,,,C,N,N,A,1,0,0,0,21703.0,2,37.9565549,-122.34732315,4
2012,2012-08-06,45,8,2,0,1,N,A,Y,A,H,C,A,07,W,08,E,,,,,I,Y,N,D,8,0,0,0,22107.0,1,38.01398619,-121.87645766,2
2012,2012-08-17,910,8,2,9,5,N,A,Y,A,H,A,A,01,W,03,C,,,,,C,N,N,D,1,0,0,0,22350.0,2,38.00463003,-121.8400463,4
2012,2012-08-16,1626,8,2,16,4,N,A,Y,A,H,A,A,01,W,04,C,,,,,C,N,N,D,1,0,0,0,21703.0,3,38.00862999,-122.02823057,4
2012,2012-08-14,1950,8,2,19,2,N,A,Y,A,H,D,A,01,E,08,E,,,,,I,Y,N,D,3,0,0,0,22107.0,2,37.99963637,-121.82182064,4
2012,2012-08-10,1415,8,2,14,5,N,A,Y,A,H,A,A,01,S,03,C,,,,,C,N,N,D,2,0,0,0,22350.0,2,37.95801503,-122.05241313,4
2012,2012-08-01,1135,8,2,11,3,N,A,N,A,H,A,A,01,E,09,C,,,,,C,Y,N,D,1,0,0,0,21802.0,2,37.96752801,-121.80712124,4
2012,2012-10-10,2343,10,3,23,3,N,B,N,A,H,C,D,22,S,01,F,,,,,I,Y,N,A,1,0,0,0,23152.0,1,37.74244712,-121.9146651,3
2012,2012-10-08,1238,10,3,12,1,Y,A,N,A,H,A,-,- ,,03,C,,,,,C,N,N,A,1,0,0,0,22350.0,2,37.76384002,-121.95499867,4
2012,2012-08-09,815,8,2,8,4,N,A,Y,A,D,A,A,01,W,07,B,,,Y,,C,N,N,D,1,0,0,1,21658.0,2,38.00053146,-121.82511202,4
2012,2012-08-06,1449,8,2,14,1,N,A,N,A,H,A,A,01,W,03,C,,,Y,,C,N,N,A,3,0,0,1,22350.0,3,37.94797436,-122.05101147,4
2012,2012-08-10,659,8,2,6,5,N,A,N,A,H,A,A,07,W,07,B,,,,,C,N,N,A,2,0,0,0,21658.0,2,37.95919219,-122.03509024,4
2012,2012-08-10,1643,8,2,16,5,Y,A,N,A,H,A,A,01,,17,D,,,,,C,Y,N,D,1,0,0,0,21461.0,2,37.97825493,-122.03975313,4
2012,2012-08-05,1623,8,2,16,7,N,A,N,A,H,A,C,02,N,01,H,,,Y,,J,Y,N,D,1,0,0,1,23152.0,1,37.97659537,-121.96038678,2
2012,2012-08-15,1500,8,2,15,3,N,A,Y,A,H,A,A,01,W,03,C,,,,,C,Y,N,D,2,0,0,0,22350.0,3,37.86765007,-122.19722785,4
2012,2012-08-14,440,8,2,4,2,N,A,Y,A,H,C,A,01,E,08,F,,,,,A,Y,N,D,1,0,0,0,22107.0,1,37.88013142,-122.18356538,2
2012,2012-08-11,1015,8,2,10,6,N,A,Y,A,H,A,A,08,E,21,C,,,,,C,N,N,A,2,0,0,0,22106.0,2,37.99826505,-121.8021331,4
2012,2012-08-05,1820,8,2,18,7,N,A,Y,A,H,A,A,01,N,03,C,,,,,C,Y,M,D,1,0,0,0,22350.0,2,37.94027496,-122.05999599,4
2012,2012-07-19,1239,7,2,12,4,N,A,Y,A,H,A,A,07,W,03,C,,,,,C,N,N,D,1,0,0,0,22350.0,2,37.98321501,-122.31600317,4
2012,2012-09-11,2050,9,3,20,2,N,A,N,A,B,D,-,- ,S,18,E,,,,,I,N,N,D,1,0,0,0,,1,37.98158639,-121.89921824,4
2012,2012-09-07,610,9,3,6,5,N,B,Y,A,H,D,A,01,E,07,B,,,,,C,Y,N,D,1,0,0,0,21658.0,2,37.99744037,-122.28595076,4
2012,2012-09-12,750,9,3,7,3,N,A,Y,A,H,A,A,01,W,03,C,,,,,C,N,N,D,1,0,0,0,22350.0,2,37.98139073,-121.69589658,4
2012,2012-09-11,1010,9,3,10,2,N,A,N,A,H,A,F,26,S,03,C,,,,Y,C,Y,N,A,1,0,0,0,22350.0,2,37.92782764,-122.06004318,3
2012,2012-09-11,2049,9,3,20,2,N,A,N,A,B,D,-,- ,S,18,E,,,,,J,Y,N,D,1,0,0,0,,1,37.98158639,-121.89921824,4
2012,2012-09-04,905,9,3,9,2,N,A,Y,A,H,A,A,01,W,03,C,,,,,C,Y,N,D,2,0,0,0,22350.0,2,38.01373562,-122.27070041,4
2012,2012-08-20,823,8,2,8,1,N,A,N,A,H,A,A,07,E,01,C,,,,,C,Y,N,D,3,0,0,0,23152.0,3,38.026775,-121.92819954,4
2012,2012-08-30,2140,8,2,21,4,N,A,N,A,H,C,A,01,W,08,D,,,,,C,Y,N,A,1,0,0,0,22107.0,2,38.00621907,-121.83760822,3
2012,2012-08-27,200,8,2,2,1,N,A,N,A,H,D,-,- ,,01,F,,,,,J,Y,M,A,1,0,0,0,23152.0,1,38.0267849,-121.93232314,3
2012,2012-06-29,14,6,2,0,5,N,A,N,B,H,C,A,01,S,- ,E,,,,,I,Y,N,A,3,0,0,0,,1,37.98291976,-121.78409959,3
2012,2012-08-20,1425,8,2,14,1,N,A,N,A,H,A,A,01,N,08,D,,,,,C,Y,N,D,1,0,0,0,22107.0,2,37.99560106,-122.30234244,4
2012,2012-08-31,1645,8,2,16,5,N,A,N,A,H,A,A,08,W,08,E,,,,,I,Y,N,A,1,0,0,0,22107.0,1,37.75324,-121.90048,3
2012,2012-09-01,1427,9,3,14,6,Y,A,N,A,H,A,D,22,,17,D,,,,,C,Y,N,A,2,0,0,0,21461.0,2,37.76368486,-121.94953303,3
2012,2012-07-19,1644,7,2,16,4,N,A,N,A,H,A,A,07,N,08,D,,,,,C,Y,N,D,1,0,0,0,22107.0,2,37.94088555,-121.6961853,4