ACCIDENT_YEAR,COLLISION_DATE,COLLISION_TIME,MONTH,SEASON,24HOURS,DAY_OF_WEEK,INTERSECTION,WEATHER_1,STATE_HWY_IND,ROAD_SURFACE,ROAD_COND_1,LIGHTING,STWD_VEHTYPE_AT_FAULT,CHP_VEHTYPE_AT_FAULT,DIRECTION,PCF_VIOL_CATEGORY,TYPE_OF_COLLISION,PEDESTRIAN_ACCIDENT,BICYCLE_ACCIDENT,MOTORCYCLE_ACCIDENT,TRUCK_ACCIDENT,MVIW,TOW_AWAY,HIT_AND_RUN,CONTROL_DEVICE,NUMBER_INJURED,COUNT_PED_INJURED,COUNT_BICYCLIST_INJURED,COUNT_MC_INJURED,PCF_VIOLATION,PARTY_COUNT,POINT_Y,POINT_X,COLLISION_SEVERITY
2012,2012-10-16,800,10,3,8,2,Y,A,N,A,H,A,-,- ,,00,G,Y,,,,B,N,N,D,1,1,0,0,,2,37.98476495,-122.28065322,4
2012,2012-10-25,1154,10,3,11,4,N,A,N,A,H,A,-,- ,W,18,E,,,,,I,Y,M,D,1,0,0,0,,1,37.99559041,-122.30399043,3
2012,2012-10-25,205,10,3,2,4,N,A,Y,A,H,A,-,- ,S,01,E,,,,,I,Y,N,D,2,0,0,0,23152.0,1,37.89049505,-121.64100306,2
2013,2013-01-16,714,1,4,7,3,N,A,N,A,H,A,A,01,N,03,C,,,,,C,N,N,D,1,0,0,0,22350.0,2,37.7397388,-121.9139716,4
2012,2012-12-31,2048,12,4,20,1,N,A,N,A,H,C,A,01,N,08,D,,,,,C,N,N,A,1,0,0,0,22103.0,2,37.97769021,-122.02425735,4
2012,2012-10-29,1725,10,3,17,1,N,A,Y,A,H,A,A,08,E,08,B,,,,,C,Y,N,D,1,0,0,0,22107.0,2,37.99788694,-121.75559982,3
2012,2012-10-16,915,10,3,9,2,N,A,Y,A,H,A,A,01,E,03,C,,,,,C,N,N,D,1,0,0,0,22350.0,2,37.92341894,-122.060982,4
2012,2012-10-03,1506,10,3,15,3,N,A,N,A,H,A,A,01,W,10,D,Y,,,,B,N,N,D,1,1,0,0,21952.0,2,37.9077429,-122.05620716,3
2013,2013-01-07,1902,1,4,19,1,N,A,Y,A,H,C,A,01,S,04,C,,,,,C,Y,N,D,1,0,0,0,21703.0,2,37.992305,-122.3072832,4
2013,2013-01-04,1030,1,4,10,5,N,A,Y,A,H,A,A,01,W,03,C,,,,,C,Y,N,D,1,0,0,0,22350.0,2,37.9328902,-122.4121654,4
2013,2013-01-09,407,1,4,4,3,N,E,N,B,H,C,A,01,E,08,C,,,,,E,Y,N,A,1,0,0,0,22107.0,2,38.013228,-121.9487396,4
2013,2013-01-08,811,1,4,8,2,N,E,N,A,H,A,A,07,E,21,D,,,,,C,N,N,D,2,0,0,0,22106.0,2,37.99634446,-121.86319739,4
2013,2013-01-04,2008,1,4,20,5,N,A,N,A,H,C,-,- ,W,01,E,,,,,J,Y,M,A,1,0,0,0,23152.0,1,38.0129219,-121.9146676,4
2013,2013-01-09,1700,1,4,17,3,N,B,Y,B,H,C,A,08,E,03,C,,,,,C,Y,N,D,2,0,0,0,22350.0,2,37.993163,-122.0737365,4
2013,2013-01-10,855,1,4,8,4,N,A,Y,A,H,A,A,01,W,08,E,,,,,I,Y,N,D,1,0,0,0,22107.0,2,38.0207388,-121.9835442,4
2013,2013-01-08,1800,1,4,18,2,N,A,Y,A,H,A,A,01,S,03,C,,,,,C,N,N,D,1,0,0,0,22350.0,2,37.9147852,-122.0660117,4
2013,2013-01-05,1604,1,4,16,6,N,B,N,B,H,A,A,08,,07,E,,,,,J,Y,N,D,1,0,0,0,21658.0,1,,,4
2013,2013-01-08,1250,1,4,12,2,N,B,N,A,H,A,A,01,S,09,B,,,,,C,N,N,D,1,0,0,0,21804.0,2,37.7787046,-121.968459,4
2013,2013-01-04,913,1,4,9,5,N,A,N,A,H,A,A,07,S,09,D,,,,,C,Y,N,D,2,0,0,0,21801.0,2,37.7755782,-121.9818391,2
2013,2013-01-08,1001,1,4,10,2,Y,A,N,A,H,A,-,- ,,09,D,,,,,C,Y,N,A,1,0,0,0,21453.0,2,37.998145,-121.7310231,4
2013,2013-01-09,1901,1,4,19,3,Y,A,N,A,H,C,A,01,,09,D,,,,,C,Y,N,A,2,0,0,0,21453.0,2,37.983235,-121.732383,4
2013,2013-01-08,1750,1,4,17,2,N,A,N,A,H,C,N,60,W,11,G,Y,,,,B,N,N,D,1,1,0,0,21954.0,2,,,2
2013,2013-01-19,1635,1,4,16,6,N,A,N,A,H,A,C,02,S,08,E,,,Y,,J,N,N,D,1,0,0,1,22107.0,1,37.9685953,-121.6776249,4
2013,2013-10-17,816,10,3,8,4,N,A,N,A,H,A,A,01,S,03,C,,,,,C,Y,N,D,1,0,0,0,22350.0,3,37.77079672,-121.91157818,4
2013,2013-01-16,1407,1,4,14,3,N,A,N,A,H,A,A,01,N,08,E,,,,,I,Y,N,D,1,0,0,0,22107.0,1,37.96338,-121.67761,4
2013,2013-01-15,1855,1,4,18,2,Y,A,N,A,H,C,-,- ,,12,A,,,,,C,Y,N,A,3,0,0,0,21453.0,2,37.978585,-122.0295731,4
2013,2013-01-09,1730,1,4,17,3,N,B,Y,A,H,D,A,01,N,03,C,,,,,C,Y,N,D,2,0,0,0,22350.0,3,37.7792177,-121.9761575,4
2013,2013-01-09,1835,1,4,18,3,N,B,Y,A,H,D,A,01,S,03,C,,,,,C,N,N,D,1,0,0,0,22350.0,2,37.7732146,-121.9731382,4
2013,2013-01-10,1650,1,4,16,4,N,A,Y,A,H,A,A,01,S,03,C,,,,,C,Y,N,D,1,0,0,0,22350.0,4,37.8056612,-121.99034,4
2013,2013-01-20,2027,1,4,20,7,Y,A,N,A,H,C,A,01,,09,D,,,,,C,Y,N,A,2,0,0,0,21801.0,2,37.8230249,-121.9982531,3
2013,2013-01-02,610,1,4,6,3,N,A,N,A,A,B,A,01,N,08,E,,,,,I,Y,N,A,1,0,0,0,22107.0,1,37.96393687,-121.9279933,3
2013,2013-01-02,940,1,4,9,3,N,A,Y,A,H,A,A,07,N,08,B,,,,,C,Y,N,D,1,0,0,0,22107.0,2,37.9574028,-122.0531732,4
2013,2013-01-18,124,1,4,1,5,N,A,N,A,H,C,A,01,N,01,A,,,,,E,Y,N,A,1,0,0,0,23152.0,3,37.7517672,-121.9588207,4
2013,2013-01-15,1548,1,4,15,2,N,A,N,A,H,A,A,01,W,09,A,,,,,C,Y,N,D,1,0,0,0,21801.0,2,38.0112461,-121.8208949,4
2013,2013-01-05,1756,1,4,17,6,Y,C,N,B,H,D,A,01,,12,D,,,,,C,N,M,A,1,0,0,0,22450.0,2,37.994105,-121.8173731,4
2013,2013-01-12,1118,1,4,11,6,N,A,N,A,H,A,A,01,E,01,C,,,,,C,Y,N,D,2,0,0,0,23152.0,2,37.9709379,-122.0125725,3
2013,2013-01-02,920,1,4,9,3,N,A,N,A,H,A,A,01,W,03,C,,,,,C,N,N,A,3,0,0,0,22350.0,3,37.9430276,-122.0186083,4
2013,2013-01-08,1218,1,4,12,2,Y,A,N,A,H,A,A,01,,10,G,Y,,,,B,N,N,A,1,1,0,0,21950.0,2,37.927525,-122.0147031,4
2013,2013-01-05,1919,1,4,19,6,N,B,N,B,H,C,-,- ,W,03,D,,,,,C,Y,N,D,5,0,0,0,22350.0,2,37.9759062,-122.342191,4
2013,2013-01-31,1825,1,4,18,4,Y,A,N,A,H,C,A,01,,09,D,,,,,C,Y,N,A,2,0,0,0,21801.0,2,37.9674349,-122.3442232,4
2013,2013-01-08,530,1,4,5,2,N,A,Y,A,H,C,A,01,E,07,C,,,,,C,Y,N,D,1,0,0,0,21658.0,2,37.9691602,-122.3208788,4
2013,2013-01-16,1829,1,4,18,3,N,A,N,A,H,C,A,01,N,03,C,,,,,C,N,N,A,1,0,0,0,22350.0,2,37.9423393,-122.0283941,4
2013,2013-11-29,730,11,3,7,5,N,A,Y,A,H,A,L,04,E,08,E,,Y,,,I,N,N,D,1,0,1,0,22107.0,1,38.023045,-121.9655831,3
2013,2013-01-22,1359,1,4,13,2,N,A,Y,A,H,A,A,07,N,01,E,,,,,I,Y,N,D,1,0,0,0,23152.0,1,37.892539,-122.0645544,3
2013,2013-01-15,145,1,4,1,2,N,A,Y,A,H,E,A,01,W,01,E,,,,,I,Y,N,A,1,0,0,0,23152.0,1,37.9968051,-121.7897531,3
2013,2013-01-09,1830,1,4,18,3,N,B,N,B,H,D,N,60,E,11,G,Y,,,,B,N,N,D,1,1,0,0,21956.0,2,38.0195301,-121.6387202,3
2013,2013-01-13,1433,1,4,14,7,N,A,N,A,H,A,C,02,W,01,E,,,Y,,I,N,N,D,1,0,0,1,23152.0,1,38.0424443,-121.6469177,3
2013,2013-01-08,820,1,4,8,2,N,A,N,A,H,A,A,01,E,03,C,,,,,C,N,N,D,3,0,0,0,22350.0,3,37.9781679,-122.295206,4
2013,2013-01-01,1636,1,4,16,2,N,A,N,A,H,A,C,02,N,08,F,,,Y,,A,N,N,D,1,0,0,1,22107.0,1,37.8324188,-121.6071141,3
2012,2012-11-09,1647,11,3,16,5,N,B,Y,A,H,A,-,- ,N,04,C,,,,,C,N,N,D,1,0,0,0,21703.0,2,,,4
2013,2013-02-22,1710,2,4,17,5,Y,A,N,A,H,A,D,22,,01,D,,,,,C,N,F,D,3,0,0,0,23152.0,2,37.9968149,-122.3166231,3
2013,2013-02-27,742,2,4,7,3,N,A,Y,A,H,A,A,01,W,03,C,,,,,C,N,N,D,1,0,0,0,22350.0,2,37.9272966,-122.3783015,4
2013,2013-03-18,1655,3,1,16,1,N,B,Y,A,H,A,F,25,E,08,D,,,,Y,C,Y,N,D,1,0,0,0,22107.0,2,37.9911258,-122.0842001,4
2013,2013-01-29,1249,1,4,12,2,Y,A,N,A,H,A,A,01,,03,C,,,,Y,C,Y,N,D,2,0,0,0,22350.0,2,37.988815,-122.0070831,3
2013,2013-01-20,1406,1,4,14,7,Y,A,N,A,H,A,-,- ,,12,D,,,Y,,C,Y,N,A,1,0,0,1,21453.0,2,37.976575,-122.0288231,4
2013,2013-01-14,1928,1,4,19,1,N,A,N,A,H,C,A,01,W,08,B,,,,,C,Y,N,A,1,0,0,0,22107.0,2,37.9766668,-122.0313354,4
2013,2013-01-22,1022,1,4,10,2,N,A,N,A,H,A,A,01,N,03,C,,,,,C,N,N,D,1,0,0,0,22350.0,2,37.9688501,-122.0320969,4
2013,2013-01-22,1417,1,4,14,2,N,A,N,A,H,A,A,01,S,09,D,,,,,C,N,N,A,1,0,0,0,21801.0,2,37.9733923,-122.0574763,4
2013,2013-01-23,1246,1,4,12,3,N,C,N,B,H,A,A,01,N,03,E,,,,,I,Y,N,D,4,0,0,0,22350.0,1,37.97689711,-121.95989907,3
2013,2013-01-25,2222,1,4,22,5,Y,B,N,A,H,C,A,01,,01,-,,,,,C,Y,N,A,2,0,0,0,23152.0,2,37.977165,-122.0329431,4
2013,2013-01-17,1241,1,4,12,4,N,A,Y,A,H,A,A,01,N,08,E,,,,,I,Y,N,D,1,0,0,0,22107.0,1,37.7849919,-121.9792366,4
2013,2013-01-16,1523,1,4,15,3,N,A,Y,A,H,A,-,99,S,03,C,,,,,C,N,F,D,2,0,0,0,22350.0,3,37.8220631,-121.9936365,4
2013,2013-01-16,1522,1,4,15,3,N,A,Y,A,H,A,A,08,S,03,C,,,,,C,N,N,D,2,0,0,0,22350.0,2,37.8237875,-121.9939217,4
2013,2013-01-10,1239,1,4,12,4,Y,A,N,A,H,A,A,01,,09,D,,,,,C,N,N,A,1,0,0,0,21801.0,2,37.969115,-122.3438231,4
2013,2013-01-07,1829,1,4,18,1,N,A,N,A,H,C,A,01,W,10,G,Y,,,,B,N,N,A,1,1,0,0,21950.0,2,37.99145246,-122.30159372,3
2013,2013-01-03,1620,1,4,16,4,N,A,Y,A,H,A,A,01,S,03,C,,,,,C,Y,N,D,1,0,0,0,22350.0,4,37.7921674,-121.9828295,3
2013,2013-02-08,1649,2,4,16,5,Y,A,N,A,H,A,A,01,,03,C,,,,,C,N,N,D,1,0,0,0,22350.0,2,38.0131849,-122.1362331,4
2013,2013-01-18,222,1,4,2,5,N,A,N,A,H,C,A,07,N,01,B,,,,,C,Y,N,D,1,0,0,0,23152.0,5,37.9736097,-121.985188,3
2013,2013-01-18,2016,1,4,20,5,N,A,N,A,H,D,L,,E,05,D,,Y,,,G,N,N,D,1,0,1,0,21650.0,2,37.9518286,-121.9569073,3
2013,2013-01-12,1618,1,4,16,6,Y,A,N,A,H,A,A,01,,09,D,,,,,C,N,N,A,2,0,0,0,21804.0,2,37.97311387,-122.04140246,4
2013,2013-02-22,1135,2,4,11,5,N,A,N,A,H,A,A,08,N,08,C,,,,,C,N,N,D,1,0,0,0,22108.0,2,37.7718216,-121.9466964,4
2013,2013-02-13,206,2,4,2,3,N,A,N,A,H,D,A,,W,08,E,,,,,I,Y,M,D,1,0,0,0,22107.0,1,38.0167734,-121.8650501,3
2013,2013-02-23,1816,2,4,18,6,N,A,N,A,H,-,A,01,E,09,D,,,,,C,Y,N,D,1,0,0,0,21801.0,2,37.9653244,-122.3124812,4
2013,2013-01-16,810,1,4,8,3,N,A,Y,A,H,A,A,01,W,03,C,,,,,C,Y,N,D,1,0,0,0,22350.0,2,38.0226518,-121.9634398,4
2013,2013-01-15,905,1,4,9,2,N,A,Y,A,H,A,A,01,N,03,C,,,,,C,Y,N,D,2,0,0,0,22350.0,3,37.9831009,-122.0661891,3
2013,2013-01-18,810,1,4,8,5,N,A,Y,A,H,A,A,01,E,03,C,,,,,C,Y,N,D,2,0,0,0,22350.0,2,38.0194483,-121.9245103,4
2013,2013-01-18,1719,1,4,17,5,N,A,Y,A,H,B,A,01,W,04,C,,,,,C,N,N,D,1,0,0,0,21703.0,2,37.9060401,-122.3142164,4
2013,2013-01-01,105,1,4,1,2,N,A,Y,A,H,C,A,01,E,01,C,,,,,E,Y,N,D,1,0,0,0,23152.0,2,37.9393637,-122.3249362,4
2013,2013-01-24,1318,1,4,13,4,Y,B,N,A,H,A,A,07,,01,D,,,,,C,Y,N,A,2,0,0,0,23152.0,2,37.7657549,-121.9520431,2
2013,2013-01-30,1350,1,4,13,3,N,A,N,A,H,A,A,01,W,21,C,,,,,C,N,N,A,1,0,0,0,22106.0,2,37.7795175,-121.9694636,4
2013,2013-01-19,1625,1,4,16,6,N,A,Y,A,H,A,A,01,E,21,C,,,Y,,C,N,N,A,1,0,0,1,22106.0,2,37.914445,-122.3175832,4
2013,2013-01-09,1456,1,4,14,3,N,B,N,A,H,A,A,01,S,21,B,,,,,C,Y,N,D,1,0,0,0,22106.0,2,37.9252146,-122.3369027,4
2013,2013-01-14,808,1,4,8,1,N,A,Y,A,H,A,A,01,W,03,C,,,,,C,Y,N,D,1,0,0,0,22350.0,3,37.9027597,-122.3163583,4
2013,2013-01-07,1048,1,4,10,1,N,A,N,A,H,A,A,01,W,08,B,,,,,E,Y,N,D,1,0,0,0,22107.0,2,37.94056488,-122.33903825,3
2013,2013-01-14,655,1,4,6,1,N,A,Y,A,H,B,A,08,W,03,C,,,,,C,N,N,D,2,0,0,0,22350.0,3,37.9062817,-122.3145748,4
2013,2013-01-01,1757,1,4,17,2,N,A,N,A,H,C,A,01,,05,C,,,,,E,Y,N,D,1,0,0,0,21650.0,2,37.94364754,-122.34528601,3
2013,2013-03-18,2245,3,1,22,1,N,B,N,A,H,C,A,01,E,10,G,Y,,,,B,Y,N,A,1,1,0,0,21950.0,2,37.9775549,-122.0187231,2
2013,2013-03-03,1340,3,1,13,7,Y,A,N,A,H,A,A,07,,03,C,,,,,C,Y,N,D,1,0,0,0,22350.0,2,37.9618249,-121.9847031,4
2013,2013-03-09,900,3,1,9,6,Y,A,Y,A,H,A,L,04,,05,H,,Y,,,G,N,N,A,1,0,1,0,21202.0,2,37.984165,-122.0412131,4
2013,2013-03-17,1940,3,1,19,7,N,A,N,A,H,B,N,60,W,11,G,Y,,,,B,N,N,D,1,1,0,0,21954.0,3,37.9951067,-122.0287296,2
2013,2013-03-15,1719,3,1,17,5,N,A,Y,A,H,A,A,07,E,03,C,,,,,C,Y,N,D,2,0,0,0,22350.0,4,37.962105,-122.0537331,4
2013,2013-03-09,1537,3,1,15,6,Y,A,N,A,H,A,A,01,,09,D,,,,,C,Y,N,A,2,0,0,0,21453.0,2,37.9460749,-121.9693931,4
2013,2013-03-08,1313,3,1,13,5,N,A,N,A,H,A,A,01,W,03,C,,,,,C,Y,N,D,2,0,0,0,22350.0,3,37.9827303,-122.0168242,4
2013,2013-03-11,2036,3,1,20,1,N,A,N,A,H,C,-,- ,N,00,E,,,Y,,I,N,N,A,1,0,0,1,,2,37.9521461,-121.9574297,3
2013,2013-03-11,1002,3,1,10,1,N,A,N,A,H,A,A,07,W,03,C,,,,,C,Y,N,A,2,0,0,0,22350.0,3,38.0084533,-121.8588098,4
2013,2013-03-01,46,3,1,0,5,N,A,Y,A,H,D,A,01,N,01,E,,,,,I,Y,N,D,1,0,0,0,23152.0,1,37.7315087,-121.946605,3
2013,2013-03-06,1632,3,1,16,3,Y,A,N,A,H,A,A,01,,09,D,,,,,C,Y,N,A,1,0,0,0,21802.0,2,37.989792,-122.005242,4
2013,2013-02-27,815,2,4,8,3,N,A,N,A,H,A,-,- ,N,00,B,,,,,C,N,N,D,1,0,0,0,,2,37.9433939,-122.0399202,4
2013,2013-02-20,1234,2,4,12,3,N,A,N,A,H,A,-,- ,E,18,E,,,,,I,Y,N,D,1,0,0,0,,1,37.9699487,-122.0092545,4
2013,2013-02-27,1010,2,4,10,3,N,A,N,A,H,A,N,60,E,11,D,Y,,,,B,N,N,A,1,1,0,0,21954.0,2,37.9564186,-122.0391114,3
2013,2013-03-10,1216,3,1,12,7,Y,A,N,A,H,A,L,04,,05,D,,Y,,,G,N,N,D,1,0,1,0,21650.0,2,37.973133,-122.0413905,4
2013,2013-01-26,800,1,4,8,6,N,A,Y,A,H,A,A,07,E,03,C,,,,,C,N,N,D,1,0,0,0,22350.0,2,37.93255,-122.4052661,4
2013,2013-01-25,508,1,4,5,5,N,E,N,B,H,-,A,01,N,03,E,,,,,I,N,N,A,1,0,0,0,22350.0,1,38.031885,-121.8769605,4
2013,2013-01-31,809,1,4,8,4,N,A,Y,A,H,A,A,07,S,12,D,,,,Y,C,Y,N,A,1,0,0,0,21453.0,2,38.018245,-121.8937431,4
2013,2013-01-15,1145,1,4,11,2,N,A,Y,A,H,A,A,01,N,08,B,,,,,C,Y,N,D,1,0,0,0,22107.0,3,37.9992395,-122.0754897,4
2013,2013-02-13,1835,2,4,18,3,N,A,Y,A,H,D,A,01,S,03,C,,,,,C,Y,N,D,1,0,0,0,22350.0,3,37.9147852,-122.0660117,4
2013,2013-02-07,2221,2,4,22,4,N,B,Y,B,H,C,A,01,E,01,C,,,,,C,Y,N,D,1,0,0,0,23152.0,2,37.8814178,-122.1819413,4
2013,2013-02-07,2216,2,4,22,4,N,B,Y,B,H,D,A,01,E,03,C,,,,,C,Y,N,D,1,0,0,0,22350.0,2,37.8814178,-122.1819413,4
2013,2013-02-21,903,2,4,9,4,N,A,Y,A,H,A,A,07,N,03,C,,,,,C,Y,N,D,1,0,0,0,22350.0,2,37.8683477,-122.0399043,4
2013,2013-02-19,245,2,4,2,2,N,B,Y,A,H,D,-,- ,S,18,E,,,,,I,Y,N,D,3,0,0,0,,1,37.9791611,-122.0431439,4
2013,2013-02-14,830,2,4,8,4,N,A,Y,A,H,A,A,01,N,03,C,,,,,C,Y,N,D,1,0,0,0,22350.0,3,37.8368043,-122.0119984,4
2013,2013-02-22,910,2,4,9,5,N,A,Y,A,H,A,A,07,S,03,C,,,,,C,N,F,D,2,0,0,0,22350.0,3,37.7915627,-121.9825516,4
2013,2013-02-27,1204,2,4,12,3,Y,A,N,A,H,A,L,04,,05,D,,Y,,,G,N,N,A,1,0,1,0,21650.0,2,37.9472549,-122.3307631,3
2013,2013-02-19,740,2,4,7,2,N,B,Y,B,H,A,A,01,W,03,C,,,,,C,N,M,D,1,0,0,0,22350.0,3,37.952645,-122.3279132,4
2013,2013-02-26,1700,2,4,17,2,N,A,Y,A,H,A,A,01,W,03,C,,,,,C,Y,N,D,1,0,0,0,22350.0,2,38.0181212,-121.8937521,4
2013,2013-02-02,140,2,4,1,6,N,A,N,A,H,D,A,01,N,01,F,,,,,A,Y,N,D,1,0,0,0,23152.0,1,37.9053841,-122.2264739,3
2013,2013-01-28,1530,1,4,15,1,N,A,N,A,H,A,A,01,W,08,E,,,,,I,Y,N,D,1,0,0,0,22107.0,1,37.97442478,-122.2507596,3
2013,2013-01-24,1430,1,4,14,4,N,A,N,A,G,A,A,07,N,21,E,,,,,I,N,N,D,1,0,0,0,22106.0,1,,,4
2013,2013-02-04,839,2,4,8,1,Y,A,N,A,H,A,A,01,,10,G,,Y,,,G,N,N,D,1,0,1,0,21950.0,2,37.9637949,-121.9901531,4
2013,2013-02-07,1830,2,4,18,4,N,A,N,A,H,D,A,01,E,08,E,,,,,I,N,N,D,1,0,0,0,22107.0,1,37.7659786,-121.8110517,3
2013,2013-02-16,10,2,4,0,6,N,A,N,A,H,D,A,01,E,01,E,,,,,I,Y,N,D,3,0,0,0,23152.0,1,37.7986364,-121.8626125,3
2013,2013-03-12,758,3,1,7,2,N,B,N,A,H,A,A,01,S,03,C,,,,,C,N,N,D,1,0,0,0,22350.0,2,37.9539152,-122.3473832,4
2013,2013-03-16,1321,3,1,13,6,Y,A,N,A,H,A,-,- ,,08,E,,,,,I,Y,N,A,1,0,0,0,22107.0,1,37.9634749,-122.3455932,3
2013,2013-03-09,955,3,1,9,6,Y,A,N,A,-,A,L,04,,09,D,,Y,,,G,N,M,A,1,0,1,0,21800.0,2,37.9595449,-122.3394031,4
2013,2013-03-12,1715,3,1,17,2,N,A,Y,A,H,A,A,01,E,03,C,,,,,C,N,N,D,1,0,0,0,22350.0,3,37.9931129,-122.0738666,4
2013,2013-03-10,2200,3,1,22,7,N,A,Y,A,H,D,A,01,W,03,C,,,,,C,Y,N,D,1,0,0,0,22350.0,2,38.0231609,-121.9764297,4
2013,2013-03-02,1450,3,1,14,6,N,A,Y,A,H,A,A,07,N,03,C,,,,,C,Y,N,D,1,0,0,0,22350.0,2,37.9533599,-122.0544296,4
2013,2013-03-08,1900,3,1,19,5,N,A,Y,A,H,C,A,01,W,08,E,,,,,I,N,N,D,1,0,0,0,22107.0,2,37.875895,-122.1877631,4
2013,2013-03-02,1302,3,1,13,6,N,B,Y,A,H,A,-,99,E,09,F,,,Y,,A,Y,F,D,1,0,0,1,21801.0,2,37.8894523,-121.6267461,3
2013,2013-03-05,655,3,1,6,2,N,A,Y,A,H,A,A,01,S,03,C,,,,,C,N,N,D,1,0,0,0,22350.0,2,37.9423283,-122.0596368,4
2013,2013-03-04,1720,3,1,17,1,N,A,Y,A,H,B,A,01,E,03,C,,,,,C,Y,N,D,2,0,0,0,22350.0,3,37.8925362,-122.1664207,3
2013,2013-03-06,1520,3,1,15,3,N,A,Y,A,H,A,A,01,W,03,C,,,,,C,Y,N,D,1,0,0,0,22350.0,2,38.0175908,-121.8914656,3
2013,2013-03-04,1009,3,1,10,1,N,A,N,A,H,A,-,- ,E,03,C,,,,,C,Y,N,A,1,0,0,0,22350.0,3,37.9225462,-122.0303848,4
2013,2013-03-19,817,3,1,8,2,N,A,Y,A,H,A,A,01,S,03,C,,,,,C,N,N,D,1,0,0,0,22350.0,2,37.9244327,-122.0610213,4
2013,2013-03-04,1235,3,1,12,1,N,A,N,A,H,A,-,- ,W,00,C,,,,,C,N,N,A,1,0,0,0,,2,37.9115961,-122.0601624,4
2013,2013-03-01,1456,3,1,14,5,N,A,N,A,H,A,N,60,S,11,G,Y,,,,B,N,N,D,1,1,0,0,21955.0,2,37.97447834,-122.04409361,3
2013,2013-03-16,1507,3,1,15,6,N,A,Y,A,H,A,A,01,E,03,C,,,,,C,,N,D,3,0,0,0,22350.0,3,37.9166309,-121.6826403,4
2013,2013-03-04,2308,3,1,23,1,Y,A,Y,A,H,C,A,01,,12,D,,,,,C,N,N,A,2,0,0,0,21453.0,2,37.962105,-122.0537331,4
2013,2013-03-04,1343,3,1,13,1,Y,-,N,-,-,-,A,01,,09,-,,,,,-,Y,N,-,1,0,0,0,21801.0,2,37.9808749,-122.0326831,4
2013,2013-03-02,1902,3,1,19,6,Y,A,N,A,H,C,L,04,,05,D,,Y,,,G,N,N,A,1,0,1,0,21650.0,2,37.9685249,-122.0526331,4
2013,2013-03-03,1832,3,1,18,7,Y,A,N,A,H,A,L,04,,03,H,,Y,,,A,N,N,D,1,0,1,0,22350.0,1,37.9840549,-122.021843,3
2013,2013-03-19,2218,3,1,22,2,N,B,Y,B,H,D,A,01,E,08,E,,,,,I,Y,N,D,1,0,0,0,22107.0,1,38.0146257,-122.267996,3
2013,2013-03-01,1044,3,1,10,5,N,A,N,A,H,A,A,01,S,22,E,,,,,I,Y,N,D,1,0,0,0,,1,37.9602374,-122.0249509,4
2013,2013-03-09,1202,3,1,12,6,N,A,N,A,H,A,A,07,S,08,A,,,,,C,Y,N,A,1,0,0,0,22107.0,2,,,3
2013,2013-03-13,1531,3,1,15,3,Y,A,N,A,H,A,A,01,,09,D,,,,,C,N,N,D,1,0,0,0,21801.0,2,37.887025,-122.1180632,4
2013,2013-03-10,2001,3,1,20,7,N,A,Y,A,H,C,A,07,W,03,C,,,,,C,Y,N,D,3,0,0,0,22350.0,3,38.0607588,-122.2251937,4
2013,2013-03-12,817,3,1,8,2,N,A,N,A,H,A,-,- ,W,03,C,,,,,C,Y,N,D,1,0,0,0,22350.0,2,37.93327089,-122.0596683,4
2013,2013-03-08,1903,3,1,19,5,Y,A,N,A,H,C,A,01,,09,B,,,,,C,Y,N,A,2,0,0,0,21801.0,2,37.9035949,-122.0652331,4
2013,2013-03-01,1901,3,1,19,5,Y,A,N,A,H,C,-,- ,,- ,G,Y,,,,B,N,F,A,1,1,0,0,,2,37.8985149,-122.0572431,3
2013,2013-03-08,1446,3,1,14,5,N,A,N,A,H,A,L,04,S,05,B,,Y,,,G,N,N,D,1,0,1,0,21650.0,2,37.9251091,-122.0177959,4
2013,2013-03-03,1156,3,1,11,7,N,A,N,A,H,A,A,01,N,03,C,,,,,C,N,N,A,1,0,0,0,22350.0,2,37.9294176,-122.0613956,4
2013,2013-03-09,1246,3,1,12,6,Y,A,N,A,H,A,A,01,,03,C,,,,,C,Y,N,A,2,0,0,0,22350.0,2,37.915173,-122.0641875,3
2013,2013-03-12,1739,3,1,17,2,N,A,N,A,H,A,A,01,W,03,C,,,,,C,Y,N,D,1,0,0,0,22350.0,2,37.9078559,-122.0558912,4
2013,2013-03-11,1807,3,1,18,1,N,A,N,A,H,A,N,60,N,11,G,Y,,,,B,N,N,D,1,1,0,0,21955.0,2,37.9246104,-122.0632514,3
2013,2013-03-13,1826,3,1,18,3,N,A,N,A,H,A,A,01,S,10,G,Y,,,,B,N,N,A,1,1,0,0,21950.0,2,37.9061811,-122.0643445,3
2013,2013-03-13,1527,3,1,15,3,Y,A,N,A,H,A,A,01,,10,G,,Y,,,B,N,F,A,1,0,1,0,21950.0,2,37.911618,-122.0627115,4
2013,2013-03-10,1540,3,1,15,7,N,A,Y,A,H,A,A,01,E,08,E,,,,,I,Y,N,D,1,0,0,0,22107.0,1,37.868555,-122.1951131,3
2013,2013-03-01,2015,3,1,20,5,N,A,Y,A,H,C,A,01,S,03,C,,,,,C,N,N,D,1,0,0,0,22350.0,2,37.9576312,-122.0524799,4
2013,2013-03-16,940,3,1,9,6,N,A,N,A,H,A,L,04,W,08,F,,Y,,,A,N,N,D,1,0,1,0,22107.0,1,37.7686008,-121.7993812,3
2013,2013-03-10,1615,3,1,16,7,N,A,N,A,H,A,-,- ,N,22,G,Y,,,,B,Y,N,D,2,1,0,0,,2,37.8000191,-121.9183006,3
2013,2013-02-07,1350,2,4,13,4,N,B,Y,A,H,A,A,07,N,08,E,,,,,I,Y,N,D,1,0,0,0,22107.0,2,37.9560689,-122.0536829,4
2013,2013-02-23,210,2,4,2,6,N,A,Y,A,H,C,-,- ,E,18,H,,,,,H,N,N,D,1,0,0,0,,1,38.0457277,-122.2374255,4
2013,2013-02-17,1805,2,4,18,7,N,A,Y,A,H,C,A,01,N,01,E,,,,,I,Y,N,D,3,0,0,0,23152.0,3,37.9614493,-122.0536527,3
2013,2013-02-21,2045,2,4,20,4,N,A,Y,A,H,D,A,01,W,03,C,,,,,C,Y,N,D,2,0,0,0,22350.0,2,38.0173699,-122.2673238,4