ACCIDENT_YEAR,COLLISION_DATE,COLLISION_TIME,MONTH,SEASON,24HOURS,DAY_OF_WEEK,INTERSECTION,WEATHER_1,STATE_HWY_IND,ROAD_SURFACE,ROAD_COND_1,LIGHTING,STWD_VEHTYPE_AT_FAULT,CHP_VEHTYPE_AT_FAULT,DIRECTION,PCF_VIOL_CATEGORY,TYPE_OF_COLLISION,PEDESTRIAN_ACCIDENT,BICYCLE_ACCIDENT,MOTORCYCLE_ACCIDENT,TRUCK_ACCIDENT,MVIW,TOW_AWAY,HIT_AND_RUN,CONTROL_DEVICE,NUMBER_INJURED,COUNT_PED_INJURED,COUNT_BICYCLIST_INJURED,COUNT_MC_INJURED,PCF_VIOLATION,PARTY_COUNT,POINT_Y,POINT_X,COLLISION_SEVERITY
2013,2013-02-13,313,2,4,3,3,N,A,Y,A,H,C,A,01,S,08,E,,,,,I,Y,N,D,2,0,0,0,22107.0,1,38.011915,-121.8673431,4
2013,2013-02-17,320,2,4,3,7,N,A,Y,A,H,C,A,01,N,01,E,,,,,I,Y,N,D,2,0,0,0,23152.0,1,,,3
2013,2013-02-13,828,2,4,8,3,Y,B,N,A,H,A,L,04,,09,D,,Y,,,G,N,N,D,1,0,1,0,21801.0,2,37.9805749,-122.2969532,3
2013,2013-02-08,1238,2,4,12,5,N,B,N,A,H,A,-,- ,N,18,A,,,,,I,Y,N,A,1,0,0,0,,1,37.9463914,-121.9712666,4
2013,2013-02-18,1434,2,4,14,1,N,B,N,A,H,A,A,01,W,03,C,,,,,A,N,N,A,1,0,0,0,22350.0,2,37.9696075,-122.0509399,4
2013,2013-02-15,755,2,4,7,5,N,A,N,A,H,A,A,07,W,09,D,,,,,C,Y,N,D,2,0,0,0,21804.0,2,37.9815469,-122.0194342,4
2013,2013-02-02,1549,2,4,15,6,N,B,N,A,H,A,A,01,S,08,B,,,,,C,Y,N,D,1,0,0,0,22100.0,3,37.9771745,-122.0298728,4
2013,2013-02-02,2233,2,4,22,6,N,A,N,A,H,D,A,01,W,03,C,,,,,C,Y,N,D,1,0,0,0,22350.0,2,37.9534193,-121.961299,4
2013,2013-01-29,1218,1,4,12,2,Y,A,N,A,H,A,A,07,,12,D,,,,,C,Y,N,A,1,0,0,0,21453.0,2,37.98165972,-122.03095704,4
2013,2013-02-22,2049,2,4,20,5,N,A,N,A,H,C,N,60,S,11,G,Y,,,,B,N,N,D,1,1,0,0,21954.0,2,37.7840514,-121.9799278,4
2013,2013-02-20,1428,2,4,14,3,N,A,N,A,H,A,A,01,E,05,E,,,,,I,Y,N,D,1,0,0,0,21650.0,1,37.77774075,-121.91855729,2
2013,2013-02-16,1341,2,4,13,6,N,A,N,A,H,A,L,04,W,03,H,,Y,,,I,N,N,D,1,0,1,0,22350.0,1,37.74620257,-121.87862009,2
2013,2013-02-14,1418,2,4,14,4,Y,A,N,A,H,-,A,01,,05,A,,,,,C,Y,N,A,4,0,0,0,21650.0,2,38.025603,-121.902867,2
2013,2013-01-20,1856,1,4,18,7,Y,-,N,-,-,-,A,01,,03,C,,,,,C,N,M,-,1,0,0,0,22350.0,3,37.987236,-122.3397315,4
2013,2013-01-10,1721,1,4,17,4,Y,A,N,A,-,A,A,01,,09,A,,,,,C,Y,M,D,3,0,0,0,21801.0,2,38.0020949,-121.8150731,4
2013,2013-01-18,1506,1,4,15,5,N,A,N,A,H,A,A,01,,03,C,,,,,C,Y,N,A,1,0,0,0,22350.0,3,,,3
2013,2013-01-09,1125,1,4,11,3,N,B,N,A,H,A,A,07,W,03,C,,,,,C,N,N,A,1,0,0,0,22350.0,2,37.9485286,-121.9508089,4
2013,2013-01-08,1846,1,4,18,2,N,A,N,A,H,C,A,01,N,04,C,,,,,D,Y,N,D,1,0,0,0,21703.0,2,37.9999709,-122.1320063,4
2013,2013-01-02,1609,1,4,16,3,Y,A,N,A,H,A,A,01,,03,C,,,,,C,Y,N,D,1,0,0,0,22350.0,2,37.9936249,-122.1063931,3
2013,2013-01-01,1035,1,4,10,2,N,A,N,B,G,A,A,07,N,03,E,,,,,I,Y,N,D,1,0,0,0,22350.0,1,38.020237,-122.1358339,3
2013,2013-01-23,1058,1,4,10,3,Y,A,N,A,H,A,L,04,,- ,D,,Y,,,G,N,N,A,1,0,1,0,,2,38.0152649,-122.1370732,4
2013,2013-01-28,845,1,4,8,1,N,A,N,A,H,A,A,01,S,12,D,,,,,C,Y,N,A,1,0,0,0,21453.0,2,37.9925021,-122.1008048,4
2013,2013-01-30,1416,1,4,14,3,N,A,N,A,H,A,A,01,S,08,H,,Y,,,G,N,N,D,1,0,1,0,22100.0,2,37.9577403,-122.0925316,4
2013,2013-01-11,1255,1,4,12,5,N,A,N,A,H,A,A,01,S,05,B,,Y,,,G,N,N,D,1,0,1,0,21752.0,2,38.003153,-122.116513,4
2013,2013-01-15,1747,1,4,17,2,Y,A,Y,A,H,A,-,- ,,01,C,,,,,A,N,M,A,1,0,0,0,23152.0,2,37.948415,-122.0566431,4
2013,2013-01-22,1822,1,4,18,2,N,B,N,A,H,C,-,- ,N,03,C,,,,,C,N,N,A,2,0,0,0,22350.0,3,37.9718471,-122.0637637,4
2013,2013-01-22,805,1,4,8,2,Y,A,N,A,H,A,A,01,,10,D,Y,,,,B,N,N,D,1,1,0,0,21950.0,2,38.0049049,-121.8100431,4
2013,2013-01-12,1532,1,4,15,6,N,A,N,A,H,A,A,01,E,03,C,,,,,C,Y,N,D,1,0,0,0,22350.0,2,38.0051439,-121.7381418,3
2013,2013-02-13,625,2,4,6,3,Y,A,N,A,H,D,A,01,,12,D,,,,,C,Y,N,-,1,0,0,0,22450.0,2,37.8820149,-121.7773331,4
2013,2013-02-14,1230,2,4,12,4,Y,A,N,A,H,A,A,08,,09,D,,,,,C,Y,N,A,2,0,0,0,21453.0,2,,,4
2013,2013-02-02,1600,2,4,16,6,N,A,N,A,H,A,A,07,S,08,E,,,,,I,Y,N,D,4,0,0,0,22107.0,1,37.9619173,-122.3152171,3
2013,2013-02-07,835,2,4,8,4,Y,B,N,A,H,A,A,01,,09,D,,,,,C,N,N,D,1,0,0,0,21802.0,2,38.0267649,-121.9333131,4
2013,2013-02-07,1605,2,4,16,4,N,A,Y,A,H,A,A,01,S,03,F,,,,,A,Y,N,D,1,0,0,0,22350.0,1,38.0094193,-122.0227582,3
2013,2013-02-07,2000,2,4,20,4,N,C,Y,B,H,D,A,01,E,01,E,,,,,I,Y,N,D,1,0,0,0,23152.0,1,37.8976845,-122.0906097,3
2013,2013-02-06,1705,2,4,17,3,N,B,Y,A,H,B,-,99,S,03,C,,,,,C,N,M,D,1,0,0,0,22350.0,2,37.8052955,-121.9901829,4
2013,2013-02-05,1700,2,4,17,2,N,A,Y,A,H,A,A,01,W,03,C,,,,,C,Y,N,D,1,0,0,0,22350.0,3,38.002161,-122.0476474,4
2013,2013-02-11,1600,2,4,16,1,N,A,Y,A,H,A,A,01,E,03,C,,,,,C,N,N,D,1,0,0,0,22350.0,2,38.0107189,-121.862942,4
2013,2013-02-02,1845,2,4,18,6,N,A,Y,A,H,C,A,01,E,03,C,,,,,C,N,N,A,3,0,0,0,22350.0,3,37.9956851,-121.7817531,4
2013,2013-02-15,1224,2,4,12,5,N,A,Y,A,H,A,A,01,E,03,C,,,,,C,Y,N,D,1,0,0,0,22350.0,3,38.0024087,-121.8326369,4
2013,2013-02-15,1700,2,4,17,5,N,A,Y,A,H,A,A,01,N,03,C,,,,,C,N,N,D,1,0,0,0,22350.0,2,37.8313939,-122.0034049,4
2013,2013-02-17,1600,2,4,16,7,N,A,Y,A,H,A,A,07,S,03,C,,,,,C,N,N,A,1,0,0,0,22350.0,2,37.854915,-122.0295431,4
2013,2013-02-19,840,2,4,8,2,N,B,Y,B,H,A,A,01,N,03,C,,,,,C,N,N,D,1,0,0,0,22350.0,2,37.909636,-122.0684016,4
2013,2013-02-12,915,2,4,9,2,N,A,Y,A,H,A,A,07,S,08,B,,,,,D,Y,N,D,1,0,0,0,22107.0,2,37.8868584,-122.0560874,4
2013,2013-02-03,1113,2,4,11,7,N,A,Y,A,D,A,A,01,E,08,E,,,,,I,Y,N,D,1,0,0,0,22107.0,1,38.002555,-121.8331931,3
2013,2013-02-01,1850,2,4,18,5,N,A,Y,A,H,C,A,01,S,03,C,,,,,C,N,N,D,1,0,0,0,22350.0,2,37.8838308,-122.0531418,4
2013,2013-02-03,1525,2,4,15,7,N,A,Y,A,H,A,A,07,E,07,B,,,,,C,Y,N,D,1,0,0,0,21658.0,2,38.024175,-122.2607732,4
2013,2013-02-11,1830,2,4,18,1,N,A,Y,A,H,C,A,07,N,03,C,,,,,C,Y,N,D,2,0,0,0,22350.0,2,37.9829097,-121.6958699,2
2013,2013-02-01,1610,2,4,16,5,N,A,Y,A,H,A,A,07,E,01,C,,,,,C,N,N,D,2,0,0,0,23152.0,2,38.018715,-121.9399008,4
2013,2013-01-15,1517,1,4,15,2,N,A,N,A,H,A,-,- ,N,03,C,,,,,C,N,N,D,3,0,0,0,22350.0,4,37.9275512,-121.6924717,4
2013,2013-02-21,1345,2,4,13,4,Y,A,N,A,H,A,A,01,,09,D,,,,,C,Y,N,A,1,0,0,0,21802.0,2,37.8278749,-121.9378831,4
2013,2013-01-01,528,1,4,5,2,N,A,N,A,H,C,A,01,E,01,A,,,,,C,N,N,D,1,0,0,0,23152.0,2,37.99749854,-121.81403875,2
2013,2013-01-14,833,1,4,8,1,Y,A,N,A,H,A,A,01,,09,D,,,,,C,Y,N,D,1,0,0,0,21802.0,2,37.9874049,-121.8068231,3
2013,2013-02-05,2330,2,4,23,2,N,A,N,A,H,D,-,- ,W,18,E,,,,,I,Y,N,D,1,0,0,0,,1,37.9072705,-122.0490561,4
2013,2013-01-29,2135,1,4,21,2,N,A,Y,A,H,C,A,01,E,03,C,,,,,C,Y,N,D,2,0,0,0,22350.0,3,37.9953009,-122.0680706,3
2013,2013-01-06,1430,1,4,14,7,N,A,Y,B,H,A,A,01,E,01,E,,,,,I,Y,N,D,1,0,0,0,23152.0,1,37.8977395,-122.0840326,4
2013,2013-01-12,50,1,4,0,6,N,A,Y,A,H,C,A,07,N,08,E,,,,,I,Y,N,D,2,0,0,0,22107.0,1,37.8653565,-122.037996,3
2013,2013-01-31,1500,1,4,15,4,N,A,Y,A,B,A,C,02,N,03,E,,,Y,,J,N,N,-,1,0,0,1,22350.0,2,37.920975,-122.0618631,3
2013,2013-01-29,735,1,4,7,2,N,B,Y,A,H,A,A,01,N,08,F,,,,,I,Y,F,D,1,0,0,0,22107.0,2,,,3
2013,2013-01-31,1530,1,4,15,4,N,A,Y,A,H,A,A,01,W,03,C,,,,,C,Y,N,D,1,0,0,0,22350.0,4,37.9982651,-121.8094698,4
2013,2013-01-26,1245,1,4,12,6,Y,A,Y,A,H,A,A,01,,03,C,,,,,C,Y,N,D,1,0,0,0,22350.0,2,37.865955,-122.2074031,4
2013,2013-01-29,740,1,4,7,2,N,A,N,A,H,A,A,01,E,08,E,,,,,I,N,N,D,1,0,0,0,22107.0,1,38.0080652,-122.0949769,4
2013,2013-01-14,1645,1,4,16,1,N,A,N,A,H,A,A,01,W,03,C,,,,,C,Y,N,D,1,0,0,0,22350.0,3,37.8859253,-122.0758807,4
2013,2013-01-11,817,1,4,8,5,Y,A,N,A,H,A,A,01,,04,C,,,,,C,N,N,A,1,0,0,0,21703.0,2,37.9669649,-122.3435531,4
2013,2013-01-10,1655,1,4,16,4,N,A,Y,A,H,A,A,01,W,03,C,,,,,C,Y,N,D,1,0,0,0,22350.0,2,37.9298924,-122.3238814,4
2013,2013-01-11,1730,1,4,17,5,Y,A,N,A,H,C,A,01,,09,D,,,,,C,Y,N,A,2,0,0,0,21802.0,2,37.8516049,-122.009293,3
2013,2013-01-12,940,1,4,9,6,N,A,N,B,H,A,A,01,E,03,E,,,,,I,Y,N,D,1,0,0,0,22350.0,1,37.8849669,-121.8326534,4
2013,2013-01-28,1552,1,4,15,1,N,A,N,A,H,A,N,60,S,11,D,Y,,,,B,Y,N,D,1,1,0,0,21950.0,2,37.9335328,-122.3667032,3
2013,2013-01-26,1414,1,4,14,6,N,A,N,A,H,A,C,02,W,08,E,,,Y,,I,N,N,D,1,0,0,1,22107.0,1,37.884665,-121.8191379,2
2013,2013-01-12,2100,1,4,21,6,N,A,N,A,H,D,A,01,N,08,E,,,,,I,Y,N,D,1,0,0,0,22107.0,1,37.9872628,-121.8977139,3
2013,2013-01-28,1002,1,4,10,1,N,A,Y,A,D,A,A,01,E,03,C,,,,,C,N,N,D,1,0,0,0,22350.0,3,38.0095135,-121.8578089,4
2013,2013-01-10,1725,1,4,17,4,N,A,Y,A,H,D,A,01,S,03,C,,,,,C,Y,N,D,1,0,0,0,22350.0,3,37.8912082,-122.0617292,4
2013,2013-01-30,845,1,4,8,3,N,A,Y,A,H,A,A,01,N,03,C,,,,,C,Y,N,D,1,0,0,0,22350.0,4,37.8303997,-122.0018265,4
2013,2013-01-14,725,1,4,7,1,N,A,Y,A,H,A,A,01,S,03,C,,,,,C,Y,N,D,1,0,0,0,22350.0,2,37.8441971,-122.0237332,4
2013,2013-01-18,1630,1,4,16,5,N,A,Y,A,H,A,A,01,E,03,C,,,,,C,Y,N,D,1,0,0,0,22350.0,2,38.0107804,-122.0138806,4
2013,2013-01-28,1053,1,4,10,1,Y,A,N,A,H,A,A,01,,09,D,,,,,C,N,N,D,1,0,0,0,21801.0,2,37.973125,-122.0377231,4
2013,2013-01-14,1741,1,4,17,1,Y,A,N,A,H,C,-,- ,,22,F,,,,,A,Y,N,A,1,0,0,0,,1,37.9671049,-122.062783,3
2013,2013-01-12,2210,1,4,22,6,N,A,N,A,H,C,-,- ,W,03,C,,,,,C,Y,N,A,1,0,0,0,22350.0,2,37.9757322,-122.0650216,4
2013,2013-01-17,1352,1,4,13,4,Y,A,N,A,H,A,-,- ,,22,D,,,,,C,Y,N,A,1,0,0,0,,2,37.947935,-122.0603031,4
2013,2013-01-18,1521,1,4,15,5,Y,A,N,A,H,A,-,- ,,10,G,Y,,,,B,N,N,A,2,2,0,0,21950.0,3,37.9533549,-122.0602431,3
2013,2013-01-08,2002,1,4,20,2,N,A,N,A,H,C,-,- ,N,01,E,,,,,I,Y,N,A,1,0,0,0,23152.0,1,37.9737884,-122.0642366,3
2013,2013-01-05,2342,1,4,23,6,N,C,N,B,H,C,A,01,S,03,D,,,,,C,Y,F,D,1,0,0,0,22350.0,3,37.9951548,-122.3308174,4
2013,2013-01-05,855,1,4,8,6,N,B,Y,A,H,A,A,01,E,07,B,,,,,C,Y,N,D,1,0,0,0,21658.0,2,37.9217622,-122.3419296,4
2013,2013-01-31,1454,1,4,14,4,Y,A,N,A,H,A,L,04,,12,D,,Y,,,G,N,N,A,1,0,1,0,22450.0,2,37.9307949,-122.3504631,3
2013,2013-01-31,1644,1,4,16,4,N,A,N,A,H,A,L,04,S,09,D,,Y,,,G,N,N,D,1,0,1,0,21804.0,2,37.9138848,-122.3229831,3
2013,2013-01-23,1421,1,4,14,3,Y,A,N,A,H,A,A,01,,09,D,,,,,C,N,N,A,1,0,0,0,21802.0,2,37.9266149,-122.3447332,4
2013,2013-01-22,1436,1,4,14,2,N,A,N,A,H,A,A,01,S,05,B,,,,,C,N,N,D,1,0,0,0,21650.0,2,37.935545,-122.3543032,4
2013,2013-01-13,1141,1,4,11,7,Y,A,Y,A,H,A,A,01,,12,A,,,,,A,Y,F,A,1,0,0,0,21453.0,2,37.933015,-122.3263632,3
2013,2013-01-25,1927,1,4,19,5,N,A,N,A,H,C,N,60,W,11,G,Y,,,,B,N,N,A,1,1,0,0,21954.0,2,37.94594465,-122.34857351,4
2013,2013-01-27,1737,1,4,17,7,N,A,N,A,H,B,A,01,W,03,E,,,,,I,Y,N,A,1,0,0,0,22350.0,1,37.9694634,-122.2915843,4
2013,2013-01-17,147,1,4,1,4,N,A,Y,A,H,D,A,07,E,08,E,,,,,I,Y,N,D,1,0,0,0,22107.0,1,38.0117499,-122.0103444,2
2013,2013-02-06,1920,2,4,19,3,N,A,Y,A,D,D,A,01,E,03,C,,,,,C,N,N,D,1,0,0,0,22350.0,2,38.0080907,-121.8532867,4
2013,2013-01-12,1601,1,4,16,6,N,A,N,A,H,A,A,01,S,04,C,,,,,C,Y,N,D,1,0,0,0,21703.0,2,37.89625106,-122.07166404,4
2013,2013-01-12,1523,1,4,15,6,Y,A,N,A,H,A,A,01,,01,C,,,,,C,Y,N,D,1,0,0,0,23152.0,2,37.9291449,-122.0424832,4
2013,2013-01-06,958,1,4,9,7,Y,B,N,A,H,A,-,- ,,12,D,,,,,D,Y,N,A,1,0,0,0,21453.0,2,37.8992649,-122.0608031,4
2013,2013-01-14,1354,1,4,13,1,Y,A,N,A,H,A,A,01,,12,D,,,Y,,C,Y,N,A,1,0,0,1,21453.0,2,37.905005,-122.0658431,3
2013,2013-01-18,802,1,4,8,5,N,A,N,A,H,A,A,01,,07,B,,,,,C,Y,N,D,1,0,0,0,21658.0,2,37.92770119,-122.06194103,4
2013,2013-01-23,1524,1,4,15,3,N,C,N,B,H,A,A,01,N,03,C,,,,,C,Y,N,D,1,0,0,0,22350.0,2,37.9208575,-122.0645563,3
2013,2013-01-26,1804,1,4,18,6,N,A,N,A,H,C,A,01,W,09,D,,,,,C,Y,N,D,1,0,0,0,21804.0,2,37.8705216,-122.0726798,4
2013,2013-01-25,807,1,4,8,5,Y,B,N,A,H,A,A,01,,08,D,,,,,C,Y,N,A,1,0,0,0,22100.0,2,37.89655444,-122.07156748,4
2013,2013-01-28,1658,1,4,16,1,N,B,N,A,H,A,A,01,W,03,C,,,,,C,N,N,D,2,0,0,0,22350.0,3,37.9049344,-122.0660875,4
2013,2013-01-28,1851,1,4,18,1,Y,A,N,A,H,C,L,04,,01,E,,Y,,,G,Y,N,A,1,0,1,0,21200.0,2,37.8976149,-122.0589631,3
2013,2013-02-06,1248,2,4,12,3,Y,A,N,A,H,A,A,01,,03,C,,,,,C,Y,N,A,1,0,0,0,22350.0,2,37.9832749,-121.7140431,4
2013,2013-02-01,1510,2,4,15,5,Y,A,N,A,H,A,A,01,,09,D,,,,,C,Y,N,A,1,0,0,0,21802.0,2,37.771565,-121.8103731,3
2013,2013-01-15,755,1,4,7,2,N,A,Y,A,H,A,A,07,S,03,C,,,,,C,Y,N,D,2,0,0,0,22350.0,8,37.9244158,-122.0607279,4
2013,2013-02-01,1815,2,4,18,5,N,A,Y,A,H,C,A,01,S,03,C,,,,,C,Y,N,D,1,0,0,0,22350.0,2,37.9416846,-122.0595984,4
2013,2013-01-08,156,1,4,1,2,N,A,N,A,H,A,-,- ,W,07,B,,,,,C,N,N,D,1,0,0,0,21658.0,2,37.7991832,-121.922513,4
2013,2013-01-08,850,1,4,8,2,N,A,N,A,H,A,A,01,S,21,D,,,,,D,Y,N,A,1,0,0,0,22106.0,2,37.837029,-121.9783563,4
2013,2013-01-15,2150,1,4,21,2,Y,A,N,A,H,C,-,- ,,18,A,,,,,C,Y,N,D,1,0,0,0,,2,37.829275,-122.0016331,4
2013,2013-02-02,1218,2,4,12,6,N,A,N,A,H,A,A,01,W,21,C,,,,,C,N,N,A,1,0,0,0,22106.0,2,38.0279019,-121.8851596,4
2013,2013-02-04,1748,2,4,17,1,N,A,N,A,H,B,-,- ,S,10,G,Y,,,,B,Y,F,A,3,3,0,0,21950.0,4,38.0117221,-121.8983191,2
2013,2013-02-05,1456,2,4,14,2,N,A,Y,A,H,A,A,07,S,03,C,,,,,C,Y,N,A,1,0,0,0,22350.0,2,38.0117796,-121.8667523,4
2013,2013-03-03,1140,3,1,11,7,Y,A,N,A,H,A,C,03,,03,E,,,Y,,I,N,N,D,1,0,0,1,22350.0,1,38.0297049,-121.9334231,4
2013,2013-03-01,1110,3,1,11,5,Y,A,N,A,H,A,-,- ,,08,D,,,,,C,N,N,D,1,0,0,0,22107.0,2,37.945275,-122.3475031,4
2013,2013-03-01,1850,3,1,18,5,N,A,N,A,H,C,A,01,S,08,E,,,,,I,Y,N,D,1,0,0,0,22107.0,1,37.9389857,-121.7736913,4
2013,2013-02-22,1624,2,4,16,5,Y,A,N,A,H,A,L,04,,17,D,,Y,,,G,N,N,A,1,0,1,0,21208.0,2,38.012135,-121.8911531,4
2013,2013-02-07,1827,2,4,18,4,N,A,Y,A,H,C,A,07,E,03,C,,,,,C,Y,N,A,1,0,0,0,22350.0,3,37.763895,-121.9681531,4
2013,2013-02-06,2205,2,4,22,3,N,A,N,A,H,D,A,01,N,03,C,,,,,C,Y,F,A,1,0,0,0,22350.0,2,37.9788535,-121.762628,4
2013,2013-02-03,1851,2,4,18,7,Y,A,N,A,H,D,A,01,,08,D,,,,,C,Y,N,A,2,0,0,0,22107.0,2,38.0012549,-121.8381831,3
2013,2013-02-16,1825,2,4,18,6,N,A,Y,A,H,C,A,07,E,03,C,,,,,C,Y,N,A,2,0,0,0,22350.0,2,37.903625,-122.3128432,4
2013,2013-02-08,855,2,4,8,5,N,A,Y,A,H,A,A,01,E,03,C,,,,,C,Y,N,D,1,0,0,0,22350.0,2,37.9341857,-122.4323235,4
2013,2013-02-26,713,2,4,7,2,Y,A,N,A,H,A,-,- ,,11,D,,Y,,,G,N,M,D,1,0,1,0,21950.0,2,37.9697749,-122.0884431,4
2013,2013-01-21,1700,1,4,17,1,N,A,N,A,H,B,A,01,W,03,C,,,,,C,Y,N,D,2,0,0,0,22350.0,2,37.96118355,-122.37359405,3
2013,2013-02-25,703,2,4,7,1,Y,A,N,A,H,A,A,01,,09,D,,,,,C,Y,N,A,1,0,0,0,21802.0,2,37.9683649,-122.0036431,4
2013,2013-03-10,2122,3,1,21,7,N,A,Y,A,H,C,A,01,W,01,E,,,,,I,Y,N,D,1,0,0,0,23152.0,1,38.023645,-121.9717426,3
2013,2013-03-08,1600,3,1,16,5,N,A,Y,A,H,A,A,07,E,17,E,,,,,J,N,N,D,2,0,0,0,23114.0,2,37.8909233,-122.1485319,4
2013,2013-03-12,1715,3,1,17,2,N,A,Y,A,H,A,A,01,W,03,C,,,,,C,Y,N,D,1,0,0,0,22350.0,2,38.0093318,-122.0233256,4
2013,2013-03-05,1755,3,1,17,2,N,B,Y,A,H,B,A,01,W,07,B,,,Y,,C,Y,N,D,1,0,0,1,21658.0,2,38.0180782,-121.8935785,4
2013,2013-03-03,1055,3,1,10,7,Y,A,Y,A,H,A,A,01,,01,-,,,,,C,Y,F,A,6,0,0,0,23152.0,5,37.9808663,-121.6959126,3
2013,2013-03-01,941,3,1,9,5,N,A,N,A,H,A,-,- ,W,18,E,,,,,I,Y,N,D,1,0,0,0,,1,37.9775841,-122.0171887,3
2013,2013-03-08,1831,3,1,18,5,Y,A,Y,A,H,C,A,01,,03,C,,,,,C,Y,N,A,1,0,0,0,22350.0,2,37.969285,-122.0585831,4
2013,2013-02-18,908,2,4,9,1,N,A,N,A,H,A,L,04,S,05,A,,Y,,,G,N,N,-,1,0,1,0,21650.0,2,37.9979009,-121.888861,4
2013,2013-02-05,944,2,4,9,2,N,A,Y,A,H,A,A,,S,09,D,,Y,,,G,N,N,A,1,0,1,0,21804.0,2,37.929285,-122.3211686,3
2013,2013-02-01,1510,2,4,15,5,N,A,N,A,H,A,A,08,S,12,D,,Y,,,G,N,N,A,1,0,1,0,22450.0,2,38.0266979,-121.9205223,4
2013,2013-02-18,1224,2,4,12,1,N,A,N,A,H,A,-,- ,S,08,F,,,,,C,Y,N,A,2,0,0,0,22107.0,2,38.0212255,-121.8806381,3
2013,2013-02-27,1646,2,4,16,3,N,A,N,A,H,A,L,04,W,05,D,,Y,,,G,N,N,D,1,0,1,0,21650.0,2,37.9681967,-122.0531412,3
2013,2013-02-20,1009,2,4,10,3,Y,A,N,A,H,A,A,01,,12,D,,,,,C,Y,N,A,1,0,0,0,21453.0,2,37.9751249,-122.0275331,4
2013,2013-02-19,1715,2,4,17,2,N,B,Y,B,H,A,A,01,N,07,B,,,,,C,Y,N,D,1,0,0,0,21658.0,3,37.8166683,-121.9932417,4
2013,2013-02-11,1810,2,4,18,1,N,A,Y,A,H,D,A,01,S,03,C,,,,,C,Y,N,D,2,0,0,0,22350.0,3,37.7555779,-121.9623627,4
2013,2013-02-21,912,2,4,9,4,N,A,Y,A,H,A,A,01,S,03,C,,,,,C,Y,N,D,1,0,0,0,22350.0,2,37.7503026,-121.9589446,4
2013,2013-02-09,1342,2,4,13,6,N,A,N,A,H,A,-,- ,W,08,D,,,,,C,Y,N,D,2,0,0,0,22107.0,2,37.9358309,-122.3287382,3
2013,2013-02-02,1031,2,4,10,6,N,A,N,A,H,A,A,01,,09,D,,,,,C,Y,N,A,2,0,0,0,21804.0,2,,,3
2013,2013-02-04,1404,2,4,14,1,Y,A,N,A,H,A,A,01,,12,D,,,,,C,Y,N,A,4,0,0,0,21453.0,3,37.9671048,-122.3563332,4
2013,2013-02-20,1950,2,4,19,3,Y,A,N,A,H,C,A,01,,12,D,,,,,C,Y,N,A,1,0,0,0,21453.0,2,37.7786049,-121.9717031,4
2013,2013-02-22,1030,2,4,10,5,N,A,N,A,H,A,A,01,N,05,A,,,,,C,Y,N,D,5,0,0,0,21650.0,2,37.9384809,-122.3313918,4
2013,2013-02-12,1600,2,4,16,2,N,A,N,A,H,A,A,07,S,01,C,,,,,E,Y,N,A,2,0,0,0,23153.0,2,37.9437013,-122.3475132,4
2013,2013-02-27,1908,2,4,19,3,N,A,N,A,H,C,-,- ,S,09,A,,,,,C,Y,N,A,4,0,0,0,21801.0,2,37.9783069,-122.3332533,4
2013,2013-02-12,2218,2,4,22,2,N,A,N,A,H,C,N,60,N,- ,G,Y,,,,B,N,N,D,1,1,0,0,,2,37.9620791,-122.2597151,2
2013,2013-02-25,1452,2,4,14,1,Y,A,N,A,H,A,-,- ,,12,D,,,,,C,Y,N,A,1,0,0,0,21453.0,2,37.9253748,-122.3343132,4
2013,2013-02-22,1502,2,4,15,5,Y,A,N,A,H,A,A,01,,09,D,,,,,C,Y,N,A,1,0,0,0,21801.0,2,37.9761549,-122.3377332,4
2013,2013-02-25,2342,2,4,23,1,Y,A,N,A,H,C,L,04,,12,D,,Y,,,G,N,N,A,1,0,1,0,22450.0,2,37.9403649,-122.3627731,4
2013,2013-02-11,1517,2,4,15,1,N,A,N,A,H,A,L,04,,05,D,,Y,,,G,N,N,D,1,0,1,0,21650.0,2,37.9420349,-122.3282732,4
2013,2013-02-05,1310,2,4,13,2,Y,A,N,A,H,A,A,01,,17,D,,,,,C,Y,N,A,3,0,0,0,21657.0,3,37.9369749,-122.3258631,3
2013,2013-02-21,1655,2,4,16,4,N,A,Y,A,H,A,A,07,E,03,C,Y,,,,C,Y,N,D,1,1,0,0,22350.0,3,37.928565,-122.3228432,3
2013,2013-02-21,1657,2,4,16,4,N,A,N,A,H,A,A,01,E,04,C,,,,,C,N,N,D,1,0,0,0,21703.0,2,37.9212342,-122.0335098,4
2013,2013-02-22,720,2,4,7,5,Y,A,N,A,H,A,A,07,,10,G,Y,,,,B,N,N,A,1,1,0,0,21950.0,2,37.8985149,-122.0572431,3
2013,2013-02-24,2150,2,4,21,7,N,A,N,A,H,C,A,01,S,01,C,,,,,C,N,N,A,1,0,0,0,23152.0,2,37.9061652,-122.0643254,4
2013,2013-02-14,1119,2,4,11,4,Y,A,N,A,H,A,-,- ,,03,C,,,,,C,Y,N,A,1,0,0,0,22350.0,2,37.8791849,-122.0752531,4
2013,2013-02-25,1450,2,4,14,1,Y,A,N,A,H,A,A,01,,12,D,,,,,D,N,N,A,1,0,0,0,21453.0,2,37.8945149,-122.0619732,4
2013,2013-02-27,852,2,4,8,3,Y,A,N,A,H,A,A,01,,09,A,,,,,C,Y,N,A,3,0,0,0,21453.0,2,37.896015,-122.0629231,4
2013,2013-02-26,834,2,4,8,2,N,A,N,A,H,A,-,- ,W,05,B,,,,,E,Y,N,D,1,0,0,0,21460.0,3,37.9099418,-122.0464205,3
2013,2013-02-01,1507,2,4,15,5,N,A,N,A,B,A,L,04,N,17,H,,Y,,,A,N,N,D,1,0,1,0,21200.0,1,37.9929075,-122.2830166,3
2013,2013-02-03,917,2,4,9,7,N,A,N,A,H,A,A,01,N,03,C,,,,,C,Y,N,D,1,0,0,0,22350.0,2,37.991706,-122.285334,4
2013,2013-03-06,2145,3,1,21,3,N,A,N,A,H,C,C,02,E,01,F,,,Y,,J,Y,N,A,1,0,0,1,23152.0,1,37.7645276,-121.9538526,3
2013,2013-03-01,1453,3,1,14,5,Y,A,N,A,H,A,A,01,,09,D,,,,,C,Y,N,A,1,0,0,0,21453.0,2,37.7657549,-121.9520431,4