ACCIDENT_YEAR,COLLISION_DATE,COLLISION_TIME,MONTH,SEASON,24HOURS,DAY_OF_WEEK,INTERSECTION,WEATHER_1,STATE_HWY_IND,ROAD_SURFACE,ROAD_COND_1,LIGHTING,STWD_VEHTYPE_AT_FAULT,CHP_VEHTYPE_AT_FAULT,DIRECTION,PCF_VIOL_CATEGORY,TYPE_OF_COLLISION,PEDESTRIAN_ACCIDENT,BICYCLE_ACCIDENT,MOTORCYCLE_ACCIDENT,TRUCK_ACCIDENT,MVIW,TOW_AWAY,HIT_AND_RUN,CONTROL_DEVICE,NUMBER_INJURED,COUNT_PED_INJURED,COUNT_BICYCLIST_INJURED,COUNT_MC_INJURED,PCF_VIOLATION,PARTY_COUNT,POINT_Y,POINT_X,COLLISION_SEVERITY
2013,2013-02-16,1227,2,4,12,6,N,A,N,A,H,A,C,02,W,08,C,,,Y,,C,N,N,D,1,0,0,1,22107.0,2,38.0049901,-121.7616895,4
2013,2013-02-06,745,2,4,7,3,N,A,N,A,H,A,-,- ,N,03,C,,,,,C,N,N,D,1,0,0,0,22350.0,2,37.9739769,-122.0642848,4
2013,2013-02-06,1855,2,4,18,3,Y,A,N,A,H,C,A,07,,12,A,,,,,C,Y,N,A,1,0,0,0,21453.0,2,37.983345,-122.0675932,4
2013,2013-02-10,1525,2,4,15,7,N,A,N,A,H,A,A,01,N,01,A,,,Y,,C,Y,N,D,2,0,0,1,23152.0,2,37.822301,-122.1546553,2
2013,2013-02-18,2249,2,4,22,1,N,A,N,A,H,E,A,01,W,01,E,,,,,I,Y,N,D,1,0,0,0,23152.0,1,38.04903311,-122.22372293,3
2013,2013-02-09,1520,2,4,15,6,N,A,N,A,H,A,A,01,N,01,E,,,,,I,Y,N,A,1,0,0,0,23152.0,1,37.9250173,-122.0576195,3
2013,2013-02-05,1422,2,4,14,2,N,A,N,A,H,A,-,- ,S,05,A,,,,,J,Y,N,D,1,0,0,0,21460.0,1,37.8696311,-122.1769918,3
2013,2013-02-12,1455,2,4,14,2,N,A,N,A,H,A,N,60,W,11,G,Y,,,,B,N,N,D,1,1,0,0,21954.0,2,37.8008304,-121.9817593,3
2013,2013-02-16,1355,2,4,13,6,N,A,Y,A,H,A,A,01,E,03,C,,,,,C,N,N,D,2,0,0,0,22350.0,2,37.9020744,-122.3117774,4
2013,2013-02-14,1455,2,4,14,4,Y,A,N,A,H,A,-,- ,,12,D,,,,,C,Y,N,A,1,0,0,0,21453.0,2,37.94112896,-122.05794811,4
2013,2013-02-17,841,2,4,8,7,N,A,N,A,H,A,-,- ,W,07,C,,,,,C,Y,N,A,3,0,0,0,21658.0,2,37.9453412,-122.0555841,4
2013,2013-02-05,1709,2,4,17,2,Y,A,N,A,H,A,-,- ,,04,C,,,,,C,N,M,A,1,0,0,0,21703.0,2,37.9757449,-122.0649831,4
2013,2013-02-01,1554,2,4,15,5,Y,A,N,A,H,A,-,- ,,- ,C,,,,,C,N,N,A,1,0,0,0,,2,37.9434749,-122.0605431,4
2013,2013-02-08,1840,2,4,18,5,N,A,N,A,H,C,-,- ,S,03,E,,,,,I,Y,N,D,1,0,0,0,22350.0,1,37.954068,-122.087833,4
2013,2013-02-10,2112,2,4,21,7,Y,A,N,A,H,C,A,01,,03,E,,,,,I,Y,N,D,1,0,0,0,22350.0,1,37.9773149,-122.0819932,4
2013,2013-02-19,654,2,4,6,2,N,C,N,B,H,A,A,07,N,03,E,,,,,I,Y,N,A,1,0,0,0,22350.0,1,37.99137706,-122.13033021,4
2013,2013-02-23,1900,2,4,19,6,Y,A,N,A,H,C,L,04,,05,A,,Y,,,G,N,N,A,1,0,1,0,21650.0,2,37.9501649,-122.0602431,2
2013,2013-02-21,1538,2,4,15,4,Y,A,N,A,H,C,-,- ,,00,F,,Y,,,A,N,N,A,1,0,1,0,,1,37.933175,-122.0623431,2
2013,2013-02-17,1121,2,4,11,7,Y,A,N,A,H,A,-,- ,,09,D,,,,,C,Y,N,A,1,0,0,0,21801.0,2,37.9452049,-122.0642831,4
2013,2013-02-14,811,2,4,8,4,Y,A,N,A,H,A,-,- ,,09,D,,Y,,,G,N,N,D,1,0,1,0,21804.0,2,37.871595,-122.1775631,3
2013,2013-02-25,1213,2,4,12,1,N,A,N,A,H,A,-,- ,W,08,B,,,,,C,N,N,A,1,0,0,0,22107.0,2,37.8922484,-122.1165207,3
2013,2013-02-05,802,2,4,8,2,N,A,N,A,H,A,A,01,E,03,C,,,,,C,Y,N,D,1,0,0,0,22350.0,3,37.9641153,-121.9906267,4
2013,2013-02-04,1451,2,4,14,1,N,A,N,A,H,A,A,01,W,10,G,Y,,,,B,N,N,D,1,1,0,0,21952.0,2,37.968151,-122.0532105,4
2013,2013-02-02,1826,2,4,18,6,N,A,N,A,H,C,A,01,W,03,C,,,,,C,Y,N,A,3,0,0,0,22350.0,4,37.93152979,-122.06057757,4
2013,2013-02-05,818,2,4,8,2,Y,A,N,A,H,A,A,01,,09,D,,,,,C,Y,N,D,1,0,0,0,21804.0,2,37.9637649,-122.015193,3
2013,2013-02-05,738,2,4,7,2,N,B,N,A,H,A,A,01,W,03,C,,,,,C,N,N,A,1,0,0,0,22350.0,3,37.977574,-121.9922578,4
2013,2013-03-16,550,3,1,5,6,Y,E,N,A,H,C,A,01,,08,E,,,,,I,Y,N,A,1,0,0,0,22101.0,1,37.7739949,-121.9239731,4
2013,2013-02-21,710,2,4,7,4,Y,A,N,A,H,A,A,01,,12,D,,,,,C,Y,N,A,1,0,0,0,21453.0,2,37.9751249,-122.0275331,4
2013,2013-02-21,805,2,4,8,4,N,A,Y,A,D,A,A,07,W,07,B,,,Y,,C,Y,N,D,1,0,0,1,21658.0,2,38.0038374,-121.8371644,4
2013,2013-03-12,2237,3,1,22,2,Y,A,N,A,H,C,A,07,,01,D,,,,,C,Y,N,A,1,0,0,0,23152.0,3,37.9308649,-122.3639831,4
2013,2013-02-14,1250,2,4,12,4,N,A,N,A,H,A,A,01,W,08,E,,,,,I,Y,N,A,1,0,0,0,22107.0,1,37.951416,-121.9560138,3
2013,2013-02-04,1452,2,4,14,1,Y,A,N,A,H,A,A,07,,12,D,,,,,C,N,N,A,3,0,0,0,21453.0,2,37.995375,-122.3022332,4
2013,2013-02-22,1518,2,4,15,5,N,A,N,A,H,A,A,01,W,08,E,,,,,I,Y,N,D,1,0,0,0,22107.0,1,,,3
2013,2013-02-27,2049,2,4,20,3,N,A,N,A,H,C,-,- ,N,08,A,,,,,I,Y,N,A,1,0,0,0,22107.0,1,37.9955299,-121.8974101,3
2013,2013-02-13,1748,2,4,17,3,Y,A,N,A,H,A,I,11,,08,B,,Y,,,G,N,F,D,1,0,1,0,22107.0,2,37.876425,-122.1794332,3
2013,2013-02-09,945,2,4,9,6,N,A,N,A,A,A,L,04,N,08,B,,Y,,,G,N,N,D,1,0,1,0,22107.0,2,37.8316792,-122.0135169,2
2013,2013-02-24,1605,2,4,16,7,Y,A,N,A,H,A,C,02,,06,B,,,Y,,C,N,N,D,1,0,0,1,21750.0,2,37.8278749,-121.9378831,3
2013,2013-02-28,1600,2,4,16,4,N,A,Y,A,H,A,A,01,S,03,C,,,,,C,Y,N,D,1,0,0,0,22350.0,4,37.807372,-121.9910736,4
2013,2013-02-27,1945,2,4,19,3,N,A,Y,A,H,C,A,01,S,03,C,,,,,C,Y,N,D,1,0,0,0,22350.0,2,37.7592376,-121.9647644,4
2013,2013-03-04,800,3,1,8,1,N,A,Y,A,D,A,A,01,W,03,C,,,,,C,Y,N,A,1,0,0,0,22350.0,2,38.003995,-121.8383831,3
2013,2013-03-02,1535,3,1,15,6,N,A,Y,A,H,C,A,07,W,03,C,,,,,C,N,N,D,2,0,0,0,22350.0,2,37.867455,-122.1989362,4
2013,2013-02-17,310,2,4,3,7,N,A,N,A,H,C,A,07,N,01,E,,,,,I,Y,N,D,1,0,0,0,23152.0,2,37.8203681,-121.9176452,3
2013,2013-02-05,850,2,4,8,2,N,A,Y,A,H,A,A,01,W,04,C,,,,,C,N,N,D,1,0,0,0,21703.0,2,37.9928538,-122.3054152,4
2013,2013-02-06,1355,2,4,13,3,N,A,N,A,H,A,A,01,E,08,E,,,,,I,Y,N,D,1,0,0,0,22107.0,1,37.867405,-121.623699,4
2013,2013-02-14,1345,2,4,13,4,N,A,N,A,H,A,A,01,S,- ,G,Y,,,,B,N,N,A,2,1,0,0,,4,37.9974601,-121.8136829,3
2013,2013-02-22,811,2,4,8,5,N,A,N,A,H,A,L,04,E,09,D,,Y,,,G,N,N,A,1,0,1,0,21802.0,2,37.9834577,-121.7644324,3
2013,2013-01-16,1127,1,4,11,3,N,A,N,A,H,A,D,22,E,03,C,,,,,C,N,N,A,1,0,0,0,22350.0,2,38.027989,-122.2658142,4
2012,2012-10-04,1844,10,3,18,4,N,A,Y,A,H,B,A,07,W,06,C,,,,,E,Y,N,D,2,0,0,0,21755.0,2,38.01800505,-121.89328311,4
2012,2012-11-12,1647,11,3,16,1,N,A,Y,A,H,A,A,01,W,01,C,,,,Y,C,Y,N,D,1,0,0,0,23152.0,2,37.99826505,-121.80946976,2
2013,2013-03-13,305,3,1,3,3,N,A,Y,A,C,D,D,22,E,03,C,,,,,C,Y,M,D,1,0,0,0,22350.0,2,38.0112225,-121.8644682,4
2013,2013-03-22,1500,3,1,15,5,N,A,Y,A,H,A,A,07,W,03,C,,,,,C,N,N,D,1,0,0,0,22350.0,2,38.0174774,-121.8909677,4
2013,2013-03-16,1545,3,1,15,6,N,A,Y,A,H,A,F,26,N,08,B,,,,Y,C,N,F,D,1,0,0,0,22107.0,2,37.9173523,-122.0642796,4
2013,2013-02-11,1850,2,4,18,1,N,A,Y,A,H,D,D,22,W,08,E,,,,,I,Y,N,D,1,0,0,0,22107.0,1,37.8890877,-122.1760616,3
2013,2013-01-25,143,1,4,1,5,N,A,Y,A,H,C,A,07,N,01,E,,,,,I,Y,N,D,1,0,0,0,23152.0,1,37.932685,-122.0603631,3
2013,2013-02-18,1232,2,4,12,1,N,A,N,A,H,A,-,- ,E,18,A,,,,,I,Y,N,D,1,0,0,0,,1,37.9940805,-121.8408258,3
2013,2013-02-19,1627,2,4,16,2,N,A,N,A,H,A,A,01,N,08,D,,,,,C,N,N,D,1,0,0,0,22107.0,2,37.9841427,-121.8058515,4
2013,2013-02-22,2028,2,4,20,5,N,A,Y,A,H,D,A,01,W,03,C,,,,,C,Y,M,D,3,0,0,0,22350.0,2,37.9519606,-122.3275657,4
2013,2013-02-20,1545,2,4,15,3,Y,A,N,A,H,A,A,01,,12,D,,,,,C,Y,N,A,2,0,0,0,22450.0,2,37.986005,-121.7988931,4
2013,2013-02-28,1109,2,4,11,4,Y,A,N,A,H,A,A,01,,08,D,,,,,C,N,N,A,1,0,0,0,22100.0,2,37.9658849,-121.780433,4
2013,2013-02-24,2235,2,4,22,7,N,A,N,A,H,D,A,01,E,01,E,,,,,I,Y,N,D,1,0,0,0,23152.0,1,37.9634348,-122.2939504,4
2013,2013-02-16,1302,2,4,13,6,Y,A,N,A,H,A,A,07,,- ,C,,,,,C,N,N,A,2,0,0,0,,2,37.985115,-121.8059531,4
2013,2013-02-24,1825,2,4,18,7,N,A,N,A,H,C,C,02,S,01,E,,,Y,,I,Y,M,D,1,0,0,1,23152.0,1,,,3
2013,2013-02-16,1334,2,4,13,6,Y,A,N,A,H,A,A,01,,09,D,,,,,C,N,N,-,1,0,0,0,21802.0,2,38.0049049,-121.7967731,4
2013,2013-02-01,1600,2,4,16,5,N,A,N,A,H,A,A,01,N,- ,D,,,,,C,N,N,D,1,0,0,0,,2,38.0067523,-121.8060284,4
2013,2013-03-08,625,3,1,6,5,N,B,Y,A,H,A,A,07,E,03,C,,,,,C,Y,N,D,2,0,0,0,22350.0,3,37.9281159,-122.3230124,4
2013,2013-03-15,220,3,1,2,5,N,A,N,A,H,D,A,01,S,01,F,,,,,A,Y,N,D,1,0,0,0,23152.0,1,37.8951847,-121.7662674,3
2013,2013-03-15,2325,3,1,23,5,N,A,N,A,H,D,A,01,W,08,F,,,,,A,Y,N,D,1,0,0,0,22107.0,1,37.896457,-121.6486436,4
2013,2013-03-16,1300,3,1,13,6,N,A,N,A,H,A,A,01,S,08,D,,Y,,,G,N,N,D,1,0,1,0,22107.0,2,37.8611887,-122.0395361,3
2013,2013-03-05,1250,3,1,12,2,N,A,N,A,H,A,C,02,W,08,F,,,Y,,A,Y,N,D,1,0,0,1,22107.0,1,37.8913341,-121.7912369,4
2013,2013-03-02,1820,3,1,18,6,N,A,N,A,H,D,C,02,S,01,E,,,Y,,A,Y,F,D,1,0,0,1,23152.0,1,38.0437472,-122.1885224,3
2013,2013-03-09,1302,3,1,13,6,N,A,Y,A,D,A,A,07,E,03,C,,,,,C,Y,N,D,2,0,0,0,22350.0,4,38.0026312,-121.8327767,4
2013,2013-03-01,1043,3,1,10,5,N,A,Y,A,H,A,A,01,W,00,C,,,,,C,Y,F,D,2,0,0,0,23104.0,4,37.865705,-122.2078731,4
2013,2013-03-18,1145,3,1,11,1,N,A,N,A,H,A,D,22,E,03,C,,,,,C,N,N,A,1,0,0,0,22350.0,2,37.977395,-122.0288541,4
2012,2012-12-04,1847,12,4,18,2,N,B,Y,B,H,C,A,01,E,03,C,,,,,C,Y,M,A,1,0,0,0,22350.0,2,37.96015501,-122.33041317,4
2012,2012-11-22,1759,11,3,17,4,N,A,N,A,H,C,N,60,W,11,G,Y,,,,B,Y,N,D,1,1,0,0,21954.0,3,37.95385837,-121.96249443,2
2013,2013-02-25,1940,2,4,19,1,Y,A,N,A,H,C,D,22,,09,D,,,,,C,N,N,D,1,0,0,0,21800.0,2,37.9894349,-122.3193631,4
2013,2013-03-05,1440,3,1,14,2,N,A,N,A,H,A,A,07,E,03,C,,,,,C,N,N,A,1,0,0,0,22350.0,2,37.995709,-122.3272483,4
2013,2013-03-18,1710,3,1,17,1,N,A,Y,A,H,A,D,22,W,03,C,,,,,C,Y,N,D,1,0,0,0,22350.0,3,37.9002124,-122.3103254,4
2013,2013-02-15,816,2,4,8,5,Y,A,N,A,H,A,-,- ,,00,G,Y,,,,B,N,N,A,1,1,0,0,,2,38.0092249,-122.2699631,2
2013,2013-02-26,1710,2,4,17,2,N,A,N,A,H,A,A,01,N,01,C,,,,,C,Y,N,D,1,0,0,0,23152.0,3,,,4
2013,2013-02-22,1023,2,4,10,5,Y,A,N,A,H,A,-,- ,,00,A,,,,,C,Y,N,A,1,0,0,0,,2,38.0093849,-122.2713831,4
2013,2013-03-24,1,3,1,0,7,N,A,N,A,H,C,-,- ,S,01,A,,,,,C,Y,N,D,1,0,0,0,23153.0,2,38.0030531,-122.263364,4
2013,2013-03-29,1447,3,1,14,5,N,A,N,A,H,A,A,01,N,09,D,,,,,C,N,N,D,2,0,0,0,21801.0,2,37.9658484,-122.0476578,4
2013,2013-03-28,1959,3,1,19,4,Y,A,N,A,H,C,A,07,,12,D,,,,,C,Y,N,A,1,0,0,0,21453.0,2,37.9712349,-122.0423831,3
2013,2013-03-03,1810,3,1,18,7,Y,A,N,A,H,A,-,- ,,00,G,Y,,,,B,N,N,A,1,1,0,0,,2,37.977295,-122.0299631,4
2013,2013-03-26,704,3,1,7,2,N,A,N,A,H,A,A,01,N,09,B,,,Y,,C,Y,N,D,1,0,0,1,21804.0,2,38.0119763,-122.0235359,2
2013,2013-03-25,737,3,1,7,1,Y,A,N,A,H,A,A,01,,12,D,,,,,C,Y,N,A,1,0,0,0,21453.0,2,38.0174849,-121.889273,4
2013,2013-03-21,1849,3,1,18,4,Y,A,N,A,H,A,A,01,,01,A,,,,,C,Y,N,A,1,0,0,0,23152.0,3,38.004175,-122.2985432,3
2013,2013-03-14,1030,3,1,10,4,N,A,N,A,H,A,-,- ,E,- ,D,,Y,,,G,N,N,D,1,0,1,0,,2,37.943485,-122.0812664,4
2013,2013-03-27,1700,3,1,17,3,N,B,N,A,H,A,A,01,E,08,B,,,,,C,N,N,D,1,0,0,0,22107.0,2,37.9500491,-121.9535252,4
2013,2013-03-13,1600,3,1,16,3,N,A,N,A,H,A,-,- ,S,- ,C,,,,,C,N,N,A,1,0,0,0,,3,37.9475605,-122.0901261,4
2013,2013-03-17,1824,3,1,18,7,Y,A,N,A,H,B,A,01,,03,C,,,,,C,,N,A,2,0,0,0,22350.0,2,37.7397149,-121.9139631,3
2013,2013-03-26,1321,3,1,13,2,Y,A,N,A,H,A,A,01,,09,D,,,,,C,Y,N,A,1,0,0,0,21801.0,2,37.9616449,-122.008003,3
2013,2013-03-19,1418,3,1,14,2,N,A,N,A,H,A,A,01,E,08,D,,,,,C,N,N,D,1,0,0,0,22103.0,2,37.9945518,-122.026795,4
2013,2013-03-16,1430,3,1,14,6,Y,A,N,A,H,A,A,07,,- ,G,Y,,,,B,N,N,D,2,2,0,0,,3,37.979575,-122.0467332,3
2013,2013-03-16,1220,3,1,12,6,Y,A,N,A,H,A,A,01,,09,A,,,,,C,N,N,A,3,0,0,0,21801.0,2,37.9616449,-122.008003,4
2013,2013-03-18,703,3,1,7,1,Y,A,N,A,H,A,L,04,,05,D,,Y,,,G,N,N,D,1,0,1,0,21650.0,2,37.9894849,-122.0330131,4
2013,2013-03-12,854,3,1,8,2,Y,A,N,A,H,A,A,07,,03,C,,,,,C,N,N,A,1,0,0,0,22350.0,2,37.9779049,-121.9963331,4
2013,2013-03-21,1054,3,1,10,4,N,A,N,A,H,A,A,01,S,09,D,,,,,C,Y,N,D,1,0,0,0,21804.0,2,37.9799645,-122.0557641,4
2013,2013-03-21,1801,3,1,18,4,N,A,N,A,H,A,A,07,N,03,C,,,,,C,N,N,A,3,0,0,0,22350.0,4,37.95912448,-122.03274339,4
2013,2013-03-22,1246,3,1,12,5,N,A,N,A,H,A,C,02,E,08,E,,,Y,,I,Y,N,A,1,0,0,1,22107.0,1,37.9470555,-122.0108614,3
2013,2013-03-23,1333,3,1,13,6,Y,A,N,A,H,A,A,01,,- ,A,,,,,C,Y,N,A,1,0,0,0,,2,37.9712349,-122.0423831,4
2013,2013-03-14,1231,3,1,12,4,Y,A,N,A,H,A,A,01,,12,D,,,,,C,Y,N,A,1,0,0,0,21453.0,2,37.9786949,-122.0418831,4
2013,2013-03-21,1239,3,1,12,4,Y,A,N,A,H,A,A,01,,12,D,,,,,C,Y,N,A,2,0,0,0,21453.0,2,37.981665,-122.0310031,4
2013,2013-03-25,1407,3,1,14,1,N,A,N,A,H,A,A,01,N,08,B,,,Y,,C,N,N,A,1,0,0,1,22107.0,2,37.9711601,-122.0459565,3
2013,2013-03-08,1745,3,1,17,5,N,A,N,A,H,B,A,01,S,10,G,Y,,,,B,N,N,D,1,1,0,0,21950.0,2,37.9767214,-122.2961859,2
2013,2013-03-12,1710,3,1,17,2,N,A,N,A,H,A,A,01,S,01,D,,,,,C,Y,N,D,1,0,0,0,23152.0,2,37.892506,-122.07563013,3
2013,2013-03-13,617,3,1,6,3,N,A,N,A,H,C,N,60,N,11,A,Y,,,,B,N,N,D,1,1,0,0,21950.0,2,37.97938557,-122.29624093,3
2013,2013-03-06,1443,3,1,14,3,N,A,N,A,H,A,A,01,N,10,D,Y,,,,B,N,N,D,1,1,0,0,21952.0,2,37.926294,-122.3397101,4
2013,2013-03-01,1855,3,1,18,5,N,A,N,A,H,C,A,01,W,01,C,,,,,E,Y,N,A,1,0,0,0,23152.0,4,37.9498638,-122.3390995,4
2013,2013-03-12,1712,3,1,17,2,N,A,N,A,H,A,-,- ,S,08,C,,,,,E,Y,N,D,1,0,0,0,22100.0,2,37.9406453,-122.3299887,4
2013,2013-02-11,1325,2,4,13,1,Y,A,N,A,H,A,A,01,,10,G,Y,,,,B,Y,N,A,1,1,0,0,21950.0,2,37.9894149,-122.0413331,2
2013,2013-03-10,1857,3,1,18,7,Y,A,N,A,H,B,-,- ,,12,D,,,,,C,Y,N,A,1,0,0,0,21453.0,2,37.9290649,-122.0161231,4
2013,2013-03-16,1025,3,1,10,6,N,A,N,A,H,A,A,01,S,21,C,,,,,C,N,N,A,1,0,0,0,22106.0,2,37.9175519,-122.0393701,4
2013,2013-03-09,2139,3,1,21,6,Y,A,N,A,H,C,-,- ,,21,G,Y,,,,B,N,N,A,1,1,0,0,22106.0,2,37.9264049,-122.0626031,4
2013,2013-03-26,1210,3,1,12,2,N,A,Y,A,H,A,A,07,W,03,C,,,,,C,Y,N,D,1,0,0,0,22350.0,2,38.0100799,-121.8599106,4
2013,2013-03-21,1455,3,1,14,4,N,A,Y,A,H,A,A,01,N,03,C,,,,,C,Y,N,D,1,0,0,0,22350.0,2,37.9958432,-121.7071202,4
2013,2013-03-24,1625,3,1,16,7,N,A,Y,A,H,A,A,01,W,07,B,,,,,C,N,N,D,2,0,0,0,21658.0,2,38.0124932,-122.0030843,4
2013,2013-03-17,1558,3,1,15,7,N,A,Y,A,H,A,A,01,S,08,E,,,,,I,Y,N,D,1,0,0,0,22107.0,1,37.8607247,-122.0330696,3
2013,2013-03-08,801,3,1,8,5,N,A,Y,A,H,A,A,01,W,03,C,,,,,C,Y,N,D,2,0,0,0,22350.0,3,38.0116143,-121.8665677,4
2013,2013-03-14,855,3,1,8,4,N,A,Y,A,H,A,A,01,W,08,E,,,,,I,Y,N,D,1,0,0,0,22107.0,1,37.9986127,-121.7316372,3
2013,2013-03-16,1142,3,1,11,6,N,A,Y,A,H,A,A,01,W,08,E,,,,,I,Y,N,D,1,0,0,0,22107.0,1,37.8672269,-122.2020362,4
2013,2013-03-27,1630,3,1,16,3,N,A,Y,A,H,A,A,07,E,03,C,,,,,C,N,N,D,1,0,0,0,22350.0,2,38.0164618,-121.8867538,4
2013,2013-02-18,1650,2,4,16,1,N,A,N,A,H,A,A,01,N,01,C,,,,,C,Y,N,D,1,0,0,0,23152.0,3,37.9642824,-122.282099,3
2013,2013-02-26,2205,2,4,22,2,N,A,N,A,H,D,A,07,S,03,C,,,,,C,N,N,D,1,0,0,0,22350.0,2,37.8437128,-121.6467324,4
2013,2013-03-16,727,3,1,7,6,Y,A,N,A,H,A,A,01,,09,D,,Y,,,G,N,N,A,1,0,1,0,21453.0,2,38.0267549,-121.9544931,3
2013,2013-03-24,2014,3,1,20,7,Y,A,N,A,H,C,D,22,,01,D,,,,,C,Y,N,A,1,0,0,0,23152.0,2,37.7726249,-121.995973,2
2013,2013-03-11,945,3,1,9,1,Y,A,N,A,H,A,D,22,,10,G,Y,,,,B,N,N,D,1,1,0,0,21950.0,2,37.9208749,-122.3141032,2
2013,2013-03-27,800,3,1,8,3,N,A,Y,A,H,A,D,22,E,03,C,,,,,C,Y,N,D,1,0,0,0,22350.0,3,37.9043062,-122.3132828,4
2013,2013-03-21,2015,3,1,20,4,N,A,Y,A,D,D,A,01,S,07,B,,,,,C,Y,N,D,1,0,0,0,21658.0,2,37.7756166,-121.9743442,4
2013,2013-03-20,1410,3,1,14,3,N,C,Y,B,H,A,A,07,E,08,F,,,,,A,Y,N,D,5,0,0,0,22107.0,1,37.9226726,-122.3585521,3
2013,2013-03-13,751,3,1,7,3,N,A,Y,A,H,A,C,02,W,03,C,,,Y,,C,Y,N,D,1,0,0,1,22350.0,2,37.9306345,-122.3901121,4
2013,2013-03-18,2206,3,1,22,1,N,A,Y,A,H,D,A,01,E,08,E,,,,,I,Y,N,D,1,0,0,0,22107.0,1,37.9215096,-122.3182801,4
2013,2013-02-26,2035,2,4,20,2,N,A,N,A,H,D,A,01,S,08,A,,,,,C,Y,N,D,1,0,0,0,22107.0,3,37.8565175,-121.6530797,3
2013,2013-03-22,2030,3,1,20,5,N,A,N,A,H,C,-,99,W,03,C,,,,,C,N,F,A,1,0,0,0,22350.0,2,37.9662059,-122.3096053,4
2013,2013-04-01,1335,4,1,13,1,N,B,Y,A,H,A,A,01,E,08,E,,,,,I,Y,N,D,1,0,0,0,22107.0,1,37.9908738,-122.0971463,4
2013,2013-04-03,1236,4,1,12,3,Y,A,N,A,H,A,A,01,,10,G,Y,,,,B,N,N,D,1,1,0,0,21950.0,2,37.9115049,-122.0463031,3
2013,2013-04-05,1525,4,1,15,5,N,A,N,A,H,A,A,01,E,07,B,,,,,C,Y,N,D,2,0,0,0,21658.0,2,37.9110176,-122.0469968,4
2013,2013-04-02,1535,4,1,15,2,N,A,N,A,H,A,A,01,N,09,D,,,,,D,Y,N,D,1,0,0,0,21801.0,2,37.9533233,-121.9558669,3
2013,2013-03-26,1000,3,1,10,2,N,A,N,A,H,A,A,01,N,03,G,Y,,,,B,N,N,D,1,1,0,0,22350.0,2,37.7990466,-121.9171976,4
2013,2013-03-29,907,3,1,9,5,Y,A,N,A,H,A,D,22,,09,D,,,,,C,Y,N,A,2,0,0,0,21802.0,2,37.95725428,-122.03088462,3
2013,2013-04-04,1918,4,1,19,4,Y,B,N,A,H,B,A,07,,09,B,,,,,C,Y,N,A,3,0,0,0,21453.0,3,37.974265,-122.0338831,4
2013,2013-04-06,1821,4,1,18,6,N,B,N,A,H,A,D,22,S,- ,A,,,,,C,Y,N,D,2,0,0,0,,2,37.9957606,-122.0296591,4
2013,2013-04-07,1514,4,1,15,7,N,A,N,A,H,A,A,01,N,08,B,,,,,C,Y,N,D,3,0,0,0,22103.0,4,37.9909071,-122.0327725,4
2013,2013-04-08,803,4,1,8,1,N,A,N,A,H,A,A,01,E,03,D,,,,,E,Y,N,D,1,0,0,0,22350.0,2,37.9770201,-122.0590502,4
2013,2013-04-09,1759,4,1,17,2,Y,A,N,A,H,A,A,01,,17,D,,,,,C,Y,N,A,2,0,0,0,21451.0,2,37.99776627,-122.04205334,3
2013,2013-03-27,1255,3,1,12,3,N,A,N,A,H,A,A,01,E,- ,C,,,,,C,Y,N,A,4,0,0,0,,5,37.94363485,-121.73342317,4
2013,2013-03-18,1530,3,1,15,1,Y,A,N,A,H,A,D,22,,- ,B,,,,,C,Y,N,D,1,0,0,0,,2,37.943495,-121.726023,3
2013,2013-03-16,1155,3,1,11,6,N,A,N,A,H,A,D,22,E,- ,C,,,,,C,N,N,D,5,0,0,0,,4,37.961585,-121.7232768,4
2013,2013-04-01,925,4,1,9,1,N,B,Y,B,H,A,D,22,W,03,C,,,,,C,N,N,D,1,0,0,0,22350.0,2,37.93255,-122.4052661,4
2013,2013-03-29,1101,3,1,11,5,Y,A,N,A,H,A,A,01,,12,D,,,,,C,Y,N,A,1,0,0,0,21453.0,2,37.7643849,-121.9540631,4
2013,2013-03-29,2013,3,1,20,5,N,A,N,A,H,C,A,01,W,03,C,,,,,C,N,N,A,1,0,0,0,22350.0,2,37.7739701,-121.9240146,4
2013,2013-03-24,348,3,1,3,7,Y,A,N,A,H,C,-,- ,,01,E,,,,,I,Y,N,A,1,0,0,0,23152.0,1,37.759395,-121.9681731,4
2013,2013-03-27,2005,3,1,20,3,Y,B,N,A,H,C,A,07,,12,D,,,,,C,Y,N,A,1,0,0,0,21453.0,2,37.7880349,-121.946493,4
2013,2013-03-16,2201,3,1,22,6,N,A,N,A,H,C,-,- ,S,09,D,,,,,C,Y,M,D,1,0,0,0,21804.0,2,37.7259702,-121.929412,4
2013,2013-02-23,1930,2,4,19,6,N,A,N,A,H,C,A,01,S,01,C,,,,,C,Y,N,A,2,0,0,0,23152.0,3,38.0213053,-121.9419689,4
2013,2013-03-27,1530,3,1,15,3,N,A,N,A,H,A,A,01,E,09,D,,,,,C,Y,N,D,1,0,0,0,21801.0,2,37.9219205,-121.9033113,4
2013,2013-03-23,1420,3,1,14,6,N,A,N,A,H,A,C,03,E,03,F,,,Y,,A,N,N,D,1,0,0,1,22350.0,1,38.0523853,-122.2192801,3
2013,2013-01-18,1233,1,4,12,5,Y,A,N,A,H,A,A,01,,08,D,,,,,C,Y,N,D,1,0,0,0,22107.0,2,38.005245,-122.2645731,3
2013,2013-01-26,445,1,4,4,6,N,A,N,A,H,C,-,- ,N,01,E,,,,,E,Y,N,D,1,0,0,0,23153.0,2,37.9953786,-122.2605407,4
2013,2013-03-28,755,3,1,7,4,N,B,Y,B,H,A,A,08,W,03,C,,,,,C,Y,F,D,1,0,0,0,22350.0,3,37.932607,-122.4078587,4
2013,2013-03-31,810,3,1,8,7,N,A,N,A,H,A,A,01,E,12,D,,,,,C,Y,N,A,1,0,0,0,21453.0,2,37.9477413,-121.9493667,4
2013,2013-03-19,1847,3,1,18,2,Y,C,N,B,H,A,-,- ,,03,D,,,,,I,Y,N,D,1,0,0,0,22350.0,1,38.0040449,-122.1277831,4
2013,2013-03-26,1453,3,1,14,2,N,A,N,A,H,A,A,07,S,03,C,,,,,C,Y,N,D,3,0,0,0,22350.0,2,38.013673,-122.1242172,3