ACCIDENT_YEAR,COLLISION_DATE,COLLISION_TIME,MONTH,SEASON,24HOURS,DAY_OF_WEEK,INTERSECTION,WEATHER_1,STATE_HWY_IND,ROAD_SURFACE,ROAD_COND_1,LIGHTING,STWD_VEHTYPE_AT_FAULT,CHP_VEHTYPE_AT_FAULT,DIRECTION,PCF_VIOL_CATEGORY,TYPE_OF_COLLISION,PEDESTRIAN_ACCIDENT,BICYCLE_ACCIDENT,MOTORCYCLE_ACCIDENT,TRUCK_ACCIDENT,MVIW,TOW_AWAY,HIT_AND_RUN,CONTROL_DEVICE,NUMBER_INJURED,COUNT_PED_INJURED,COUNT_BICYCLIST_INJURED,COUNT_MC_INJURED,PCF_VIOLATION,PARTY_COUNT,POINT_Y,POINT_X,COLLISION_SEVERITY
2013,2013-07-25,1629,7,2,16,4,Y,A,N,A,H,A,A,01,,03,C,,,,,C,N,N,D,1,0,0,0,22350.0,2,37.955535,-122.0016531,4
2013,2013-05-14,735,5,1,7,2,Y,A,N,A,H,A,A,01,,03,C,,,,,C,N,N,A,1,0,0,0,22350.0,2,38.004715,-121.8536631,4
2013,2013-05-25,1924,5,1,19,6,Y,A,N,A,H,A,L,04,,05,G,,Y,,,G,N,N,A,1,0,1,0,21650.0,2,37.9617649,-121.760063,3
2013,2013-06-18,759,6,2,7,2,Y,A,N,A,H,A,A,01,,- ,C,,,,,C,N,N,A,1,0,0,0,,2,37.966515,-121.760073,4
2013,2013-07-19,1632,7,2,16,5,N,A,N,A,H,A,D,22,W,03,C,,,,,C,Y,N,A,1,0,0,0,22350.0,2,37.7292663,-121.9324903,4
2013,2013-07-16,1650,7,2,16,2,N,A,Y,A,H,A,A,01,E,07,B,,,,,C,Y,N,D,2,0,0,0,21658.0,3,38.0191686,-121.9261095,3
2013,2013-07-24,1808,7,2,18,3,N,A,Y,A,H,A,D,22,S,04,C,,,,,C,N,N,D,2,0,0,0,21703.0,3,37.8828526,-122.0520451,4
2013,2013-07-26,625,7,2,6,5,N,A,Y,A,H,A,A,01,W,03,C,,,,,C,Y,N,D,1,0,0,0,22350.0,2,38.0207388,-121.9835442,4
2013,2013-07-26,1743,7,2,17,5,N,A,Y,A,H,A,A,08,S,03,C,,,,,C,N,N,D,1,0,0,0,22350.0,2,37.8497177,-122.0288138,4
2013,2013-07-29,1613,7,2,16,1,N,A,Y,A,H,A,A,01,W,04,C,,,,,C,Y,N,D,1,0,0,0,21703.0,2,37.8977853,-122.0858249,4
2013,2013-07-29,1800,7,2,18,1,N,A,Y,A,H,A,D,22,E,07,E,,,,,I,Y,N,D,2,0,0,0,21658.0,2,37.994465,-122.0698931,3
2013,2013-04-18,1740,4,1,17,4,N,A,Y,A,H,A,D,22,N,03,C,,,,,C,Y,N,D,1,0,0,0,22350.0,3,37.7592376,-121.9647644,4
2013,2013-07-14,2232,7,2,22,7,Y,A,N,A,H,C,D,22,,01,D,,,,,C,Y,N,A,1,0,0,0,23153.0,2,38.004885,-121.8060231,2
2013,2013-06-18,546,6,2,5,2,Y,A,N,A,H,A,C,02,,06,A,,,Y,,C,Y,N,D,1,0,0,1,21755.0,2,38.011175,-121.818413,3
2013,2013-07-24,130,7,2,1,3,N,A,Y,A,H,D,A,07,E,03,C,,,,Y,C,Y,N,D,1,0,0,0,22350.0,2,38.0212269,-121.9575257,4
2013,2013-07-18,955,7,2,9,4,N,A,Y,A,H,A,A,01,N,07,B,,,,Y,C,Y,N,D,2,0,0,0,21658.0,5,37.9797552,-122.0653121,3
2013,2013-08-02,1648,8,2,16,5,N,A,N,A,H,A,N,60,W,11,G,Y,,,,B,N,N,D,1,1,0,0,21954.0,2,37.976088,-122.0401161,3
2013,2013-08-01,1533,8,2,15,4,N,A,N,A,D,A,A,01,E,03,C,,,,,C,Y,N,A,1,0,0,0,22350.0,3,37.762925,-121.9566475,3
2013,2013-07-27,1712,7,2,17,6,N,A,N,A,H,A,A,01,S,03,C,,,,,C,N,N,A,1,0,0,0,22350.0,2,37.7759198,-121.9783082,4
2013,2013-07-29,800,7,2,8,1,N,A,Y,A,D,A,A,08,W,- ,C,,,,,C,Y,N,D,1,0,0,0,,5,37.9984971,-121.8184141,4
2013,2013-08-01,530,8,2,5,4,N,A,Y,A,D,B,G,25,E,03,C,,,,Y,C,Y,N,D,1,0,0,0,22350.0,2,37.9957442,-121.7820993,4
2013,2013-08-02,1215,8,2,12,5,N,A,Y,A,D,A,A,07,E,03,C,,,,,C,Y,N,D,1,0,0,0,22350.0,5,38.0026706,-121.8329156,4
2013,2013-07-31,1814,7,2,18,3,N,A,Y,A,H,A,D,22,W,03,C,,,,,C,Y,N,D,1,0,0,0,22350.0,2,37.8956045,-122.1096717,3
2013,2013-08-03,1000,8,2,10,6,N,A,Y,A,H,A,-,- ,S,- ,B,,,,,C,N,N,D,1,0,0,0,,2,37.8467755,-122.0266332,4
2013,2013-08-05,1555,8,2,15,1,N,A,Y,A,H,A,D,22,W,03,C,,,,,C,Y,N,D,2,0,0,0,22350.0,2,38.0434302,-122.2404305,4
2013,2013-07-15,2054,7,2,20,1,N,A,Y,A,C,D,A,07,S,03,E,,,,,J,Y,N,D,3,0,0,0,22350.0,3,37.9362985,-122.0604363,3
2013,2013-07-20,1505,7,2,15,6,N,A,Y,A,H,A,A,01,W,08,C,,,,,C,Y,N,D,1,0,0,0,22107.0,3,37.8597095,-122.2117293,4
2013,2013-07-06,1835,7,2,18,6,N,A,Y,A,H,A,A,01,S,01,E,,,,,I,Y,N,D,3,0,0,0,23152.0,2,37.8385529,-122.0154745,4
2013,2013-07-26,1700,7,2,17,5,N,A,Y,A,H,A,A,01,S,08,F,,,,,I,Y,N,D,1,0,0,0,22107.0,1,38.0217318,-122.1028806,3
2013,2013-04-25,1800,4,1,18,4,N,A,Y,A,H,A,A,01,S,03,C,,,,,C,Y,N,D,1,0,0,0,22350.0,4,37.7745398,-121.9740868,4
2013,2013-04-15,550,4,1,5,1,N,A,Y,A,H,C,A,01,N,03,C,,,,,C,Y,N,D,2,0,0,0,22350.0,6,37.7805753,-121.9771423,4
2013,2013-04-11,1500,4,1,15,4,Y,A,N,A,H,A,A,01,,03,C,,,,,C,N,N,D,2,0,0,0,22350.0,2,37.7915749,-121.8638831,3
2013,2013-05-24,1233,5,1,12,5,N,A,Y,A,H,A,A,01,S,03,C,,,,,C,Y,N,D,4,0,0,0,22350.0,3,37.7919255,-121.9827184,4
2013,2013-05-30,1530,5,1,15,4,N,A,Y,A,H,A,A,01,S,03,C,,,,,C,Y,N,D,1,0,0,0,22350.0,3,37.8084556,-121.9915336,4
2013,2013-06-03,1245,6,2,12,1,N,A,N,A,H,A,C,02,E,03,F,,,Y,,A,Y,N,D,1,0,0,1,22350.0,1,37.8292992,-121.9433299,3
2013,2013-07-22,2205,7,2,22,1,N,A,N,A,H,C,A,01,,08,D,,,Y,,C,Y,N,D,1,0,0,1,22107.0,2,37.96507736,-122.33835697,4
2013,2013-07-19,1705,7,2,17,5,Y,A,N,A,H,A,A,01,,08,-,,Y,,,G,N,N,A,1,0,1,0,21717.0,2,37.9587249,-122.3402932,4
2013,2013-07-22,1700,7,2,17,1,N,B,N,A,H,A,A,01,E,01,E,,,,,I,Y,N,D,1,0,0,0,23152.0,1,37.8785885,-121.7693524,3
2013,2013-07-13,2205,7,2,22,6,N,A,N,A,H,C,A,01,N,03,E,,,,,I,N,M,D,1,0,0,0,22350.0,1,38.0076503,-122.0995346,4
2013,2013-05-17,1421,5,1,14,5,N,A,N,A,H,A,D,22,S,09,D,,,,,C,N,N,D,2,0,0,0,21804.0,2,38.0047065,-121.8060231,4
2013,2013-07-31,1640,7,2,16,3,N,A,Y,A,H,A,A,07,W,07,B,,,Y,,C,N,N,D,1,0,0,1,21658.0,2,38.019125,-121.9379931,3
2013,2013-07-16,1502,7,2,15,2,Y,A,N,A,H,A,A,07,,- ,D,,,,,C,Y,N,A,1,0,0,0,,2,38.0048949,-121.7938831,4
2013,2013-07-25,1040,7,2,10,4,N,A,Y,A,D,A,A,01,E,03,C,,,,,C,Y,N,D,1,0,0,0,22350.0,3,37.9982651,-121.8029548,3
2013,2013-07-27,154,7,2,1,6,N,A,Y,A,H,C,A,01,E,03,F,,,,,I,Y,N,D,1,0,0,0,22350.0,1,38.0173846,-122.2670955,4
2013,2013-07-26,57,7,2,0,5,N,A,Y,A,H,C,A,01,W,03,B,,,,,I,Y,N,D,2,0,0,0,22350.0,1,37.989915,-122.1334031,2
2013,2013-07-30,900,7,2,9,2,N,A,Y,A,H,A,A,01,W,03,C,,,,,C,N,N,D,1,0,0,0,22350.0,3,38.0039204,-121.8374883,4
2013,2013-07-23,825,7,2,8,2,N,A,Y,A,D,A,A,01,E,03,C,,,,,C,Y,N,D,1,0,0,0,22350.0,3,37.9959419,-121.7847107,4
2013,2013-05-22,57,5,1,0,3,Y,A,N,A,H,C,A,01,,03,A,,,,,I,Y,N,A,1,0,0,0,22350.0,1,38.004715,-121.8536631,3
2013,2013-06-24,715,6,2,7,1,N,B,Y,B,H,A,A,07,W,07,B,,,,Y,C,Y,N,D,1,0,0,0,21658.0,2,37.9217233,-122.3462922,4
2013,2013-07-12,2028,7,2,20,5,N,A,N,A,H,B,D,22,E,03,C,,,,,C,N,N,D,1,0,0,0,22350.0,2,37.9967378,-122.3175487,4
2013,2013-07-16,740,7,2,7,2,N,B,Y,A,H,A,A,01,E,07,C,,,Y,,C,Y,N,D,1,0,0,1,21658.0,2,37.9016884,-122.3115054,3
2013,2013-07-22,1706,7,2,17,1,Y,A,N,A,H,A,L,04,,03,F,,Y,,,I,N,N,D,1,0,1,0,22350.0,1,37.9886649,-122.2818731,3
2013,2013-07-20,2204,7,2,22,6,N,A,Y,A,H,C,A,01,E,08,E,,,,,I,Y,N,D,1,0,0,0,22107.0,1,37.9049852,-122.3137269,3
2013,2013-08-02,1925,8,2,19,5,N,A,N,A,H,B,D,22,S,03,G,Y,,,,B,N,M,D,1,1,0,0,22350.0,2,37.9003749,-121.6068281,4
2013,2013-06-24,1720,6,2,17,1,N,B,N,B,H,A,A,07,S,01,A,,,,,C,Y,N,A,2,0,0,0,23152.0,2,38.03807563,-122.2686857,2
2013,2013-06-05,1805,6,2,18,3,N,A,N,A,H,A,D,22,E,01,A,,,,,C,Y,N,D,2,0,0,0,23152.0,2,37.9817313,-122.0692235,3
2013,2013-07-18,735,7,2,7,4,N,B,Y,A,H,A,C,02,W,08,B,,,Y,,C,N,N,D,1,0,0,1,22107.0,3,37.9061582,-122.3144941,4
2013,2013-08-09,1300,8,2,13,5,N,A,Y,A,H,A,A,01,E,03,C,,,,,C,Y,N,D,1,0,0,0,22350.0,3,37.9016884,-122.3115054,3
2013,2013-08-10,351,8,2,3,6,N,A,N,A,H,C,A,07,N,01,E,,,,,J,Y,N,D,2,0,0,0,23152.0,2,37.94697332,-121.96006447,4
2013,2013-08-11,130,8,2,1,7,N,A,N,A,H,D,D,22,E,08,E,,,,,I,Y,N,D,1,0,0,0,22107.0,1,37.8310349,-121.6231585,4
2013,2013-07-31,805,7,2,8,3,N,A,Y,A,H,A,A,01,W,03,C,,,,,C,Y,N,D,1,0,0,0,22350.0,2,37.8635186,-122.2093686,3
2013,2013-07-25,1840,7,2,18,4,N,A,Y,A,H,A,A,01,S,04,C,,,,,C,Y,N,D,1,0,0,0,21703.0,4,37.8622684,-122.0342967,4
2013,2013-07-28,348,7,2,3,7,N,A,Y,A,H,C,A,01,W,08,E,,,,,I,Y,N,D,1,0,0,0,22107.0,1,38.0118252,-122.0071792,4
2013,2013-07-26,1245,7,2,12,5,N,A,Y,A,H,A,A,01,N,03,C,,,,,C,,N,A,1,0,0,0,22350.0,2,37.874275,-122.1872531,4
2013,2013-08-01,1720,8,2,17,4,N,A,Y,A,H,A,A,07,N,08,E,,,,,I,Y,N,D,4,0,0,0,22107.0,1,37.8955462,-122.0703023,4
2013,2013-08-06,726,8,2,7,2,N,B,Y,A,H,A,A,01,N,08,-,,,,,-,Y,N,D,1,0,0,0,22107.0,2,37.9719105,-122.047084,4
2013,2013-07-24,1140,7,2,11,3,N,A,Y,A,H,A,A,07,E,08,E,,,,,I,Y,N,D,1,0,0,0,22107.0,1,37.9291095,-122.323674,4
2013,2013-08-06,1355,8,2,13,2,N,A,Y,A,H,A,A,01,W,08,E,,,,,I,Y,N,D,1,0,0,0,22107.0,1,38.0231609,-121.9764297,4
2013,2013-07-24,25,7,2,0,3,N,B,Y,A,H,C,A,01,W,01,E,,,,,I,Y,N,D,1,0,0,0,23152.0,1,37.933045,-122.3261632,3
2013,2013-07-25,550,7,2,5,4,N,B,Y,A,H,B,A,01,W,03,C,,,,,C,Y,N,D,1,0,0,0,22350.0,2,37.9154075,-122.3175721,4
2013,2013-07-29,9,7,2,0,1,N,B,Y,A,H,C,A,01,W,07,C,,,,,C,Y,N,D,1,0,0,0,21658.0,2,37.9714582,-122.3199854,4
2013,2013-08-01,904,8,2,9,4,N,A,N,A,H,A,A,01,E,03,C,,,,,C,N,N,D,2,0,0,0,22350.0,3,37.9390436,-122.0244805,4
2013,2013-08-07,825,8,2,8,3,N,B,Y,A,H,A,A,01,N,03,C,,,,,C,N,N,D,1,0,0,0,22350.0,3,37.8508643,-122.0286285,4
2013,2013-06-18,1730,6,2,17,2,N,A,Y,A,H,A,A,01,W,03,C,,,,,C,Y,N,D,3,0,0,0,22350.0,4,37.9909691,-122.0867518,3
2013,2013-07-30,710,7,2,7,2,Y,A,N,A,H,A,A,08,,03,C,,,,,C,Y,N,A,1,0,0,0,22350.0,3,38.0044349,-122.0240331,4
2013,2013-08-01,2110,8,2,21,4,N,A,N,B,H,C,A,07,E,03,C,,,,,C,Y,N,A,1,0,0,0,22350.0,2,37.7866945,-121.9517238,4
2013,2013-07-20,1152,7,2,11,6,N,A,Y,A,H,A,-,- ,W,09,D,,Y,,,G,N,N,D,1,0,1,0,21804.0,2,,,3
2013,2013-07-19,2226,7,2,22,5,N,A,N,A,H,C,D,22,E,03,C,,,,,C,N,F,A,2,0,0,0,22350.0,2,37.95390288,-121.70572489,4
2013,2013-06-11,1658,6,2,16,2,N,A,N,A,H,A,-,- ,N,18,E,,,,,-,Y,N,D,1,0,0,0,,1,37.92674771,-122.29540229,3
2013,2013-06-09,1714,6,2,17,7,N,A,N,A,H,A,A,01,N,08,B,,,,,E,Y,N,A,1,0,0,0,22107.0,4,37.92314526,-122.31466681,3
2013,2013-07-15,1010,7,2,10,1,N,B,N,A,H,A,A,01,S,10,G,Y,,,,B,N,N,D,1,1,0,0,21950.0,2,37.9279058,-122.3203396,3
2013,2013-07-19,1410,7,2,14,5,N,A,N,A,H,A,A,01,S,10,G,Y,,,,B,N,F,D,1,1,0,0,21954.0,2,37.9241716,-122.3154314,2
2013,2013-08-05,1729,8,2,17,1,Y,A,N,A,H,A,F,55,,12,D,,,,Y,C,Y,N,A,1,0,0,0,21453.0,2,37.9601549,-122.033703,3
2013,2013-08-07,1946,8,2,19,3,N,A,N,A,H,C,A,01,W,07,C,,,,,C,N,N,D,3,0,0,0,21658.0,2,37.9670954,-121.9993642,4
2013,2013-08-06,1659,8,2,16,2,Y,A,N,A,H,A,A,01,,09,A,,,,,C,Y,N,D,4,0,0,0,21802.0,2,37.9538149,-121.9623631,3
2013,2013-08-05,1430,8,2,14,1,Y,A,N,A,H,A,L,04,,05,A,,Y,,,G,Y,N,A,2,0,1,0,21650.0,3,37.9685249,-122.0526331,2
2013,2013-08-01,1052,8,2,10,4,Y,A,N,A,H,A,A,01,,09,D,,,,,C,N,N,A,2,0,0,0,21800.0,2,37.9549849,-121.9892832,3
2013,2013-08-03,1508,8,2,15,6,N,A,Y,A,H,A,D,22,E,04,C,,,,,C,Y,N,D,3,0,0,0,21703.0,2,38.0245018,-121.8910687,4
2013,2013-04-11,1503,4,1,15,4,Y,A,N,A,H,A,A,01,,12,D,,,,,C,Y,N,A,3,0,0,0,21453.0,4,37.961739,-121.737042,4
2013,2013-05-02,716,5,1,7,4,N,A,Y,A,H,A,A,07,N,01,E,,,,,I,Y,N,D,1,0,0,0,23152.0,2,37.7616624,-121.9663656,3
2013,2013-05-02,734,5,1,7,4,N,A,Y,A,H,A,C,02,S,03,C,,,Y,,C,Y,N,D,1,0,0,1,22350.0,2,37.7553456,-121.9622059,4
2013,2013-06-01,1353,6,2,13,6,N,A,Y,-,A,A,A,01,S,07,B,,,,,C,Y,N,D,2,0,0,0,21658.0,2,37.7896053,-121.9819657,3
2013,2013-06-06,1045,6,2,10,4,Y,A,N,A,H,A,A,01,,12,D,,,,,C,Y,N,A,1,0,0,0,21453.0,2,37.79961449,-121.89278394,4
2013,2013-05-03,1825,5,1,18,5,N,A,Y,A,H,A,A,01,S,03,C,,,,,C,N,N,D,1,0,0,0,22350.0,3,37.7750985,-121.9743684,4
2013,2013-08-02,820,8,2,8,5,N,A,N,A,H,A,A,01,S,04,C,,,,,C,N,N,A,1,0,0,0,21703.0,3,37.9911352,-121.8959432,4
2013,2013-08-06,2305,8,2,23,2,N,A,N,A,H,C,A,01,N,03,B,,,,,E,Y,N,-,1,0,0,0,22350.0,3,38.0262668,-121.9263205,4
2013,2013-08-10,1130,8,2,11,6,N,A,Y,A,H,A,A,01,W,03,C,,,,,C,N,N,D,1,0,0,0,22350.0,3,37.9334941,-122.4225096,4
2013,2013-08-08,718,8,2,7,4,N,B,N,A,H,A,-,- ,W,05,E,,,,,I,Y,N,D,1,0,0,0,21650.0,1,37.8859925,-122.0937659,2
2013,2013-07-16,1840,7,2,18,2,Y,A,N,A,H,A,B,01,,12,D,,,,,C,Y,N,A,1,0,0,0,22450.0,2,37.9255349,-121.677943,4
2013,2013-07-13,111,7,2,1,6,N,A,N,A,H,C,A,01,S,03,C,,,,,C,Y,N,D,1,0,0,0,22350.0,2,37.95752427,-121.71814531,3
2013,2013-07-20,1813,7,2,18,6,Y,A,N,A,H,A,A,07,,09,D,,,,,C,N,N,D,1,0,0,0,21801.0,2,37.9405449,-121.696193,4
2013,2013-07-29,1958,7,2,19,1,N,A,N,A,H,A,L,04,S,03,H,,Y,,,J,N,N,D,1,0,1,0,22350.0,1,37.91255833,-121.73262835,3
2013,2013-07-09,1735,7,2,17,2,Y,A,N,A,H,A,A,01,,10,G,Y,,,,B,,N,A,1,1,0,0,21950.0,2,37.828095,-122.0033531,4
2013,2013-08-12,1540,8,2,15,1,N,A,Y,A,H,A,A,08,W,03,C,,,,,C,Y,N,D,1,0,0,0,22350.0,2,37.9978582,-121.7200437,4
2013,2013-07-16,1306,7,2,13,2,Y,A,N,A,H,A,D,22,,- ,G,Y,,,,B,N,N,D,1,1,0,0,,2,38.017855,-122.1337932,3
2013,2013-08-08,2140,8,2,21,4,N,A,Y,A,H,D,A,01,E,03,C,,,,,C,Y,N,D,1,0,0,0,22350.0,3,37.9978636,-121.7270658,4
2013,2013-08-09,1836,8,2,18,5,Y,A,N,A,H,A,A,01,,01,B,,,,,C,Y,N,D,2,0,0,0,23152.0,4,37.88512398,-122.05117643,4
2013,2013-08-17,1326,8,2,13,6,Y,A,N,A,H,A,A,01,,03,C,,,,,C,N,N,A,2,0,0,0,22350.0,2,37.7483249,-121.955893,3
2013,2013-07-10,2358,7,2,23,3,N,A,Y,A,H,D,A,01,S,01,C,,,,,C,Y,N,D,2,0,0,0,23152.0,2,37.8052828,-121.9904606,4
2013,2013-08-15,1659,8,2,16,4,Y,A,N,A,H,A,-,- ,,09,D,,,,,C,Y,N,D,1,0,0,0,21802.0,3,37.9117149,-122.0637431,4
2013,2013-08-05,1242,8,2,12,1,N,A,N,A,H,A,A,01,E,03,C,,,,,C,Y,N,A,1,0,0,0,22350.0,2,37.7880102,-121.9463941,3
2013,2013-08-12,1420,8,2,14,1,Y,A,N,A,H,A,A,01,,17,D,,,,,C,Y,N,A,1,0,0,0,21461.0,2,37.7768949,-121.9615231,3
2013,2013-08-12,935,8,2,9,1,Y,A,N,A,H,A,A,01,,09,A,,,,,C,Y,N,A,1,0,0,0,21453.0,2,37.7796449,-121.9691531,3
2013,2013-08-16,849,8,2,8,5,Y,A,N,A,H,A,A,01,,09,D,,,,,C,Y,N,A,1,0,0,0,21453.0,2,37.7744949,-121.9649931,4
2013,2013-08-12,1800,8,2,18,1,N,A,N,A,H,A,A,07,W,04,C,,,,,C,Y,N,D,1,0,0,0,21703.0,2,,,4
2013,2013-08-15,555,8,2,5,4,Y,B,Y,A,H,B,A,07,,09,D,,Y,,,G,N,N,A,1,0,1,0,21804.0,2,37.9022126,-122.3033757,3
2013,2013-08-20,655,8,2,6,2,Y,A,N,A,H,A,L,04,,05,D,,Y,,,G,N,N,A,1,0,1,0,21650.0,2,37.9276449,-122.0451431,3
2013,2013-08-17,929,8,2,9,6,Y,B,N,A,H,A,A,01,,- ,G,Y,,,,B,N,N,D,1,1,0,0,,2,37.9300749,-122.0433131,4
2013,2013-08-04,1716,8,2,17,7,N,A,Y,A,-,A,A,01,W,08,E,,,,,I,Y,N,D,1,0,0,0,22107.0,1,38.023469,-121.9678592,3
2013,2013-08-10,1000,8,2,10,6,Y,A,N,A,H,A,A,01,,12,D,,,,,C,Y,N,A,1,0,0,0,22450.0,2,37.967049,-121.7833785,4
2013,2013-08-11,650,8,2,6,7,N,A,Y,A,H,A,A,01,S,08,F,,,,,I,N,N,D,1,0,0,0,22107.0,1,37.9660925,-122.0492478,4
2013,2013-08-01,1829,8,2,18,4,N,A,Y,A,H,A,A,01,S,04,C,,,,,C,Y,N,D,1,0,0,0,21703.0,3,37.8390915,-122.0158725,4
2013,2013-08-01,647,8,2,6,4,N,A,Y,A,H,A,A,07,N,03,C,,,,,C,Y,N,D,3,0,0,0,22350.0,3,,,4
2013,2013-07-19,1440,7,2,14,5,N,A,N,A,H,A,A,01,N,21,C,,,,,C,N,N,D,1,0,0,0,22106.0,2,37.9989714,-121.8380576,4
2013,2013-07-12,909,7,2,9,5,Y,A,Y,A,H,A,A,01,,09,D,,,,,C,N,N,A,2,0,0,0,21802.0,2,,,4
2013,2013-07-31,747,7,2,7,3,N,A,Y,A,H,A,A,01,E,04,C,,,,,C,Y,N,D,1,0,0,0,21703.0,3,37.8583676,-122.2130978,4
2013,2013-08-07,1533,8,2,15,3,N,A,N,A,H,A,A,01,N,08,A,,,,,C,N,N,A,1,0,0,0,22107.0,2,38.0119625,-121.8060995,4
2013,2013-08-05,1813,8,2,18,1,N,A,N,A,H,A,A,01,E,09,C,,,Y,,C,Y,N,D,1,0,0,1,21802.0,2,37.9832375,-121.8386915,3
2013,2013-08-01,2230,8,2,22,4,Y,A,N,A,H,C,A,01,,12,D,,,,,C,N,N,A,1,0,0,0,21453.0,2,37.9575149,-121.7779731,4
2013,2013-06-05,1750,6,2,17,3,N,A,N,A,H,A,-,- ,E,00,D,,,Y,,C,Y,N,D,1,0,0,1,,2,38.01021335,-121.7955476,4
2013,2013-06-22,215,6,2,2,6,Y,A,N,A,H,C,A,08,,01,A,,,,,I,Y,N,D,1,0,0,0,23152.0,1,37.9730149,-121.7953531,4
2013,2013-07-30,2340,7,2,23,2,N,A,N,A,H,C,-,- ,S,18,H,,,Y,,H,Y,N,D,1,0,0,1,,1,37.8675332,-122.1250949,4
2013,2013-08-02,1425,8,2,14,5,N,A,Y,A,H,A,A,01,W,08,E,,,,,I,Y,N,D,1,0,0,0,22107.0,1,37.972545,-122.3197638,3
2013,2013-08-07,730,8,2,7,3,N,B,N,A,H,A,D,22,N,08,E,,,,,I,Y,N,D,1,0,0,0,22107.0,1,38.0358707,-122.2088358,4
2013,2013-07-26,635,7,2,6,5,N,A,N,A,H,A,D,22,W,12,F,,,,,A,Y,F,A,1,0,0,0,22450.0,2,37.8739665,-121.7246257,3
2013,2013-08-09,1840,8,2,18,5,N,A,N,A,H,A,A,01,E,08,F,,,,,I,Y,N,D,1,0,0,0,22107.0,1,37.8661632,-121.6642132,3
2013,2013-08-08,2220,8,2,22,4,N,A,N,A,H,D,A,01,S,03,E,,,,,I,Y,N,D,1,0,0,0,22350.0,1,37.9565089,-122.2011031,4
2013,2013-08-03,1128,8,2,11,6,Y,A,N,A,H,A,A,07,,09,D,,,,,C,Y,N,A,1,0,0,0,21802.0,2,37.9834449,-122.3016631,3
2013,2013-04-12,949,4,1,9,5,N,A,N,A,H,A,A,07,W,03,C,,,,Y,E,Y,N,D,1,0,0,0,22350.0,2,37.9976735,-121.7893395,4
2013,2013-04-26,1641,4,1,16,5,Y,A,N,A,H,A,A,01,,09,D,,,,,C,N,N,A,1,0,0,0,21802.0,2,38.0154649,-121.8172131,4
2013,2013-05-11,2205,5,1,22,6,N,A,N,A,H,C,C,02,N,- ,B,,,Y,,C,N,N,D,1,0,0,1,,2,38.0063366,-121.8197044,4
2013,2013-07-29,1715,7,2,17,1,N,A,Y,A,H,A,-,- ,E,07,B,,,,,C,Y,N,D,1,0,0,0,21658.0,4,38.0104511,-122.0160673,4
2013,2013-08-14,705,8,2,7,3,N,A,Y,A,H,A,A,01,S,07,B,,,,,C,Y,N,D,1,0,0,0,21658.0,2,37.9677525,-122.0483365,4
2013,2013-08-15,2317,8,2,23,4,N,B,Y,A,H,C,A,01,W,03,C,,,,,C,Y,N,D,2,0,0,0,22350.0,2,37.92172,-122.3489644,4
2013,2013-08-04,1957,8,2,19,7,N,A,Y,A,H,B,A,01,E,03,C,,,,,C,Y,N,D,1,0,0,0,22350.0,2,38.022675,-122.2621332,4
2013,2013-08-10,1400,8,2,14,6,N,A,Y,A,H,A,A,01,S,03,C,,,,,C,N,N,D,1,0,0,0,22350.0,2,38.0248004,-122.1104645,4
2013,2013-08-10,1500,8,2,15,6,N,A,Y,A,H,A,C,02,N,03,F,,,Y,,A,Y,N,D,2,0,0,2,22350.0,1,37.9041102,-122.0699866,2
2013,2013-08-11,1405,8,2,14,7,N,A,Y,A,H,A,A,01,N,08,E,,,,,I,Y,N,D,1,0,0,0,22107.0,1,37.9916661,-122.0396676,4
2013,2013-08-20,2315,8,2,23,2,N,A,Y,A,H,C,A,01,N,03,C,,,,,C,Y,N,D,2,0,0,0,22350.0,2,37.9017675,-122.0700694,4
2013,2013-08-20,725,8,2,7,2,N,A,Y,A,D,A,D,22,E,03,C,,,,,C,N,N,D,1,0,0,0,22350.0,3,37.9323823,-122.3982648,4
2013,2013-07-14,1000,7,2,10,7,N,A,N,A,H,A,A,01,N,08,A,,,,,I,Y,N,D,1,0,0,0,22107.0,1,38.0050126,-122.1019813,3
2013,2013-07-08,1629,7,2,16,1,N,A,N,A,H,A,A,01,S,03,A,,,,,I,Y,N,D,1,0,0,0,22350.0,1,38.0034329,-122.1292368,3
2013,2013-07-27,2146,7,2,21,6,Y,A,N,A,H,C,A,01,,09,D,,,,,C,Y,N,D,2,0,0,0,21802.0,2,37.74618,-121.8898215,3
2013,2013-07-27,1130,7,2,11,6,N,A,Y,A,H,A,C,02,S,08,F,,,Y,,A,Y,N,D,1,0,0,1,22107.0,1,38.0002877,-122.038071,3
2013,2013-07-15,1155,7,2,11,1,Y,A,N,A,H,A,-,- ,,21,G,Y,,,,B,N,N,D,1,1,0,0,22106.0,2,37.97313925,-122.10635126,3
2013,2013-07-16,1135,7,2,11,2,N,A,N,A,H,A,A,01,N,03,C,,,,,C,N,N,A,3,0,0,0,22350.0,2,37.9906429,-122.1010332,4
2013,2013-07-30,1545,7,2,15,2,N,A,N,A,H,A,A,01,N,03,C,,,,,C,N,N,A,1,0,0,0,22350.0,2,37.9596456,-122.3415806,4
2013,2013-07-18,1431,7,2,14,4,N,A,N,A,H,A,A,01,S,04,C,,,,,C,N,N,D,1,0,0,0,21703.0,2,37.962594,-122.3363732,4
2013,2013-07-03,2043,7,2,20,3,Y,A,Y,A,H,C,A,01,,08,A,,,,,C,Y,N,D,2,0,0,0,22107.0,2,37.9633174,-122.3278768,4
2013,2013-08-02,635,8,2,6,5,N,A,Y,A,D,B,C,02,W,03,C,,,Y,,C,Y,N,D,1,0,0,1,22350.0,3,38.0051216,-121.8418418,3
2013,2013-08-10,310,8,2,3,6,N,B,Y,A,H,C,A,01,W,01,C,,,,Y,C,Y,N,D,1,0,0,0,23152.0,2,38.0095713,-122.0217466,3
2013,2013-08-20,1545,8,2,15,2,N,A,Y,A,H,A,A,01,N,03,C,,,,,C,Y,N,D,2,0,0,0,22350.0,2,37.8331299,-122.0065485,3
2013,2013-08-21,2315,8,2,23,3,N,A,Y,A,H,D,A,01,N,03,C,,,,,C,Y,N,D,1,0,0,0,22350.0,2,38.002665,-122.0375531,4
2013,2013-08-21,1820,8,2,18,3,N,A,Y,A,H,A,A,01,W,04,C,,,,,C,Y,N,D,1,0,0,0,21703.0,2,37.867272,-122.2012621,4