ACCIDENT_YEAR,COLLISION_DATE,COLLISION_TIME,MONTH,SEASON,24HOURS,DAY_OF_WEEK,INTERSECTION,WEATHER_1,STATE_HWY_IND,ROAD_SURFACE,ROAD_COND_1,LIGHTING,STWD_VEHTYPE_AT_FAULT,CHP_VEHTYPE_AT_FAULT,DIRECTION,PCF_VIOL_CATEGORY,TYPE_OF_COLLISION,PEDESTRIAN_ACCIDENT,BICYCLE_ACCIDENT,MOTORCYCLE_ACCIDENT,TRUCK_ACCIDENT,MVIW,TOW_AWAY,HIT_AND_RUN,CONTROL_DEVICE,NUMBER_INJURED,COUNT_PED_INJURED,COUNT_BICYCLIST_INJURED,COUNT_MC_INJURED,PCF_VIOLATION,PARTY_COUNT,POINT_Y,POINT_X,COLLISION_SEVERITY
2013,2013-08-18,1205,8,2,12,7,N,A,Y,A,H,A,A,07,W,08,F,,,,,A,Y,N,D,1,0,0,0,22107.0,1,37.990068,-122.1326089,3
2013,2013-08-16,1520,8,2,15,5,N,A,Y,A,H,A,A,07,W,03,C,,,,,C,N,N,D,2,0,0,0,22350.0,2,38.0127595,-121.8708877,4
2013,2013-06-28,1234,6,2,12,5,Y,A,N,A,H,A,C,02,,- ,C,,,Y,,C,N,N,A,1,0,0,1,,2,38.007255,-121.787893,4
2013,2013-06-10,251,6,2,2,1,N,C,N,B,H,C,A,07,W,08,A,,,,,I,N,N,D,1,0,0,0,22107.0,1,37.9798539,-121.8102541,3
2013,2013-05-20,1809,5,1,18,1,N,A,N,A,H,A,A,01,E,01,C,,,,,C,N,N,A,1,0,0,0,23152.0,2,38.0066538,-121.8342702,4
2013,2013-06-16,643,6,2,6,7,N,A,N,A,H,B,A,01,S,- ,E,,,,,I,Y,N,D,1,0,0,0,,1,37.9925788,-121.783989,3
2013,2013-06-27,1615,6,2,16,4,N,A,N,A,H,A,C,02,N,07,F,,,Y,,A,N,N,A,1,0,0,1,21658.0,1,37.9711182,-121.7615853,3
2013,2013-06-20,2129,6,2,21,4,Y,A,N,A,H,C,A,01,,09,D,,,,,C,Y,N,A,2,0,0,0,21453.0,2,37.9705349,-121.7606331,4
2013,2013-08-28,943,8,2,9,3,N,-,N,-,-,-,-,- ,E,- ,D,,,,,C,Y,N,D,1,0,0,0,,2,37.74757902,-121.89113706,4
2013,2013-08-27,1848,8,2,18,2,Y,A,N,A,H,B,A,01,,12,D,,,,,C,Y,N,A,1,0,0,0,21453.0,2,37.753992,-121.9015395,4
2013,2013-08-28,1846,8,2,18,3,Y,A,N,A,H,A,A,01,,12,D,,,,,C,Y,N,A,2,0,0,0,21453.0,2,37.78810823,-121.94665968,4
2013,2013-08-06,1815,8,2,18,2,N,A,Y,A,H,A,A,01,E,04,C,,,,,C,N,N,D,1,0,0,0,21703.0,2,37.8618111,-122.209209,4
2013,2013-08-07,1449,8,2,14,3,N,A,Y,A,H,A,A,01,N,03,C,,,,,C,N,N,D,1,0,0,0,22350.0,2,37.8532471,-122.0288457,4
2013,2013-08-07,1645,8,2,16,3,N,A,Y,A,H,A,A,01,E,03,C,,,Y,,C,Y,N,A,1,0,0,1,22350.0,2,38.019125,-121.9379931,4
2013,2013-07-01,823,7,2,8,1,Y,A,Y,A,A,A,L,04,,03,H,,Y,,,G,N,N,A,1,0,1,0,22350.0,1,38.001085,-122.2822532,4
2013,2013-07-21,1107,7,2,11,7,N,A,N,A,A,A,L,04,W,03,E,,Y,,,I,N,N,D,1,0,1,0,22350.0,1,37.9927487,-122.298417,3
2013,2013-07-28,2115,7,2,21,7,-,A,Y,A,H,C,A,01,N,03,C,,,,,C,Y,N,D,4,0,0,0,22350.0,2,37.9040886,-122.0696742,3
2013,2013-07-21,1258,7,2,12,7,N,A,Y,A,H,A,L,04,S,03,A,,Y,,,G,N,N,D,1,0,1,0,22350.0,2,37.795407,-122.131631,3
2013,2013-08-14,730,8,2,7,3,Y,A,N,A,H,A,A,07,,12,D,,,,,C,Y,N,A,2,0,0,0,21453.0,3,37.9773949,-122.0290831,4
2013,2013-08-09,2119,8,2,21,5,N,A,N,A,H,C,A,07,E,05,F,,,,,I,Y,N,D,2,0,0,0,21651.0,1,37.9787302,-122.0289943,3
2013,2013-08-09,1207,8,2,12,5,Y,A,Y,A,H,A,A,01,,03,C,,,,,C,Y,N,A,1,0,0,0,22350.0,3,37.969215,-122.0587731,4
2013,2013-08-06,1811,8,2,18,2,Y,A,N,A,H,-,A,07,,09,F,,,Y,,A,Y,N,A,1,0,0,1,21453.0,2,37.9685249,-122.0526331,4
2013,2013-08-13,1819,8,2,18,2,N,A,N,A,H,A,A,01,E,08,B,,,,,E,N,N,D,1,0,0,0,22107.0,2,37.9718675,-121.9919782,4
2013,2013-08-15,1850,8,2,18,4,N,A,N,A,H,A,A,01,E,01,C,,,,,C,N,N,A,1,0,0,0,23152.0,2,37.9795553,-122.0466321,4
2013,2013-08-06,2053,8,2,20,2,N,A,N,A,H,C,A,01,E,01,C,,,,,C,Y,N,A,1,0,0,0,23152.0,3,37.9726258,-122.0187152,4
2013,2013-08-16,1643,8,2,16,5,N,A,N,A,H,A,A,01,S,- ,C,,,,,C,Y,N,D,2,0,0,0,,2,38.0068946,-121.998529,4
2013,2013-08-17,1038,8,2,10,6,Y,B,N,A,H,A,A,01,,08,G,,Y,,,G,N,N,A,1,0,1,0,22107.0,2,37.9564049,-122.0391331,3
2013,2013-08-07,1457,8,2,14,3,N,A,N,A,H,-,-,- ,E,07,B,,,,,C,N,N,A,2,0,0,0,21658.0,2,37.9760111,-122.064379,3
2013,2013-08-02,1143,8,2,11,5,Y,A,Y,A,H,A,-,- ,,03,C,,,,,C,Y,N,A,2,0,0,0,22350.0,2,37.9715949,-122.0650532,3
2013,2013-08-06,1519,8,2,15,2,N,A,N,A,H,A,-,- ,S,05,A,,,,,C,Y,N,A,1,0,0,0,21650.0,2,37.9514399,-122.06026,4
2013,2013-08-14,1145,8,2,11,3,N,A,N,A,H,A,A,07,W,08,E,,,,,I,Y,N,D,1,0,0,0,22107.0,1,37.88939085,-121.80975527,4
2013,2013-08-03,2226,8,2,22,6,Y,A,N,A,H,C,-,- ,,09,D,,,,,C,Y,N,A,2,0,0,0,21801.0,2,37.9452349,-122.0618631,4
2013,2013-07-30,1401,7,2,14,2,Y,A,N,A,H,A,-,- ,,10,G,Y,,,,B,N,N,A,1,1,0,0,21950.0,2,37.9434649,-122.0639231,3
2013,2013-07-27,349,7,2,3,6,N,A,N,A,H,C,A,01,S,03,F,,,,,A,Y,F,D,2,0,0,0,22350.0,1,37.9615341,-121.6593231,3
2013,2013-07-26,1710,7,2,17,5,N,A,N,A,H,A,C,02,S,03,F,,,Y,,A,Y,N,A,1,0,0,1,22350.0,1,38.0338536,-122.2603467,3
2013,2013-08-17,913,8,2,9,6,Y,A,N,A,H,A,L,04,,17,D,,Y,,,G,N,N,A,1,0,1,0,21451.0,2,37.895835,-122.1181131,3
2013,2013-08-13,1536,8,2,15,2,N,A,N,A,H,A,C,,E,03,A,,,Y,,C,Y,N,D,1,0,0,1,22350.0,2,37.899782,-122.2104067,4
2013,2013-08-16,2015,8,2,20,5,N,A,N,A,H,B,F,26,N,13,C,,,,Y,C,N,N,D,1,0,0,0,22515.0,2,37.9683258,-121.9254854,4
2013,2013-08-12,730,8,2,7,1,N,A,N,A,H,A,D,22,W,- ,D,Y,,,,B,N,F,D,1,1,0,0,,2,37.8441526,-122.0279774,3
2013,2013-08-21,1525,8,2,15,3,Y,A,N,A,H,A,L,04,,05,D,,Y,,,G,N,F,A,1,0,1,0,21650.0,2,37.979075,-122.059063,3
2013,2013-08-12,2215,8,2,22,1,N,A,N,A,H,D,A,01,E,08,E,,,,,I,Y,N,D,1,0,0,0,22107.0,1,37.89643167,-121.65789485,2
2013,2013-08-19,1823,8,2,18,1,N,A,N,A,-,B,D,22,N,- ,C,,,,,C,Y,N,A,2,0,0,0,,2,37.7519575,-121.9367907,4
2013,2013-08-15,1340,8,2,13,4,N,A,Y,A,H,A,D,22,W,09,G,Y,,,,B,N,N,D,1,1,0,0,21804.0,2,37.9763832,-122.0605277,3
2013,2013-08-22,1006,8,2,10,4,Y,A,N,A,H,A,D,22,,03,D,,,,,C,Y,N,A,1,0,0,0,22350.0,3,37.9786949,-122.0418831,4
2013,2013-08-19,834,8,2,8,1,N,A,N,A,H,A,L,04,W,05,D,,Y,,,G,N,N,D,1,0,1,0,21650.0,2,37.9691981,-122.0065893,4
2013,2013-08-26,1225,8,2,12,1,Y,A,N,A,H,A,A,01,,04,C,,,,,C,Y,N,A,1,0,0,0,21703.0,3,37.922995,-122.0293032,3
2013,2013-08-22,954,8,2,9,4,N,A,Y,A,H,A,-,- ,E,03,C,,,,,C,Y,N,A,1,0,0,0,22350.0,2,37.9240863,-122.0256622,4
2013,2013-08-21,1535,8,2,15,3,N,A,N,A,H,A,-,- ,,04,C,,,,,C,N,N,D,1,0,0,0,21703.0,2,37.9132549,-122.0437831,4
2013,2013-08-24,2322,8,2,23,6,Y,A,N,A,H,C,A,01,,01,A,,,,,I,Y,N,A,1,0,0,0,23152.0,1,37.9845149,-121.9995432,3
2013,2013-08-21,1610,8,2,16,3,N,A,N,A,H,A,A,01,E,03,C,,,,,C,Y,N,D,1,0,0,0,22350.0,2,37.9478327,-121.9631931,4
2013,2013-08-01,1942,8,2,19,4,N,A,Y,A,H,A,A,07,W,08,E,,,,,I,Y,N,D,2,0,0,0,22107.0,1,37.9719107,-122.3199811,4
2013,2013-08-05,1714,8,2,17,1,N,A,Y,A,H,A,-,- ,E,03,C,,,,,C,Y,N,D,1,0,0,0,22350.0,2,37.9885279,-122.3129814,4
2013,2013-06-12,1440,6,2,14,3,N,A,N,A,H,A,L,04,N,03,F,,Y,,,A,N,N,D,1,0,1,0,22350.0,1,37.8176593,-121.9208071,3
2013,2013-05-20,1535,5,1,15,1,Y,A,N,A,H,A,A,01,,08,D,,Y,,,G,N,N,D,1,0,1,0,22107.0,2,37.8243649,-121.9178631,2
2013,2013-05-21,1740,5,1,17,2,N,A,Y,A,H,A,A,07,S,03,C,,,,,A,Y,N,D,1,0,0,0,22350.0,2,37.776457,-121.9747698,3
2013,2013-08-23,1745,8,2,17,5,N,A,N,A,H,A,L,04,S,08,B,,Y,,Y,C,N,N,D,1,0,1,0,22107.0,2,37.997385,-122.077159,3
2013,2013-08-18,200,8,2,2,7,N,A,N,A,H,D,A,01,S,03,C,,,,,C,N,M,D,1,0,0,0,22350.0,2,38.0101389,-121.9974586,4
2013,2013-08-27,1839,8,2,18,2,Y,A,N,A,H,A,-,- ,,09,B,,,,,C,N,N,A,2,0,0,0,21801.0,2,37.9636749,-122.062183,3
2013,2013-08-26,1740,8,2,17,1,Y,A,N,A,H,A,-,- ,,09,A,,Y,,,G,N,N,D,1,0,1,0,21801.0,2,37.9477549,-122.0916132,3
2013,2013-08-22,1426,8,2,14,4,Y,A,N,A,H,A,L,04,,05,D,,Y,,,G,N,N,A,1,0,1,0,21650.0,2,37.9467849,-122.0604131,4
2013,2013-08-13,1830,8,2,18,2,Y,A,N,A,H,A,L,04,,22,D,,Y,,,G,N,N,A,1,0,1,0,,2,37.86367932,-122.04265237,4
2013,2013-08-05,1900,8,2,19,1,N,A,N,A,H,B,A,07,N,10,G,Y,,,,B,N,N,D,1,1,0,0,21954.0,2,38.0340462,-121.9655832,4
2013,2013-08-16,1840,8,2,18,5,N,A,N,A,H,A,A,01,E,01,D,,,,,E,Y,N,D,1,0,0,0,23152.0,2,37.9010704,-121.5919182,4
2013,2013-07-25,1623,7,2,16,4,Y,A,N,A,H,A,-,- ,,09,D,,,,,C,Y,N,D,2,0,0,0,21801.0,2,37.972855,-122.091663,4
2013,2013-07-21,1626,7,2,16,7,N,A,N,A,H,A,D,22,W,08,E,,,,,I,Y,N,A,1,0,0,0,22107.0,1,37.9717565,-122.015648,4
2013,2013-08-29,1100,8,2,11,4,N,A,Y,A,H,A,G,25,W,08,B,,,,Y,C,Y,N,D,3,0,0,0,22107.0,3,38.0194656,-121.9258378,3
2013,2013-08-28,1555,8,2,15,3,N,A,Y,A,H,A,-,- ,W,03,C,,,,,C,Y,N,D,2,0,0,0,22350.0,3,37.9955763,-122.0666339,3
2013,2013-09-06,720,9,3,7,5,N,A,Y,A,H,A,A,01,W,03,C,,,,,C,Y,N,D,4,0,0,0,22350.0,2,38.009065,-122.0280931,4
2013,2013-08-08,2114,8,2,21,4,N,A,Y,A,D,D,A,01,W,01,B,,,,,C,Y,N,D,1,0,0,0,23152.0,3,37.9982513,-121.8113737,4
2013,2013-08-30,1600,8,2,16,5,N,A,Y,A,H,A,A,01,W,03,C,,,,,C,Y,N,D,1,0,0,0,22350.0,2,37.9895299,-121.6965409,4
2013,2013-09-04,1900,9,3,19,3,N,A,Y,A,H,A,D,22,E,03,C,,,,,C,Y,M,D,1,0,0,0,22350.0,3,38.0194815,-121.9243333,4
2013,2013-08-24,1650,8,2,16,6,N,A,Y,A,H,A,D,22,W,03,C,,,,,C,Y,N,D,1,0,0,0,22350.0,2,38.0173607,-121.8904711,4
2013,2013-09-03,500,9,3,5,2,N,A,Y,A,D,C,C,02,E,03,C,,,Y,,C,N,N,D,1,0,0,1,22350.0,2,38.0022481,-121.8313833,3
2013,2013-08-14,1735,8,2,17,3,N,A,N,A,H,A,L,04,E,09,G,,Y,,,G,N,N,A,1,0,1,0,21804.0,2,38.011175,-121.8180903,2
2013,2013-07-26,2029,7,2,20,5,Y,A,N,A,H,C,A,08,,12,B,,,,,C,N,N,A,1,0,0,0,22450.0,2,37.989695,-121.8229031,4
2013,2013-08-20,1738,8,2,17,2,N,A,N,A,H,A,A,07,N,03,C,,,,,C,Y,N,D,1,0,0,0,22350.0,2,37.77242007,-121.91074938,4
2013,2013-08-26,1717,8,2,17,1,N,A,N,A,H,A,A,01,W,03,C,,,,,C,Y,N,B,2,0,0,0,22350.0,3,37.7720481,-121.941421,3
2013,2013-08-27,752,8,2,7,2,Y,A,N,A,H,A,A,01,,09,D,,,,,C,Y,N,A,1,0,0,0,21804.0,2,37.7312849,-121.9369731,4
2013,2013-08-27,1528,8,2,15,2,N,A,N,A,G,A,D,22,N,08,B,,,,,C,Y,N,D,1,0,0,0,22107.0,3,,,4
2013,2013-08-15,1255,8,2,12,4,Y,A,N,A,H,A,D,22,,03,C,,,,,C,Y,N,A,1,0,0,0,22350.0,2,37.8260449,-121.9873731,4
2013,2013-08-28,1711,8,2,17,3,N,A,N,A,H,A,A,01,W,03,C,,,,,C,Y,N,A,1,0,0,0,22350.0,3,38.0080628,-121.8673401,3
2013,2013-08-29,1204,8,2,12,4,N,A,N,A,H,A,A,01,E,03,C,,,,,C,Y,N,A,2,0,0,0,22350.0,3,38.0156611,-121.9482146,4
2013,2013-08-15,1813,8,2,18,4,N,A,N,A,H,A,A,07,S,03,C,,,,,C,N,N,D,1,0,0,0,22350.0,3,37.7892652,-121.980029,3
2013,2013-08-29,830,8,2,8,4,N,A,N,A,H,A,-,- ,E,18,E,,,,,A,N,N,D,1,0,0,0,,1,37.8050416,-121.941245,3
2013,2013-08-23,1811,8,2,18,5,N,A,N,A,H,A,A,01,W,03,G,Y,,,,G,N,N,A,1,1,0,0,22350.0,2,37.9654671,-122.0210215,3
2013,2013-08-15,509,8,2,5,4,N,A,Y,A,H,D,A,01,W,08,E,,,,,I,Y,M,D,1,0,0,0,22107.0,1,38.00508,-121.7546384,3
2013,2013-08-26,540,8,2,5,1,N,A,Y,A,H,A,-,- ,E,07,B,,,Y,,C,Y,N,D,1,0,0,1,21658.0,3,38.0022481,-121.8313833,4
2013,2013-08-15,900,8,2,9,4,N,A,Y,A,H,A,A,01,W,08,F,,,,,C,Y,N,D,1,0,0,0,22107.0,2,38.0231871,-121.9679797,4
2013,2013-08-24,2240,8,2,22,6,Y,A,Y,A,D,C,A,07,,12,D,,,,,C,Y,N,A,1,0,0,0,21453.0,2,37.9972091,-121.7112024,3
2013,2013-08-22,735,8,2,7,4,N,A,Y,A,H,A,A,01,W,07,B,,,Y,,C,N,N,D,1,0,0,1,21658.0,3,38.0191808,-121.9869637,4
2013,2013-08-28,830,8,2,8,3,Y,A,N,A,H,A,A,01,,08,G,,,,,E,Y,N,D,1,0,0,0,22107.0,2,37.90978756,-122.06225038,3
2013,2013-08-21,1610,8,2,16,3,N,A,Y,A,H,A,D,22,E,03,C,,,,,C,Y,N,D,3,0,0,0,22350.0,4,37.9936335,-122.2996694,3
2013,2013-08-23,825,8,2,8,5,N,B,Y,A,H,A,A,08,W,03,C,,,,,C,N,N,D,2,0,0,0,22350.0,2,37.8674975,-122.1982454,4
2013,2013-08-12,1633,8,2,16,1,N,A,Y,A,H,A,D,22,E,03,C,,,,,C,Y,N,D,1,0,0,0,22350.0,2,37.9941586,-122.295941,4
2013,2013-08-04,355,8,2,3,7,N,A,Y,A,H,C,A,01,E,01,B,,,,Y,C,Y,N,D,1,0,0,0,23152.0,2,38.0214864,-121.958938,2
2013,2013-08-28,1548,8,2,15,3,N,A,N,A,H,A,A,07,S,01,C,,,,,C,Y,N,A,2,0,0,0,23152.0,5,37.9582924,-122.0406824,3
2013,2013-08-23,1630,8,2,16,5,N,A,Y,A,H,A,C,02,E,03,B,,,Y,,C,Y,N,D,1,0,0,1,22350.0,3,38.0099868,-122.0190647,2
2013,2013-09-01,2308,9,3,23,7,Y,A,N,A,H,C,A,01,,09,D,,,,,C,Y,N,D,2,0,0,0,21802.0,2,37.9668249,-121.9886431,4
2013,2013-08-27,618,8,2,6,2,N,A,N,A,H,A,A,07,W,06,B,,Y,,,G,N,N,D,1,0,1,0,21750.0,2,37.9416647,-122.0324673,3
2013,2013-08-28,1743,8,2,17,3,N,A,N,A,H,A,A,01,W,09,B,,,,,C,Y,N,D,2,0,0,0,21801.0,2,37.9808168,-122.0213687,3
2013,2013-08-27,715,8,2,7,2,N,A,Y,A,H,A,A,01,E,03,C,,,,,C,Y,N,D,2,0,0,0,22350.0,2,38.019135,-121.9361662,3
2013,2013-08-29,725,8,2,7,4,N,A,N,A,H,A,A,07,S,08,B,,,,,E,Y,N,D,1,0,0,0,22107.0,2,37.9556902,-122.0059507,4
2013,2013-08-25,400,8,2,4,7,N,A,Y,A,H,C,A,01,W,03,C,,,,,C,Y,M,D,1,0,0,0,22350.0,2,38.023605,-121.9705631,4
2013,2013-08-22,711,8,2,7,4,N,A,N,A,H,A,C,02,E,03,B,,,Y,,C,Y,N,D,1,0,0,1,22350.0,3,37.9749547,-122.0269542,4
2013,2013-09-01,1827,9,3,18,7,N,A,N,A,H,A,A,01,W,01,F,,,,,J,Y,N,D,2,0,0,0,23152.0,1,,,2
2013,2013-08-23,1550,8,2,15,5,N,A,N,A,H,A,-,- ,W,18,A,,,,,I,Y,N,A,2,0,0,0,,1,37.9572028,-121.9522751,3
2013,2013-08-26,2223,8,2,22,1,Y,A,N,A,H,C,-,- ,,12,D,,,,,C,Y,N,A,1,0,0,0,21453.0,2,37.9751349,-122.0345631,4
2013,2013-08-01,1153,8,2,11,4,-,A,N,A,H,A,D,82,,21,C,,,,,C,N,N,D,1,0,0,0,22106.0,2,38.01290284,-122.12098181,4
2013,2013-08-30,1119,8,2,11,5,Y,A,N,A,H,A,A,01,,09,D,,,,,C,Y,N,D,2,0,0,0,21800.0,4,38.0123749,-122.1332131,4
2013,2013-08-24,1548,8,2,15,6,-,A,N,A,H,A,A,01,,21,G,Y,,,,B,N,N,D,1,1,0,0,22106.0,2,38.00417254,-122.11472154,2
2013,2013-08-10,1700,8,2,17,6,Y,A,N,A,H,A,A,01,,08,H,,Y,,,G,N,N,A,1,0,1,0,22107.0,2,37.9989049,-122.1321432,3
2013,2013-08-23,1158,8,2,11,5,Y,A,N,A,H,A,A,01,,12,D,,,,,C,N,N,A,2,0,0,0,22450.0,2,38.013855,-122.1335031,4
2013,2013-08-28,1053,8,2,10,3,Y,A,N,A,H,A,-,- ,,03,H,,Y,,,A,N,N,D,1,0,1,0,22350.0,1,38.0141049,-122.1256731,3
2013,2013-08-29,1123,8,2,11,4,N,A,N,A,H,A,A,01,S,08,F,,,,,J,Y,N,D,1,0,0,0,22107.0,1,37.9792151,-122.1132769,4
2013,2013-08-06,2238,8,2,22,2,Y,A,N,A,H,C,A,01,,01,C,,,,,C,Y,N,A,2,0,0,0,23152.0,2,37.969575,-122.1020831,3
2013,2013-09-03,740,9,3,7,2,Y,A,N,A,H,A,D,22,,03,C,,,,,C,N,N,A,1,0,0,0,22350.0,2,37.9730549,-122.0202231,4
2013,2013-09-03,1529,9,3,15,2,N,A,N,A,H,A,-,- ,,- ,E,,,,,I,Y,N,D,1,0,0,0,,1,38.0145279,-122.02925026,4
2013,2013-09-05,1639,9,3,16,4,N,A,N,A,H,A,D,22,N,05,A,,,,,C,N,N,D,2,0,0,0,21650.0,2,37.9480296,-121.9614838,4
2013,2013-09-06,742,9,3,7,5,Y,A,N,A,H,A,D,22,,03,C,,,,,C,Y,N,D,1,0,0,0,22350.0,2,37.9621749,-121.9651732,4
2013,2013-09-06,1553,9,3,15,5,N,A,N,A,H,A,F,27,W,03,C,,,,Y,C,N,N,A,1,0,0,0,22350.0,2,37.967602,-122.0540464,4
2013,2013-08-24,2246,8,2,22,6,Y,A,N,A,H,C,D,22,,09,D,,,,,C,Y,N,A,1,0,0,0,21801.0,2,37.9412749,-121.9628731,4
2013,2013-06-29,1235,6,2,12,6,Y,A,N,A,H,A,A,01,,09,A,,,,,C,N,N,D,2,0,0,0,21801.0,2,37.954512,-121.757238,4
2013,2013-08-01,1539,8,2,15,4,Y,A,N,A,H,A,L,04,,05,D,,Y,,,G,N,N,D,1,0,1,0,21650.0,2,38.003415,-121.806023,4
2013,2013-08-08,1710,8,2,17,4,Y,A,N,A,H,A,A,01,,12,D,,,,,C,N,N,A,1,0,0,0,21453.0,2,37.963815,-121.772593,4
2013,2013-08-26,1352,8,2,13,1,N,A,N,A,H,A,A,01,W,- ,E,,,,,I,Y,N,D,1,0,0,0,,1,37.971915,-121.7800513,4
2013,2013-09-07,1525,9,3,15,6,N,A,N,A,H,A,A,07,S,03,C,,,,,C,N,N,D,1,0,0,0,22350.0,2,37.9989158,-121.8060559,4
2013,2013-09-02,1930,9,3,19,1,N,A,N,A,H,A,L,04,S,05,D,,Y,,,G,N,N,D,1,0,1,0,21202.0,2,38.0029703,-121.8100425,4
2013,2013-05-02,1812,5,1,18,4,N,A,Y,A,H,A,A,01,W,07,B,,,Y,,C,N,F,D,1,0,0,1,21658.0,3,37.9054421,-122.3137792,3
2013,2013-09-03,1145,9,3,11,2,Y,A,N,A,H,A,A,01,,09,A,,,,,C,Y,N,A,2,0,0,0,21801.0,2,37.9040449,-122.0611731,4
2013,2013-09-01,1256,9,3,12,7,Y,A,N,D,G,A,-,- ,,18,H,,Y,,,J,N,N,D,2,0,2,0,,2,37.9135449,-122.0070731,3
2013,2013-09-07,1751,9,3,17,6,N,A,Y,A,H,A,-,99,E,03,C,,,,,C,N,N,D,1,0,0,0,22350.0,2,37.8907968,-122.1469398,4
2013,2013-09-06,1025,9,3,10,5,N,A,Y,A,H,A,-,99,W,07,B,,,,,C,Y,F,D,1,0,0,0,21658.0,3,38.010985,-122.2729732,4
2013,2013-09-03,920,9,3,9,2,N,A,Y,A,H,A,A,07,N,03,C,,,,,C,N,N,D,1,0,0,0,22350.0,2,37.8860707,-122.0558224,4
2013,2013-09-03,740,9,3,7,2,N,A,Y,A,H,A,C,02,S,03,B,,,Y,,C,Y,N,D,1,0,0,1,22350.0,2,37.8834528,-122.0530129,3
2013,2013-09-03,1700,9,3,17,2,N,A,N,A,H,A,A,01,S,08,E,,,,,I,Y,N,D,1,0,0,0,22107.0,1,37.9748274,-121.912325,4
2013,2013-09-02,46,9,3,0,1,Y,A,N,A,H,C,A,01,,03,E,,,,,I,Y,N,A,3,0,0,0,22350.0,1,38.0123549,-122.1108831,4
2013,2013-07-20,1506,7,2,15,6,N,A,Y,A,H,A,-,- ,,03,C,,,,,C,Y,N,A,1,0,0,0,22350.0,3,37.9748749,-122.0681332,4
2013,2013-08-31,1520,8,2,15,6,N,A,N,A,H,A,A,01,W,07,B,,,,,C,N,N,A,1,0,0,0,21658.0,2,37.98093456,-122.05385596,4
2013,2013-08-17,1110,8,2,11,6,N,A,N,A,H,A,L,04,N,03,-,,Y,,,-,N,N,D,1,0,1,0,22350.0,1,37.8676156,-121.9352744,4
2013,2013-07-31,1648,7,2,16,3,Y,A,N,A,H,A,-,- ,,00,-,,,,,C,Y,N,A,2,0,0,0,,2,37.9956149,-122.2856731,4
2013,2013-08-13,1130,8,2,11,2,N,A,Y,A,H,A,A,01,N,08,E,,,,,I,Y,N,D,4,0,0,0,22107.0,1,37.8856862,-122.0552147,4
2013,2013-08-25,2100,8,2,21,7,N,A,Y,A,H,C,A,01,E,08,B,,,,,I,Y,N,D,1,0,0,0,22107.0,1,37.8916031,-122.1434995,3
2013,2013-08-24,843,8,2,8,6,N,A,Y,A,H,A,C,02,N,08,F,,,Y,,I,N,N,D,1,0,0,1,22107.0,1,37.992445,-122.0397131,3
2013,2013-08-28,1820,8,2,18,3,N,A,Y,A,H,A,A,01,E,07,B,,,,,C,Y,N,D,1,0,0,0,21658.0,3,38.0194815,-121.9243333,4
2013,2013-08-27,1455,8,2,14,2,N,A,Y,A,H,A,C,02,N,03,C,,,Y,,C,N,F,D,1,0,0,1,22350.0,2,37.9010523,-122.0701802,3
2013,2013-08-14,1610,8,2,16,3,Y,A,N,A,H,A,A,01,,09,D,,,,,C,Y,N,A,2,0,0,0,21802.0,2,37.8860249,-122.0756731,4
2013,2013-08-25,2135,8,2,21,7,N,A,N,A,H,C,A,01,N,03,C,,,,,C,N,N,D,1,0,0,0,22350.0,2,38.0215744,-121.9419747,4
2013,2013-08-22,50,8,2,0,4,N,A,Y,A,H,C,A,01,S,01,E,,,,,I,Y,N,D,1,0,0,0,23152.0,1,,,3
2013,2013-08-17,540,8,2,5,6,N,A,Y,A,H,B,A,01,E,07,B,,,,,C,Y,N,D,1,0,0,0,21658.0,2,37.8599697,-122.2114692,4
2013,2013-08-20,2250,8,2,22,2,N,A,Y,A,H,D,A,01,N,01,E,,,,,I,Y,N,D,2,0,0,0,23152.0,1,38.0181945,-122.1928596,2
2013,2013-08-26,920,8,2,9,1,N,B,Y,A,H,A,F,26,W,03,C,,,,Y,C,N,N,D,1,0,0,0,22350.0,2,37.9346052,-122.3269887,4
2013,2013-03-26,1820,3,1,18,2,N,A,Y,A,H,A,A,07,W,08,F,,,Y,,A,Y,N,D,1,0,0,0,22107.0,2,37.971995,-122.3198032,4
2013,2013-04-25,1725,4,1,17,4,N,A,Y,A,H,A,C,02,W,03,C,,,Y,,C,N,N,D,1,0,0,1,22350.0,2,37.9188875,-122.3173667,3
2013,2013-08-17,1855,8,2,18,6,N,A,N,A,H,A,-,- ,W,18,B,,,,,E,Y,N,D,1,0,0,0,,6,37.9647778,-122.3355135,4
2013,2013-08-26,1451,8,2,14,1,N,A,N,A,H,A,A,01,W,09,D,,,,,C,Y,N,A,1,0,0,0,21802.0,2,37.9718472,-122.0064716,4
2013,2013-08-19,1540,8,2,15,1,Y,A,N,A,H,A,-,- ,,00,C,,,,,C,N,N,A,1,0,0,0,,2,37.9564049,-122.0391331,4
2013,2013-08-31,1158,8,2,11,6,Y,A,N,A,H,A,A,08,,03,C,,,,,C,Y,N,A,1,0,0,0,22350.0,3,37.983335,-122.0155831,4
2013,2013-08-27,1903,8,2,19,2,Y,A,N,A,H,A,A,01,,03,C,,,,,C,N,N,A,1,0,0,0,22350.0,3,37.9791249,-122.0313731,4
2013,2013-08-02,2012,8,2,20,5,N,A,N,A,H,A,A,01,N,03,D,,,,,E,Y,F,D,2,0,0,0,22350.0,2,37.967638,-122.3341814,3
2013,2013-08-07,2240,8,2,22,3,Y,A,Y,A,H,C,-,- ,,04,C,,,,,C,Y,N,A,1,0,0,0,21703.0,2,,,3
2013,2013-08-01,951,8,2,9,4,N,A,N,A,H,A,A,01,W,09,D,,,,,C,Y,N,D,2,0,0,0,21802.0,3,37.9308748,-122.3699717,4
2013,2013-07-27,2117,7,2,21,6,N,B,Y,A,H,C,D,22,S,01,C,,,,,C,N,N,A,2,0,0,0,23152.0,2,37.9454894,-122.3299304,4
2013,2013-03-25,1430,3,1,14,1,N,A,Y,A,H,A,A,01,E,07,B,,,Y,,C,N,N,D,1,0,0,1,21658.0,2,37.8652023,-122.208121,3
2013,2013-06-30,400,6,2,4,7,Y,A,N,A,H,C,A,01,,01,B,,,,,C,Y,N,A,1,0,0,0,23152.0,2,37.9987449,-121.7984031,3