ACCIDENT_YEAR,COLLISION_DATE,COLLISION_TIME,MONTH,SEASON,24HOURS,DAY_OF_WEEK,INTERSECTION,WEATHER_1,STATE_HWY_IND,ROAD_SURFACE,ROAD_COND_1,LIGHTING,STWD_VEHTYPE_AT_FAULT,CHP_VEHTYPE_AT_FAULT,DIRECTION,PCF_VIOL_CATEGORY,TYPE_OF_COLLISION,PEDESTRIAN_ACCIDENT,BICYCLE_ACCIDENT,MOTORCYCLE_ACCIDENT,TRUCK_ACCIDENT,MVIW,TOW_AWAY,HIT_AND_RUN,CONTROL_DEVICE,NUMBER_INJURED,COUNT_PED_INJURED,COUNT_BICYCLIST_INJURED,COUNT_MC_INJURED,PCF_VIOLATION,PARTY_COUNT,POINT_Y,POINT_X,COLLISION_SEVERITY
2014,2014-04-25,1540,4,1,15,5,N,C,Y,B,H,A,D,22,S,03,F,,,,,A,N,N,D,1,0,0,0,22350.0,1,38.02221058,-121.96241815,3
2014,2014-04-15,715,4,1,7,2,N,A,Y,A,H,A,A,08,S,03,C,,,,,C,Y,N,D,1,0,0,0,22350.0,4,38.02366914,-122.10809374,4
2014,2014-04-25,500,4,1,5,5,N,B,Y,A,H,D,D,22,E,07,A,,,,,I,N,N,D,1,0,0,0,21658.0,1,37.99375546,-122.29983673,4
2014,2014-04-25,1115,4,1,11,5,N,B,Y,B,H,A,A,01,E,03,C,,,,Y,C,N,N,D,2,0,0,0,22350.0,2,38.0143183,-122.2530453,4
2014,2014-04-21,1648,4,1,16,1,N,A,Y,A,H,A,A,01,W,03,C,,,,Y,C,Y,N,D,2,0,0,0,22350.0,3,37.96437193,-122.32567429,3
2014,2014-04-08,830,4,1,8,2,N,A,Y,A,H,A,A,01,S,03,C,,,,,C,N,N,D,1,0,0,0,22350.0,2,37.80786188,-121.99128568,4
2014,2014-04-29,755,4,1,7,2,N,A,Y,A,H,A,A,01,E,03,C,,,,,C,N,N,D,2,0,0,0,22350.0,3,37.726397,-121.64027409,3
2014,2014-04-29,1523,4,1,15,2,Y,A,N,A,H,A,J,48,,03,C,,,,,C,Y,N,A,2,0,0,0,22350.0,2,37.98008997,-122.04952999,4
2014,2014-03-07,2130,3,1,21,5,N,A,Y,A,D,C,N,60,W,11,G,Y,,,,B,N,N,D,1,1,0,0,21954.0,2,38.00017614,-121.82378756,2
2014,2014-04-10,740,4,1,7,4,N,A,N,A,H,A,A,01,E,06,B,,Y,,,G,N,N,D,1,0,1,0,21750.0,2,37.96572589,-122.29993015,3
2014,2014-04-06,825,4,1,8,7,N,A,N,A,H,A,-,- ,S,18,F,,Y,,,A,N,N,D,1,0,1,0,,1,37.91877277,-122.18142109,2
2014,2014-04-24,1715,4,1,17,4,N,B,N,A,H,A,C,02,N,08,E,,,Y,,J,Y,N,D,1,0,0,1,22107.0,1,37.88846176,-121.77188766,3
2014,2014-04-25,1240,4,1,12,5,N,C,N,B,H,A,A,01,E,08,F,,,,,A,Y,N,D,1,0,0,0,22107.0,1,37.88570381,-121.84285143,4
2014,2014-04-25,850,4,1,8,5,N,A,Y,B,H,A,A,01,E,03,C,,,,,C,Y,N,D,1,0,0,0,22350.0,3,37.8981308,-122.08833708,4
2014,2014-04-02,1025,4,1,10,3,N,B,Y,A,H,A,A,01,E,03,C,,,,,C,N,F,D,2,0,0,0,22350.0,2,38.0271239,-122.25823579,4
2014,2014-04-10,1640,4,1,16,4,N,A,Y,A,D,A,A,01,W,07,B,,,Y,,C,Y,N,D,1,0,0,1,21658.0,2,38.00536861,-121.84300643,4
2014,2014-04-15,1349,4,1,13,2,Y,A,N,A,H,A,-,,,22,E,,,,,I,Y,N,A,1,0,0,0,,1,37.94529996,-122.05540995,3
2014,2014-04-08,1422,4,1,14,2,Y,A,N,A,-,A,-,,,03,C,,,,,-,N,N,A,2,0,0,0,22350.0,2,37.97158998,-122.06368997,4
2014,2014-04-12,1447,4,1,14,6,Y,A,Y,A,H,A,-,,,09,D,,,,,C,Y,N,A,2,0,0,0,21804.0,2,37.94915859,-122.05668927,4
2014,2014-04-17,1630,4,1,16,4,N,A,N,A,H,A,A,01,E,03,C,,,,,C,N,N,A,1,0,0,0,22350.0,2,37.88497083,-122.07766441,4
2014,2014-04-04,250,4,1,2,5,N,B,N,B,H,D,A,01,N,01,E,,,,,I,Y,N,D,2,0,0,0,23152.0,1,37.97169444,-121.91956701,3
2014,2014-04-06,1450,4,1,14,7,Y,A,N,A,H,A,A,01,,09,B,,,Y,,D,Y,N,D,1,0,0,1,21801.0,2,37.86746998,-121.64159997,3
2014,2014-03-11,1958,3,1,19,2,Y,A,N,A,H,C,A,01,,03,C,,,,,C,Y,N,A,5,0,0,0,22350.0,2,37.99487991,-121.78469988,4
2014,2014-03-14,2038,3,1,20,5,Y,A,N,A,H,C,A,07,,12,D,,,,,C,N,F,A,1,0,0,0,22450.0,2,37.94258997,-122.36170987,4
2014,2014-04-11,1541,4,1,15,5,Y,A,N,A,H,A,A,01,,09,D,,,,,C,N,N,A,4,0,0,0,21801.0,2,37.90070998,-122.31152996,4
2014,2014-04-21,1704,4,1,17,1,N,A,N,A,H,A,-,- ,E,18,G,Y,,,,B,N,N,D,1,1,0,0,,2,37.93371,-122.07178589,4
2014,2014-04-23,1845,4,1,18,3,N,A,N,A,H,A,A,,S,07,B,,,,,C,N,F,D,1,0,0,0,21658.0,2,,,4
2014,2014-04-18,1514,4,1,15,5,Y,A,N,A,H,A,-,,,09,D,Y,,,,C,Y,N,A,4,1,0,0,21801.0,4,37.96365997,-122.06215998,3
2014,2014-04-02,929,4,1,9,3,-,A,N,B,H,A,A,01,,08,A,,,,,I,Y,N,D,1,0,0,0,22107.0,1,37.96894993,-121.8054599,4
2014,2014-04-03,2212,4,1,22,4,N,A,N,A,H,C,C,02,E,- ,E,,,Y,,I,N,N,D,1,0,0,1,,1,37.99056022,-121.79214588,3
2014,2014-04-27,2104,4,1,21,7,N,A,Y,A,H,C,A,08,E,03,C,,,,,C,N,N,D,1,0,0,0,22350.0,3,37.93229477,-122.4020297,4
2014,2014-04-25,1416,4,1,14,5,N,C,N,B,H,A,A,01,N,03,A,,,,,I,N,N,D,1,0,0,0,22350.0,1,37.98813517,-121.83561734,4
2014,2014-04-23,1715,4,1,17,3,N,A,N,A,H,A,A,01,W,03,C,,,,,C,N,N,D,1,0,0,0,22350.0,2,37.89865532,-122.05691675,4
2014,2014-04-24,1535,4,1,15,4,Y,A,N,A,H,A,A,01,,21,D,,,,,C,Y,N,-,1,0,0,0,22106.0,2,37.89555994,-122.05340987,4
2014,2014-04-28,1040,4,1,10,1,N,A,N,A,H,A,L,04,E,08,E,,Y,,,I,N,N,D,1,0,1,0,22107.0,1,37.92263669,-122.06234797,3
2014,2014-03-14,1822,3,1,18,5,Y,A,N,A,H,A,L,04,,12,D,,Y,,,G,N,N,A,1,0,1,0,21453.0,2,37.99272991,-121.82239993,4
2014,2014-03-14,809,3,1,8,5,Y,A,N,A,H,A,L,04,,12,D,,Y,,,G,N,N,A,1,0,1,0,22450.0,2,37.96633996,-121.76483991,4
2014,2014-04-14,1516,4,1,15,1,Y,A,N,A,H,A,E,22,,- ,C,,,,,C,Y,N,A,1,0,0,0,,2,37.92540996,-121.72379986,3
2014,2014-04-17,1803,4,1,18,4,N,A,N,A,H,A,D,22,W,- ,C,,,,,C,N,N,D,2,0,0,0,,2,37.92556,-121.69231523,4
2014,2014-05-12,1340,5,1,13,1,N,A,Y,A,H,A,A,01,S,08,E,,,,,I,Y,N,D,1,0,0,0,22107.0,1,37.99211675,-122.06820868,4
2014,2014-05-10,1752,5,1,17,6,Y,A,N,A,H,A,A,01,,08,F,,,,,I,Y,N,D,2,0,0,0,22107.0,1,37.97296997,-122.03138998,4
2014,2014-05-08,1813,5,1,18,4,N,B,N,A,H,A,A,01,E,09,B,,,Y,,C,N,N,A,1,0,0,1,21453.0,2,37.95207027,-121.95744569,3
2014,2014-05-07,1443,5,1,14,3,N,A,N,A,H,A,L,04,S,05,D,,Y,,,G,N,N,D,1,0,1,0,21650.0,2,37.93802253,-122.0243919,4
2014,2014-05-08,734,5,1,7,4,Y,A,N,A,H,A,A,08,,12,D,,,,,C,Y,N,A,2,0,0,0,21453.0,2,37.97513999,-122.03448,4
2014,2014-05-09,1649,5,1,16,5,N,A,N,A,H,A,A,01,S,03,E,,,,,I,Y,N,D,1,0,0,0,22350.0,1,37.94102317,-121.93367113,4
2014,2014-05-01,2058,5,1,20,4,Y,A,N,A,H,C,A,01,,03,H,,,,,I,Y,N,D,1,0,0,0,22350.0,1,37.9894399,-122.033,3
2014,2014-05-12,725,5,1,7,1,N,A,Y,A,H,A,A,01,W,03,C,,,,,C,Y,N,D,1,0,0,0,22350.0,4,37.86674688,-122.20487993,4
2014,2014-05-02,845,5,1,8,5,N,A,N,A,H,A,A,01,S,09,A,,,,,C,Y,N,D,1,0,0,0,21804.0,2,37.97794887,-122.06119925,3
2014,2014-05-12,1505,5,1,15,1,N,A,Y,A,H,A,A,01,W,03,C,,,,,C,Y,N,D,2,0,0,0,22350.0,2,37.94796406,-121.74349415,4
2014,2014-05-07,1357,5,1,13,3,Y,A,N,A,H,A,A,01,,12,D,,,,,C,Y,N,A,1,0,0,0,21453.0,2,37.97425995,-122.03377989,3
2014,2014-05-12,1815,5,1,18,1,N,A,Y,-,A,A,A,01,S,03,C,,,,,C,Y,N,D,1,0,0,0,22350.0,2,37.86241903,-122.03441782,4
2014,2014-05-09,1545,5,1,15,5,N,A,Y,A,H,A,A,01,E,03,C,,,,,C,N,N,D,1,0,0,0,22350.0,2,37.99558979,-122.28860769,4
2014,2014-04-22,750,4,1,7,2,N,A,N,A,H,A,A,07,S,- ,C,,,,,C,Y,N,A,3,0,0,0,,4,37.94998244,-121.70889704,4
2014,2014-04-19,1136,4,1,11,6,Y,A,N,A,H,A,A,07,,12,D,,,,,C,Y,N,A,2,0,0,0,21453.0,4,37.93654996,-121.6967299,4
2014,2014-04-01,1605,4,1,16,2,N,C,N,B,H,A,A,01,N,09,A,,,,,C,Y,N,D,1,0,0,0,21804.0,2,37.92639845,-121.69613,4
2014,2014-04-13,1400,4,1,14,7,N,A,N,A,H,A,A,07,W,- ,C,,,,,C,Y,N,A,5,0,0,0,,4,37.92548313,-121.69644494,3
2014,2014-04-12,2223,4,1,22,6,Y,A,N,A,H,C,-,- ,,- ,A,,,,,C,Y,N,D,2,0,0,0,,2,37.95153992,-121.7123799,3
2014,2014-05-15,1026,5,1,10,4,N,A,N,A,H,A,D,22,S,03,C,,,,,C,N,N,A,2,0,0,0,22350.0,2,37.98448,-122.03539,4
2014,2014-04-21,1832,4,1,18,1,N,A,N,A,H,B,A,01,W,03,C,,,,,C,Y,N,D,2,0,0,0,22350.0,2,37.7718004,-121.94142765,4
2014,2014-04-19,930,4,1,9,6,N,A,N,A,H,A,A,01,S,08,A,,,,,E,N,N,D,1,0,0,0,22107.0,3,37.77746468,-121.94293234,4
2014,2014-04-26,1946,4,1,19,6,Y,A,N,A,H,B,-,,,08,E,,,,,I,Y,N,A,1,0,0,0,22107.0,1,37.76581998,-121.95208989,4
2014,2014-04-24,1259,4,1,12,4,Y,A,N,A,H,A,A,01,,09,D,,,Y,,C,Y,N,D,1,0,0,1,21801.0,2,37.75921998,-121.97681989,3
2014,2014-04-25,1654,4,1,16,5,Y,A,N,A,H,A,A,01,,12,D,,,,,C,Y,N,A,1,0,0,0,21453.0,2,37.76641992,-121.90530999,4
2014,2014-04-30,855,4,1,8,3,N,A,N,A,H,A,A,01,W,21,C,,,,,C,N,N,D,2,0,0,0,22106.0,3,37.77238327,-122.00004466,4
2014,2014-06-04,1240,6,2,12,3,Y,A,N,A,H,A,A,01,,- ,D,,,,,C,Y,N,D,2,0,0,0,,2,37.95245997,-122.03728992,3
2014,2014-06-24,1202,6,2,12,2,N,A,N,A,H,A,A,08,W,03,C,,,,,C,N,N,D,1,0,0,0,22350.0,2,37.97022063,-122.04986572,4
2014,2014-05-08,408,5,1,4,4,N,A,Y,A,D,D,A,01,E,08,B,,,,,E,Y,N,A,1,0,0,0,22107.0,2,37.87054697,-122.19252519,3
2014,2014-05-08,820,5,1,8,4,N,A,Y,A,H,A,D,22,E,03,C,,,,,C,N,N,D,2,0,0,0,22350.0,3,38.01911944,-121.93802477,4
2014,2014-04-21,802,4,1,8,1,N,A,N,A,H,A,L,04,N,05,D,,Y,,,G,N,N,A,1,0,1,0,21650.0,2,37.7721825,-121.97060144,3
2014,2014-04-23,1530,4,1,15,3,N,A,Y,A,H,A,A,01,N,07,E,,,,,I,N,N,D,1,0,0,0,21658.0,2,37.90633576,-122.06944148,4
2014,2014-04-30,1640,4,1,16,3,N,A,Y,A,H,A,A,01,W,08,E,,,,,I,Y,N,D,1,0,0,0,22107.0,1,37.89633631,-121.70303737,3
2014,2014-04-29,735,4,1,7,2,N,A,Y,A,D,A,A,01,E,03,C,,,,,C,N,N,D,1,0,0,0,22350.0,2,37.99526529,-121.77918466,4
2014,2014-04-30,1538,4,1,15,3,Y,A,N,A,H,A,A,01,,09,D,,,,,C,Y,N,D,1,0,0,0,21801.0,2,37.94975992,-122.34744995,4
2014,2014-04-15,1840,4,1,18,2,Y,A,N,A,H,A,A,01,,10,G,Y,,,,B,N,N,D,1,1,0,0,21950.0,2,37.9355699,-122.34633988,3
2014,2014-04-28,1408,4,1,14,1,Y,A,N,A,H,A,A,01,,05,E,,,,,E,Y,N,A,1,0,0,0,21650.0,3,37.94757999,-122.32972987,4
2014,2014-05-24,2240,5,1,22,6,Y,A,N,A,H,C,A,01,,09,D,,,,,C,Y,N,A,2,0,0,0,21801.0,2,37.8775799,-122.18183989,4
2014,2014-05-03,1350,5,1,13,6,N,A,Y,A,H,A,A,01,W,08,E,,,,,I,Y,N,D,1,0,0,0,22107.0,1,37.96580299,-122.32311802,4
2014,2014-05-14,800,5,1,8,3,N,A,Y,A,H,A,A,01,S,04,C,,,,,C,N,N,D,1,0,0,0,21703.0,3,37.91420316,-122.06678331,4
2014,2014-05-14,1740,5,1,17,3,N,A,Y,A,H,A,A,01,N,03,C,,,,,C,N,N,D,2,0,0,0,22350.0,2,37.8359566,-122.0106967,4
2014,2014-05-17,1640,5,1,16,6,N,A,Y,A,H,A,D,22,E,03,C,,,,,C,N,N,D,2,0,0,0,22350.0,2,37.8892761,-121.62494759,4
2014,2014-05-02,2355,5,1,23,5,N,A,Y,A,H,C,A,01,E,07,B,,,,Y,C,Y,N,D,2,0,0,0,21658.0,2,37.9289724,-122.32358126,2
2014,2014-05-09,1650,5,1,16,5,N,A,Y,A,H,A,C,02,E,03,F,,,Y,,A,Y,N,D,1,0,0,1,22350.0,1,37.90228765,-122.31164302,3
2014,2014-05-03,1550,5,1,15,6,N,A,Y,A,H,A,A,01,W,08,E,,,,,I,Y,N,D,1,0,0,0,22107.0,1,37.98454124,-122.31556203,4
2014,2014-05-06,840,5,1,8,2,N,A,Y,A,H,A,A,01,E,07,B,,,Y,,C,N,N,D,1,0,0,1,21658.0,2,37.97097389,-122.32022022,4
2014,2014-05-20,805,5,1,8,2,N,A,Y,A,H,A,D,22,E,03,C,,,,,C,N,N,D,1,0,0,0,22350.0,2,38.01912207,-121.9362055,4
2014,2014-04-29,2208,4,1,22,2,N,A,Y,A,H,D,-,- ,W,00,C,,,,,C,Y,N,D,1,0,0,0,,4,38.02065337,-122.26405909,4
2014,2014-05-07,625,5,1,6,3,N,A,N,A,H,A,A,01,E,08,E,,,,,I,Y,N,D,1,0,0,0,22107.0,1,37.77619878,-121.85274668,4
2014,2014-05-02,1140,5,1,11,5,N,A,N,A,H,A,L,04,N,03,F,,Y,,,A,N,N,D,1,0,1,0,22350.0,1,37.76946805,-121.78085446,3
2014,2014-05-03,1600,5,1,16,6,N,A,Y,A,H,A,A,01,W,03,C,,,,,C,N,N,D,1,0,0,0,22350.0,2,37.97305801,-122.31951374,4
2014,2014-05-05,1713,5,1,17,1,N,A,N,A,H,A,D,22,S,03,C,,,,,C,N,N,D,1,0,0,0,22350.0,2,37.99196147,-122.13054951,4
2014,2014-05-10,1312,5,1,13,6,N,A,N,A,H,A,A,01,S,21,H,,,,,I,N,N,D,1,0,0,0,22106.0,1,37.93171883,-122.31032391,3
2014,2014-05-02,1536,5,1,15,5,N,A,N,A,H,A,N,60,W,11,A,Y,,,,B,N,N,D,1,1,0,0,21954.0,2,,,3
2014,2014-04-19,2220,4,1,22,6,N,A,Y,A,H,D,A,01,N,01,E,,,,,I,Y,N,D,2,0,0,0,23152.0,1,38.00172485,-122.03774042,3
2014,2014-04-20,2215,4,1,22,7,N,A,Y,A,H,D,A,01,S,01,E,,,,,I,Y,N,D,1,0,0,0,23152.0,1,37.96409761,-122.05001984,4
2014,2014-04-24,2300,4,1,23,4,N,B,Y,A,H,C,A,01,N,01,E,,,,,I,Y,N,D,1,0,0,0,23152.0,1,37.89456248,-122.06859487,3
2014,2014-05-09,914,5,1,9,5,N,A,N,A,H,A,J,41,W,04,C,,,,,C,Y,N,A,2,0,0,0,21703.0,3,37.908019,-122.05522714,4
2014,2014-04-29,51,4,1,0,2,N,A,Y,A,H,C,A,01,S,08,E,,,,,I,Y,N,D,2,0,0,0,22107.0,1,38.00209722,-121.75435263,2
2014,2014-04-26,1129,4,1,11,6,N,A,Y,A,H,A,-,99,W,07,D,,,,,C,Y,M,D,2,0,0,0,21658.0,3,37.89702734,-122.08036977,4
2014,2014-04-29,1210,4,1,12,2,N,A,Y,A,H,A,-,- ,N,18,E,,,,,J,N,N,D,1,0,0,0,,1,37.9277578,-122.06037283,3
2014,2014-04-25,1930,4,1,19,5,N,B,Y,B,H,C,A,01,W,07,B,,,,,C,Y,N,D,1,0,0,0,21658.0,2,38.00946377,-122.02312354,4
2014,2014-05-01,905,5,1,9,4,N,A,Y,A,H,A,A,01,W,03,C,,,,,C,Y,N,D,1,0,0,0,22350.0,3,38.01784417,-121.89240308,4
2014,2014-05-02,220,5,1,2,5,N,A,N,A,H,C,A,01,E,01,E,,,,,I,Y,N,D,1,0,0,0,23152.0,1,37.92651626,-122.05097285,4
2014,2014-05-01,1522,5,1,15,4,N,A,Y,A,H,A,A,01,E,03,C,,,,,C,,N,D,2,0,0,0,22350.0,3,37.99317107,-122.07367325,3
2014,2014-05-02,1650,5,1,16,5,N,A,Y,A,D,A,C,02,E,08,B,,,Y,,C,N,N,D,1,0,0,1,22107.0,3,38.00771172,-121.85172967,3
2014,2014-05-05,1830,5,1,18,1,Y,A,N,A,H,A,A,01,,09,A,,Y,,,G,N,N,A,1,0,1,0,21801.0,2,37.89613996,-122.06140986,4
2014,2014-05-01,1243,5,1,12,4,Y,A,N,A,H,A,I,11,,09,D,,,,,C,N,N,A,1,0,0,0,21802.0,2,37.91947996,-122.0737999,3
2014,2014-05-07,1135,5,1,11,3,N,A,N,A,H,A,A,07,S,03,C,,,,,C,N,N,A,1,0,0,0,22350.0,2,37.89645759,-122.05996,4
2014,2014-05-01,1240,5,1,12,4,N,A,Y,A,H,A,A,01,E,03,C,,,,,C,N,M,D,1,0,0,0,22350.0,2,37.97824208,-122.06499644,4
2014,2014-05-08,1140,5,1,11,4,N,A,N,A,H,A,A,01,S,08,E,,,,,I,Y,N,D,1,0,0,0,22107.0,1,37.96171824,-121.93094846,4
2014,2014-05-07,410,5,1,4,3,N,-,N,-,H,D,A,01,S,06,E,,,,,I,Y,N,D,1,0,0,0,21751.0,1,37.86521,-121.66764,4
2014,2014-05-02,1507,5,1,15,5,Y,A,N,A,H,A,L,04,,05,D,,Y,,,G,N,N,A,1,0,1,0,21650.0,2,38.00841996,-122.09585988,3
2014,2014-05-01,608,5,1,6,4,N,A,Y,A,H,A,A,07,S,03,C,,,,Y,C,N,N,D,1,0,0,0,22350.0,2,37.92626288,-122.06082806,4
2014,2014-05-09,2219,5,1,22,5,N,A,N,A,H,C,A,01,W,01,H,,,,,E,N,N,D,2,0,0,0,23152.0,4,38.00168905,-122.13603391,3
2014,2014-06-03,1530,6,2,15,2,Y,A,N,A,H,A,D,22,,09,D,,,,,C,N,N,D,1,0,0,0,21803.0,2,37.99660996,-122.31840998,4
2014,2014-04-27,1248,4,1,12,7,N,A,N,A,H,A,A,01,N,06,B,,,,,C,Y,N,D,1,0,0,0,21755.0,5,37.99450369,-122.31633441,2
2014,2014-04-06,357,4,1,3,7,Y,A,N,A,H,C,A,01,,08,F,,,,,I,N,N,D,1,0,0,0,22107.0,1,38.00509996,-122.13110987,4
2014,2014-05-14,1644,5,1,16,3,Y,A,N,A,H,A,L,04,,05,D,,Y,,,G,N,N,A,1,0,1,0,21650.0,2,37.9090799,-122.05233,3
2014,2014-04-08,750,4,1,7,2,N,A,N,A,H,A,A,07,N,03,C,,,,,C,N,N,D,1,0,0,0,22350.0,2,37.94901411,-122.04973121,4
2014,2014-04-30,344,4,1,3,3,N,A,N,A,H,C,-,,E,05,A,,,,,C,Y,N,A,1,0,0,0,21650.0,2,37.90640913,-122.06411398,4
2014,2014-05-16,2345,5,1,23,5,Y,A,N,A,H,C,A,01,,12,A,,,,,C,Y,N,A,1,0,0,0,21453.0,2,37.97811999,-122.06130998,4
2014,2014-05-14,1522,5,1,15,3,N,A,N,A,H,A,A,07,E,03,C,,,,,C,N,N,A,3,0,0,0,22350.0,3,,,4
2014,2014-05-01,142,5,1,1,4,N,A,N,A,H,C,A,07,S,01,E,,,,,I,Y,N,D,1,0,0,0,23152.0,1,37.95183891,-122.03706875,3
2014,2014-05-11,1422,5,1,14,7,N,A,N,A,H,A,A,01,N,03,E,,,,,I,Y,N,D,1,0,0,0,22350.0,1,37.99250169,-122.0221215,4
2014,2014-04-16,740,4,1,7,3,N,A,N,A,H,A,A,01,N,- ,C,,Y,,,G,N,N,D,1,0,1,0,,3,37.92861432,-122.31897309,3
2014,2014-05-14,825,5,1,8,3,N,A,Y,A,H,A,D,22,W,04,C,,,,,C,Y,N,D,1,0,0,0,21703.0,3,37.93320099,-122.41609311,4
2014,2014-05-06,815,5,1,8,2,N,A,Y,A,H,A,A,01,E,03,C,,,,,C,Y,N,D,1,0,0,0,22350.0,3,37.93163542,-122.32539597,4
2014,2014-05-02,1636,5,1,16,5,Y,A,N,A,H,A,D,22,,08,D,,,,,C,N,N,D,1,0,0,0,22107.0,2,37.95349991,-122.33279996,4
2014,2014-05-01,820,5,1,8,4,N,A,Y,A,H,A,A,01,E,03,C,,,,,C,Y,N,D,1,0,0,0,22350.0,2,37.97031408,-122.32044629,4
2014,2014-05-02,915,5,1,9,5,Y,B,N,A,H,A,D,22,,09,D,,,,,C,N,M,D,1,0,0,0,21800.0,2,37.95868994,-122.36948989,4
2014,2014-05-04,1606,5,1,16,7,N,A,N,A,H,A,-,- ,S,18,E,,,,,I,Y,N,A,1,0,0,0,,1,38.00645514,-121.83435771,3
2014,2014-05-11,1000,5,1,10,7,N,A,N,A,H,A,D,22,S,09,A,,,,,C,Y,N,D,2,0,0,0,21801.0,2,37.94970038,-121.64099853,2
2014,2014-05-09,1425,5,1,14,5,N,A,N,A,H,A,A,01,E,08,C,,,,,C,Y,N,A,1,0,0,0,22107.0,3,38.01680201,-121.88641771,4
2014,2014-05-16,656,5,1,6,5,N,A,N,A,H,A,D,22,E,03,C,,,,,C,Y,N,A,3,0,0,0,22350.0,3,37.998,-121.86226577,4
2014,2014-05-08,1842,5,1,18,4,Y,B,N,A,H,A,A,01,,01,D,,,,,C,Y,N,D,2,0,0,0,23153.0,5,37.95416995,-122.34737991,3
2014,2014-04-27,505,4,1,5,7,N,B,Y,B,H,D,D,22,E,03,C,,,,,C,N,M,D,2,0,0,0,22350.0,2,37.98903541,-122.3128758,4
2014,2014-05-20,1639,5,1,16,2,N,A,N,A,H,A,A,07,W,03,C,,,,,C,N,N,A,1,0,0,0,22350.0,2,37.96378832,-122.03284616,4
2014,2014-05-16,910,5,1,9,5,N,A,N,A,H,A,D,22,N,03,C,,,,,C,N,N,A,1,0,0,0,22350.0,2,37.99545592,-122.03072229,4
2014,2014-05-14,1323,5,1,13,3,Y,A,N,A,H,A,A,01,,08,B,,,,Y,D,N,N,A,1,0,0,0,22107.0,2,37.97531989,-122.04363996,4
2014,2014-05-19,1905,5,1,19,1,Y,A,N,A,H,B,D,22,,12,D,,,,,C,Y,N,A,1,0,0,0,22450.0,2,37.97978998,-122.03492989,4
2014,2014-05-20,2259,5,1,22,2,Y,A,N,A,H,C,D,22,,01,C,,,,,C,Y,N,A,1,0,0,0,23153.0,2,37.96890994,-122.0056199,4
2014,2014-05-22,810,5,1,8,4,-,A,N,A,H,A,A,07,,03,C,,,,,C,Y,N,D,2,0,0,0,22350.0,3,37.9373876,-122.02765346,4
2014,2014-05-20,1946,5,1,19,2,N,A,N,A,H,A,D,22,E,09,D,,,,,C,Y,N,D,2,0,0,0,21804.0,2,37.97788668,-121.99335006,3
2014,2014-05-27,810,5,1,8,2,N,A,N,A,H,A,A,07,S,05,B,,,,,C,N,N,D,2,0,0,0,21460.0,2,37.88753939,-122.04616287,3
2014,2014-05-19,1345,5,1,13,1,N,B,Y,A,D,A,D,22,E,03,C,,,,,C,Y,N,D,2,0,0,0,22350.0,2,38.01147276,-121.86566262,4
2014,2014-05-30,837,5,1,8,5,N,A,Y,A,H,A,D,22,N,03,C,,,,Y,C,N,N,D,1,0,0,0,22350.0,2,37.86471594,-122.03737086,4
2014,2014-05-28,1650,5,1,16,3,N,A,Y,A,H,A,D,22,N,03,C,,,,,C,Y,N,D,1,0,0,0,22350.0,2,37.99394803,-122.06939679,3
2014,2014-05-27,850,5,1,8,2,N,A,Y,A,H,A,C,02,N,03,C,,,Y,,C,Y,N,D,1,0,0,1,22350.0,2,37.9481843,-122.05710961,3
2014,2014-05-21,1750,5,1,17,3,N,A,Y,A,H,A,D,22,S,07,F,,,Y,,A,Y,F,D,1,0,0,1,21658.0,2,37.87695819,-122.04696352,3
2014,2014-05-13,2103,5,1,21,2,N,A,N,A,H,D,A,01,,01,B,,,,,E,Y,N,D,1,0,0,0,23152.0,2,37.91093877,-122.06780791,3
2014,2014-05-10,859,5,1,8,6,N,A,N,A,H,A,A,01,N,09,D,,,,,C,Y,N,A,1,0,0,0,21804.0,2,37.90731297,-122.06159451,3
2014,2014-05-17,1216,5,1,12,6,Y,A,N,A,H,A,A,07,,03,D,,,,,C,Y,N,A,1,0,0,0,22350.0,2,37.86708993,-122.06663999,4
2014,2014-06-06,1740,6,2,17,5,N,A,Y,A,H,A,A,01,N,03,C,,,,,C,N,N,D,2,0,0,0,22350.0,3,37.83765353,-122.01353301,4
2014,2014-06-04,1735,6,2,17,3,N,A,Y,A,D,A,D,22,W,03,C,,,,,C,Y,N,D,4,0,0,0,22350.0,4,37.998,-121.8085,4
2014,2014-06-07,2046,6,2,20,6,N,A,N,A,H,D,E,22,E,05,B,,,,,C,Y,N,D,1,0,0,0,21650.0,2,37.96879651,-121.64764168,3
2014,2014-05-23,1531,5,1,15,5,N,A,N,A,H,A,D,22,S,03,E,,,,,I,Y,N,D,1,0,0,0,22350.0,1,37.74224503,-121.91446979,4
2014,2014-05-28,1455,5,1,14,3,N,A,Y,A,H,A,D,22,E,03,C,,,,,C,Y,N,D,4,0,0,0,22350.0,3,37.96964373,-122.32067471,3
2014,2014-06-10,1219,6,2,12,2,N,A,N,A,H,A,D,22,S,03,C,,,,,C,N,F,A,1,0,0,0,22350.0,3,37.92586153,-122.06274949,4
2014,2014-06-19,1330,6,2,13,4,N,A,N,A,H,A,A,01,E,03,C,,,,,C,Y,N,A,1,0,0,0,22350.0,3,37.92842864,-122.04373933,4
2014,2014-05-17,1318,5,1,13,6,Y,A,N,A,H,A,A,07,,12,D,,,,,C,Y,N,A,1,0,0,0,21453.0,2,38.02155997,-121.94187986,4
2014,2014-05-18,1435,5,1,14,7,Y,A,N,A,H,A,A,01,,09,A,,,,,C,N,N,A,1,0,0,0,21801.0,2,37.91436996,-121.69625986,4
2014,2014-05-10,1617,5,1,16,6,N,A,N,A,H,A,-,,N,08,D,,,,,C,N,N,D,1,0,0,0,22103.0,2,37.95577169,-122.0919091,4
2014,2014-05-13,1348,5,1,13,2,Y,A,N,A,H,A,-,,,03,C,,,,,C,N,N,A,1,0,0,0,22350.0,2,37.96569994,-122.06251988,4