ACCIDENT_YEAR,COLLISION_DATE,COLLISION_TIME,MONTH,SEASON,24HOURS,DAY_OF_WEEK,INTERSECTION,WEATHER_1,STATE_HWY_IND,ROAD_SURFACE,ROAD_COND_1,LIGHTING,STWD_VEHTYPE_AT_FAULT,CHP_VEHTYPE_AT_FAULT,DIRECTION,PCF_VIOL_CATEGORY,TYPE_OF_COLLISION,PEDESTRIAN_ACCIDENT,BICYCLE_ACCIDENT,MOTORCYCLE_ACCIDENT,TRUCK_ACCIDENT,MVIW,TOW_AWAY,HIT_AND_RUN,CONTROL_DEVICE,NUMBER_INJURED,COUNT_PED_INJURED,COUNT_BICYCLIST_INJURED,COUNT_MC_INJURED,PCF_VIOLATION,PARTY_COUNT,POINT_Y,POINT_X,COLLISION_SEVERITY
2015,2015-03-05,1415,3,1,14,4,-,A,Y,A,D,A,A,01,W,21,C,,,,,C,N,N,A,1,0,0,0,22106.0,2,37.96466957,-121.74020864,4
2015,2015-03-05,1650,3,1,16,4,N,A,Y,A,H,A,A,08,N,07,B,,,Y,,C,N,N,D,1,0,0,1,21658.0,2,37.90280095,-122.06998813,4
2015,2015-03-05,1923,3,1,19,4,N,A,Y,A,H,D,A,01,N,04,C,,,,,C,Y,M,D,2,0,0,0,21703.0,4,37.88758395,-122.05645718,4
2015,2015-03-07,1325,3,1,13,6,N,A,Y,A,H,A,C,02,W,03,C,,,Y,,C,Y,N,D,1,0,0,1,22350.0,2,38.03380927,-122.25181143,3
2015,2015-03-08,120,3,1,1,7,N,A,Y,A,H,C,A,01,N,08,E,,,,,I,Y,N,D,1,0,0,0,22107.0,1,37.98230828,-122.04182371,4
2015,2015-03-04,1705,3,1,17,3,N,A,Y,A,H,A,D,22,E,03,C,,,,,C,N,N,D,1,0,0,0,22350.0,3,38.00150079,-122.05075803,3
2015,2015-03-07,557,3,1,5,6,N,A,Y,A,D,D,F,27,E,08,C,,,,Y,C,Y,N,D,5,0,0,0,22107.0,2,37.98864264,-121.75176502,4
2015,2015-03-04,1830,3,1,18,3,N,A,Y,A,H,D,D,22,N,08,B,,,,,C,N,F,D,1,0,0,0,22107.0,2,38.00004694,-122.07647288,4
2015,2015-03-04,1330,3,1,13,3,N,A,Y,A,H,A,A,01,S,04,C,,,,,C,N,N,D,2,0,0,0,21703.0,2,37.95596912,-122.05320663,3
2015,2015-02-18,2310,2,4,23,3,N,A,Y,A,H,D,A,07,E,01,E,,,,,I,Y,N,D,2,0,0,0,23152.0,1,37.86699462,-122.20315777,2
2015,2015-02-21,1655,2,4,16,6,N,A,Y,A,H,A,A,01,S,01,C,,,,,C,Y,M,D,1,0,0,0,23152.0,2,38.00068565,-121.75493532,2
2015,2015-02-21,1701,2,4,17,6,N,A,Y,A,D,A,A,01,E,01,C,,,,,C,Y,N,D,1,0,0,0,23152.0,3,37.99584574,-121.78260943,2
2015,2015-02-28,2104,2,4,21,6,N,A,Y,A,D,D,A,01,W,01,E,,,,,I,Y,M,D,1,0,0,0,23152.0,1,37.99668055,-121.78879999,3
2015,2015-02-26,1010,2,4,10,4,N,A,N,A,D,A,A,08,N,03,C,,,,,C,N,N,D,1,0,0,0,22350.0,2,37.89040785,-122.08014399,4
2015,2015-02-28,2105,2,4,21,6,N,A,Y,A,D,D,N,60,W,11,G,Y,,,,B,N,M,D,1,1,0,0,21954.0,2,37.99719286,-121.79050648,3
2015,2015-02-28,3,2,4,0,6,N,B,Y,A,H,C,-,99,W,07,B,,,Y,,C,Y,F,D,1,0,0,1,21658.0,2,38.02337022,-121.96847418,3
2015,2015-02-13,743,2,4,7,5,N,A,N,A,H,A,A,01,W,03,G,Y,,,,B,N,N,D,1,1,0,0,22350.0,2,37.96602583,-122.33364947,3
2014,2014-11-01,142,11,3,1,6,N,B,N,B,G,C,D,22,N,01,E,,,,,I,Y,N,D,1,0,0,0,23152.0,1,37.96504165,-121.79708339,3
2015,2015-03-10,703,3,1,7,2,Y,A,N,A,H,B,A,01,,10,G,Y,,,,B,N,N,A,1,1,0,0,21950.0,2,38.01091999,-121.8861199,4
2014,2014-11-19,1853,11,3,18,3,N,B,Y,B,H,C,A,01,N,01,C,,,,,C,Y,N,A,2,0,0,0,23152.0,2,37.94917193,-122.05668352,1
2015,2015-02-07,1023,2,4,10,6,N,B,N,B,H,A,A,01,N,08,B,,,,,C,Y,N,D,1,0,0,0,22107.0,3,,,1
2015,2015-02-07,2220,2,4,22,6,N,B,N,A,H,C,-,99,N,12,G,Y,,,,B,N,F,A,0,0,0,0,21453.0,2,38.02157335,-121.94187594,1
2014,2014-08-07,2244,8,2,22,4,Y,A,N,A,H,C,C,02,,01,D,,,Y,,C,Y,N,A,1,0,0,0,23152.0,2,37.93872992,-122.02504996,1
2014,2014-11-29,2247,11,3,22,6,N,C,N,B,H,C,A,01,N,01,E,,,,,I,Y,N,D,2,0,0,0,23153.0,1,37.97443,-122.36523,1
2014,2014-12-31,1908,12,4,19,3,N,B,N,A,H,C,L,04,E,05,H,,Y,,Y,G,N,N,D,0,0,0,0,21650.0,2,37.90128534,-122.30859376,1
2014,2014-10-21,1557,10,3,15,2,N,A,N,A,H,A,L,04,S,- ,D,,Y,,,G,Y,N,A,0,0,0,0,,2,37.99442869,-121.78460803,1
2014,2014-01-15,1739,1,4,17,3,Y,A,N,A,H,C,L,04,,12,D,,Y,,,G,Y,N,A,0,0,0,0,21453.0,2,38.0094399,-121.83156995,1
2015,2015-04-15,1446,4,1,14,3,N,A,Y,A,H,A,C,02,W,08,F,,,Y,Y,A,Y,N,D,2,0,0,0,22107.0,3,37.90635517,-122.31465768,1
2014,2014-12-22,420,12,4,4,1,N,A,Y,A,H,C,D,22,W,01,A,,,,,C,Y,N,D,1,0,0,0,23152.0,2,37.9066816,-121.7248208,1
2015,2015-02-17,1337,2,4,13,2,N,B,N,A,H,A,A,01,S,08,E,,,,,I,Y,N,D,0,0,0,0,22107.0,1,37.89953,-122.2105,1
2015,2015-05-08,2152,5,1,21,5,N,A,Y,A,H,C,A,01,W,03,C,,,,,C,Y,F,D,0,0,0,0,22350.0,2,37.94197296,-122.32398422,1
2015,2015-05-05,1637,5,1,16,2,Y,A,N,A,H,A,A,01,,00,D,,Y,,,G,Y,N,A,0,0,0,0,21483.0,2,37.79351991,-121.9225299,1
2015,2015-01-03,1422,1,4,14,6,Y,A,N,A,H,A,-,- ,,00,A,,,,,C,Y,N,A,1,0,0,0,,2,37.91199999,-122.06543991,3
2015,2015-02-17,1124,2,4,11,2,-,A,N,A,H,A,L,04,,05,B,,Y,,,G,N,N,D,1,0,1,0,21202.0,2,37.94221552,-122.34750062,3
2015,2015-02-05,703,2,4,7,4,N,A,N,A,H,A,L,04,W,05,A,,Y,,,G,N,N,A,1,0,1,0,21650.0,2,37.93843,-122.36769775,4
2015,2015-02-20,1241,2,4,12,5,Y,A,N,A,H,A,A,01,,06,D,,,,,C,Y,N,D,2,0,0,0,21751.0,2,37.91375998,-122.35971998,3
2015,2015-02-17,1027,2,4,10,2,Y,B,N,A,H,A,-,99,,09,G,Y,,,,B,N,F,-,1,1,0,0,21453.0,2,37.93681992,-122.36002993,4
2015,2015-02-27,1150,2,4,11,5,Y,A,N,A,H,C,A,01,,12,D,,,,,C,Y,N,A,2,0,0,0,21453.0,3,37.93079989,-122.37814998,2
2015,2015-02-22,2118,2,4,21,7,Y,A,N,A,H,C,-,,,08,A,Y,,,,B,N,N,D,1,1,0,0,22107.0,2,37.96462993,-122.25018991,4
2015,2015-02-03,1256,2,4,12,2,Y,A,N,A,H,A,C,02,,03,F,,,Y,,A,Y,N,D,1,0,0,1,22350.0,1,37.92962998,-122.34766987,2
2015,2015-02-25,1656,2,4,16,3,N,A,N,A,H,A,A,01,E,09,D,,,,,C,Y,N,A,3,0,0,0,21801.0,2,37.94238144,-122.32718096,3
2015,2015-02-18,1729,2,4,17,3,N,A,N,A,H,B,A,01,W,09,D,,,,,C,Y,N,D,1,0,0,0,21801.0,2,37.97818302,-122.32966774,4
2015,2015-03-16,1515,3,1,15,1,N,A,N,A,H,A,A,07,S,03,A,,,,,I,N,N,A,1,0,0,0,22350.0,1,38.00809967,-121.89266263,3
2015,2015-03-14,247,3,1,2,6,Y,A,N,A,H,C,A,01,,03,C,,,,,C,Y,M,A,1,0,0,0,22350.0,2,38.0159099,-121.88263992,3
2015,2015-03-04,531,3,1,5,3,Y,A,N,A,H,B,A,01,,09,B,,,,,C,Y,N,A,1,0,0,0,21801.0,2,38.02493995,-121.89560996,3
2015,2015-03-13,1040,3,1,10,5,N,A,Y,A,D,A,A,01,E,03,C,,,,,C,N,N,D,1,0,0,0,22350.0,4,37.99621617,-121.78477627,4
2015,2015-03-13,1105,3,1,11,5,N,A,Y,A,H,A,G,27,W,03,C,,,,Y,C,N,N,D,1,0,0,0,22350.0,2,37.92538643,-121.73292198,4
2015,2015-02-17,1421,2,4,14,2,N,A,N,A,H,A,A,01,S,03,C,,,,,C,N,N,A,2,0,0,0,22350.0,2,37.92937727,-122.34766954,4
2015,2015-03-04,939,3,1,9,3,Y,A,N,A,H,A,A,01,,09,B,,,,,C,Y,N,A,2,0,0,0,21801.0,2,37.91162999,-122.31863998,4
2015,2015-03-09,1220,3,1,12,1,Y,A,N,A,H,A,L,04,,08,A,,Y,,,C,N,N,D,1,0,1,0,22100.0,2,37.93087994,-122.34198993,3
2015,2015-02-19,1715,2,4,17,4,Y,A,N,A,H,A,A,01,,01,D,,,,,C,Y,N,D,1,0,0,0,23152.0,2,37.91756997,-122.35591993,4
2015,2015-02-09,1831,2,4,18,1,Y,A,N,A,H,C,A,01,,04,C,,,,,C,Y,N,A,1,0,0,0,21703.0,2,,,3
2015,2015-03-08,455,3,1,4,7,N,A,N,A,H,C,A,01,S,01,B,,,,,E,Y,N,D,1,0,0,0,23152.0,4,37.92802,-122.3348,4
2015,2015-03-02,1623,3,1,16,1,N,A,N,A,H,A,A,01,E,06,B,,Y,,,G,N,N,D,1,0,1,0,21750.0,2,37.93244501,-122.32608126,4
2015,2015-03-02,1944,3,1,19,1,Y,B,N,A,H,C,A,01,,09,D,,,,,C,N,N,A,2,0,0,0,21801.0,2,37.97838,-122.3331795,4
2015,2015-03-11,1720,3,1,17,3,Y,A,Y,A,H,A,A,01,,12,D,,,,,C,Y,N,A,1,0,0,0,21453.0,3,37.89043938,-121.64102799,4
2015,2015-03-12,1555,3,1,15,4,N,A,Y,A,H,A,-,- ,W,18,E,,,Y,,J,N,N,D,1,0,0,1,,1,37.98252874,-121.74696538,4
2015,2015-03-13,830,3,1,8,5,N,A,Y,A,D,A,A,01,W,03,C,,,,,C,Y,N,D,1,0,0,0,22350.0,2,38.00061106,-121.82578329,4
2015,2015-03-11,1000,3,1,10,3,N,A,Y,A,H,A,A,01,S,08,E,,,,,I,Y,N,D,1,0,0,0,22107.0,1,37.97372566,-122.06233016,3
2015,2015-03-15,530,3,1,5,7,N,A,Y,A,H,B,A,01,W,03,C,,,,,C,Y,N,D,1,0,0,0,22350.0,2,38.00543773,-121.84288083,4
2015,2015-03-03,158,3,1,1,2,N,A,N,A,H,C,A,01,S,03,A,,,,,E,Y,N,D,2,0,0,0,22350.0,2,37.94440777,-122.33100883,4
2015,2015-03-18,1055,3,1,10,3,N,A,Y,A,D,A,A,07,E,03,C,,,,,C,Y,N,D,1,0,0,0,22350.0,3,37.99544328,-121.78023324,4
2015,2015-03-18,1740,3,1,17,3,N,A,Y,A,H,A,A,01,S,03,C,,,,,C,N,M,D,1,0,0,0,22350.0,2,37.99479205,-122.03908285,4
2015,2015-03-07,1045,3,1,10,6,N,A,N,A,H,A,A,01,N,08,A,,,,,I,Y,M,D,1,0,0,0,22107.0,1,37.98734517,-122.07074689,4
2015,2015-03-16,1250,3,1,12,1,N,B,N,A,H,A,A,01,W,03,D,,Y,,,G,N,N,D,1,0,1,0,22350.0,2,37.90656,-122.05950121,3
2015,2015-03-16,744,3,1,7,1,N,B,N,A,H,A,A,01,W,03,C,,,,,C,Y,N,A,1,0,0,0,22350.0,4,37.908019,-122.05522714,4
2015,2015-03-18,1204,3,1,12,3,N,A,N,A,H,A,A,01,S,09,D,,,,,C,N,N,D,2,0,0,0,21804.0,2,37.8970553,-122.06142,4
2015,2015-03-12,1802,3,1,18,4,Y,A,N,A,H,A,A,07,,22,B,,,,,E,N,N,D,1,0,0,0,,2,37.92048209,-122.08779752,3
2015,2015-03-07,1900,3,1,19,6,N,A,N,A,H,D,D,22,N,01,C,,Y,,,G,N,F,D,2,0,2,0,23153.0,2,37.9989236,-122.07848122,3
2015,2015-03-08,1345,3,1,13,7,Y,A,N,A,H,A,C,02,,21,F,,,Y,,A,Y,N,D,1,0,0,1,22106.0,1,38.01421998,-122.19054993,4
2015,2015-03-14,930,3,1,9,6,Y,A,N,A,H,A,A,01,,05,-,,Y,,,I,N,F,D,1,0,1,0,21650.0,2,37.83520997,-121.96716998,3
2015,2015-03-08,1830,3,1,18,7,N,A,Y,A,H,A,A,01,W,08,C,,,,,C,Y,N,D,1,0,0,0,22107.0,2,37.90518152,-122.31832761,4
2015,2015-03-20,1715,3,1,17,5,N,A,N,A,H,A,C,02,S,08,E,,,Y,,I,N,N,D,1,0,0,1,22107.0,1,37.92085592,-122.09678372,3
2015,2015-03-20,2040,3,1,20,5,N,A,N,A,H,C,A,01,S,08,C,,,,,E,N,N,D,1,0,0,0,22107.0,2,37.86507147,-122.05125147,3
2015,2015-03-26,937,3,1,9,4,N,A,N,A,H,A,D,22,N,09,D,,,,,C,Y,N,D,2,0,0,0,21804.0,2,,,4
2015,2015-03-25,721,3,1,7,3,N,A,N,A,H,A,A,01,E,03,C,,,,,C,Y,N,D,2,0,0,0,22350.0,2,37.99012672,-122.09579542,3
2015,2015-03-22,2231,3,1,22,7,Y,F,Y,B,H,C,D,22,,01,D,,,,,C,Y,N,D,1,0,0,0,23152.0,2,37.96180097,-122.32964822,4
2015,2015-03-17,924,3,1,9,2,N,A,N,A,H,A,A,01,E,03,C,,,,,C,N,N,A,1,0,0,0,22350.0,2,37.97742603,-122.0289814,4
2015,2015-03-14,1113,3,1,11,6,N,A,N,A,H,A,A,01,E,09,H,,,Y,,C,Y,N,D,1,0,0,1,21804.0,2,37.95916361,-122.00508506,3
2015,2015-03-08,928,3,1,9,7,Y,A,N,A,H,A,A,01,,12,D,,,,,C,Y,N,A,2,0,0,0,21453.0,2,37.97865994,-122.04189996,4
2015,2015-03-07,948,3,1,9,6,Y,A,N,A,H,A,A,01,,12,B,,,,,C,Y,N,A,1,0,0,0,21453.0,2,37.9753,-122.03159997,3
2015,2015-03-09,633,3,1,6,1,N,A,N,A,-,C,A,01,E,08,E,,,,,I,Y,N,D,1,0,0,0,22107.0,1,37.97156433,-122.01504966,4
2015,2015-03-14,220,3,1,2,6,N,A,N,A,H,C,C,02,W,03,E,,,Y,,J,N,N,D,1,0,0,1,22350.0,1,37.95984682,-121.9791235,4
2015,2015-03-11,1853,3,1,18,3,N,A,N,A,B,A,C,02,S,03,H,,,Y,,I,N,N,D,1,0,0,1,22350.0,1,37.95287925,-122.02083839,3
2015,2015-03-11,1604,3,1,16,3,N,A,N,A,H,A,A,01,N,03,C,,,,,C,N,N,A,1,0,0,0,22350.0,2,37.96830373,-121.97410569,4
2014,2014-11-30,1925,11,3,19,7,N,B,N,B,H,C,A,01,E,03,D,,,,,C,Y,N,A,4,0,0,0,22350.0,2,37.9802114,-121.81960383,2
2014,2014-11-27,1645,11,3,16,4,Y,A,N,A,H,B,A,07,,09,D,,,,,C,Y,N,D,2,0,0,0,21801.0,2,37.9846999,-121.79819994,4
2015,2015-01-27,2347,1,4,23,2,Y,A,N,A,H,C,-,99,,12,D,,,,,C,N,N,A,1,0,0,0,22450.0,2,37.94703995,-122.33880998,4
2015,2015-01-31,1220,1,4,12,6,N,A,N,A,H,A,-,,E,05,C,,,,,E,Y,N,A,1,0,0,0,21650.0,3,37.93818571,-122.34535001,3
2015,2015-01-28,1340,1,4,13,3,N,A,N,A,H,A,A,01,N,09,-,,,,,C,Y,N,-,1,0,0,0,21802.0,2,37.98099741,-122.33883558,4
2014,2014-12-28,129,12,4,1,7,N,A,Y,A,H,C,A,01,N,01,A,,,,,I,Y,N,A,1,0,0,0,23152.0,1,37.99640984,-121.78558052,4
2015,2015-03-15,2100,3,1,21,7,N,A,Y,A,H,D,A,01,E,03,C,,,,Y,C,Y,N,D,2,0,0,0,22350.0,2,38.02164941,-121.98133675,3
2015,2015-03-03,540,3,1,5,2,N,A,Y,A,H,C,A,01,S,03,E,,,,,I,Y,N,A,1,0,0,0,22350.0,2,37.862385,-122.03409109,2
2015,2015-03-20,1025,3,1,10,5,N,A,Y,A,H,A,A,01,N,07,B,,,,Y,C,N,N,D,2,0,0,0,21658.0,2,38.04489852,-122.12636421,3
2015,2015-02-12,1710,2,4,17,4,N,A,N,A,H,A,-,,N,03,C,,,,,C,N,N,D,1,0,0,0,22350.0,2,37.84031174,-122.12695785,4
2015,2015-03-21,1925,3,1,19,6,N,A,Y,A,H,D,A,01,S,07,B,,,,,C,Y,N,D,2,0,0,0,21658.0,2,37.8851422,-122.05453046,4
2015,2015-03-22,2008,3,1,20,7,N,B,Y,A,H,C,A,01,S,08,B,,,,,C,Y,N,D,2,0,0,0,22107.0,2,37.95244417,-122.05522021,3
2015,2015-03-20,145,3,1,1,5,N,A,Y,A,H,E,A,01,N,08,E,,,,,I,Y,N,D,1,0,0,0,22107.0,1,37.99535609,-122.06784823,3
2015,2015-03-20,1550,3,1,15,5,N,A,Y,A,H,A,A,01,E,08,E,,,,,I,Y,N,D,1,0,0,0,22107.0,1,37.8805406,-122.18177102,4
2015,2015-03-19,1725,3,1,17,4,N,A,Y,A,H,A,A,01,N,03,C,,,,,C,Y,N,D,1,0,0,0,22350.0,2,37.86546774,-122.037811,4
2015,2015-03-21,1855,3,1,18,6,N,A,Y,A,H,A,C,02,E,08,E,,,Y,,I,Y,N,D,1,0,0,1,22107.0,2,37.99799554,-121.79713443,4
2015,2015-03-21,1620,3,1,16,6,Y,A,N,A,H,A,A,07,,04,C,,,,,C,N,N,A,1,0,0,0,21703.0,2,37.88496,-122.077701,3
2015,2015-03-23,1445,3,1,14,1,N,A,Y,A,D,A,A,01,E,03,C,,,,,C,N,N,D,2,0,0,0,22350.0,3,37.99920713,-121.82094442,4
2015,2015-03-09,1053,3,1,10,1,N,A,Y,A,H,A,A,01,W,03,C,,,,,C,Y,N,D,2,0,0,0,22350.0,2,38.01809764,-121.89339045,4
2015,2015-03-07,1250,3,1,12,6,N,A,Y,A,H,A,A,01,N,21,G,Y,,,,B,N,N,D,1,1,0,0,22106.0,2,37.94885187,-122.0568216,4
2015,2015-03-05,1355,3,1,13,4,N,A,Y,A,D,A,A,01,E,07,E,,,Y,,A,Y,N,D,1,0,0,1,21658.0,2,37.99522061,-121.78017104,2
2015,2015-03-12,1600,3,1,16,4,N,A,N,A,H,A,A,07,S,08,B,,,Y,,C,Y,N,D,1,0,0,1,22107.0,2,37.8875,-121.69648,4
2015,2015-03-15,1340,3,1,13,7,N,A,Y,A,H,A,A,01,W,07,B,,,,,C,Y,N,D,2,0,0,0,21658.0,2,37.89555383,-122.11004029,4
2015,2015-03-15,106,3,1,1,7,N,A,Y,A,H,D,A,01,E,07,H,,,,,A,Y,F,D,1,0,0,0,21658.0,2,38.02811929,-122.25712308,3
2015,2015-03-19,1605,3,1,16,4,N,A,Y,A,H,A,A,01,N,03,C,,,,,C,N,N,D,1,0,0,0,22350.0,2,37.91696566,-122.06438225,4
2015,2015-03-19,750,3,1,7,4,N,A,Y,A,H,A,A,01,E,07,B,,,Y,,C,N,N,D,1,0,0,1,21658.0,2,37.8976926,-122.09924266,3
2015,2015-03-19,615,3,1,6,4,N,A,N,A,H,B,A,01,S,08,E,,,,,I,Y,N,D,1,0,0,0,22107.0,1,37.83542542,-121.60955301,4
2014,2014-10-07,1953,10,3,19,2,N,A,N,A,H,C,A,01,N,03,B,,,,,C,Y,N,D,2,0,0,0,22350.0,2,37.98215141,-121.78388,4
2015,2015-02-01,1947,2,4,19,7,Y,A,Y,A,H,C,D,22,,12,H,,Y,,,G,N,N,A,1,0,1,0,21453.0,2,38.00469619,-121.84062724,3
2015,2015-03-23,703,3,1,7,1,N,B,Y,B,H,A,D,22,N,03,C,,,,,C,N,N,D,1,0,0,0,22350.0,3,37.82619909,-121.99599018,4
2015,2015-03-16,530,3,1,5,1,N,A,Y,A,H,D,A,01,W,08,F,,,,,I,Y,N,D,1,0,0,0,22107.0,1,37.95102628,-121.74444107,3
2015,2015-03-16,720,3,1,7,1,N,A,Y,A,H,A,A,01,W,07,B,,,Y,,C,N,N,D,1,0,0,1,21658.0,3,38.00515873,-122.03808079,4
2015,2015-03-18,1253,3,1,12,3,N,A,Y,A,H,A,A,07,S,03,C,,,,,C,Y,N,D,1,0,0,0,22350.0,2,37.98955478,-122.06734006,4
2015,2015-03-19,925,3,1,9,4,N,A,Y,A,H,A,A,01,E,07,B,,,,,C,Y,N,D,1,0,0,0,21658.0,2,38.01430156,-121.87765474,4
2015,2015-03-23,1708,3,1,17,1,N,A,Y,A,H,A,A,01,W,08,E,,,,,I,Y,N,D,1,0,0,0,22107.0,1,38.01265919,-122.19778877,4
2015,2015-02-05,1045,2,4,10,4,N,B,N,A,H,A,-,- ,E,00,G,Y,,,,B,N,N,D,1,1,0,0,,2,37.83465845,-122.12878332,4
2015,2015-01-28,317,1,4,3,3,N,A,N,A,H,C,A,01,W,03,B,,,,,C,Y,N,D,1,0,0,0,22350.0,3,37.96757461,-121.80598041,3
2015,2015-03-12,1452,3,1,14,4,N,A,N,A,H,A,C,03,,17,H,,,Y,,A,Y,N,D,1,0,0,1,22109.0,1,38.02489995,-122.13804992,3
2015,2015-03-23,1610,3,1,16,1,Y,A,Y,A,H,A,L,04,,05,D,,Y,,,G,N,N,A,1,0,1,0,21650.0,2,38.01760569,-121.89256036,3
2015,2015-03-14,1600,3,1,16,6,N,A,N,A,H,A,A,01,W,10,E,Y,,,,B,N,N,A,1,1,0,0,21954.0,2,38.0188596,-121.87356581,4
2015,2015-03-13,2345,3,1,23,5,N,A,N,A,H,C,C,02,N,03,H,,,Y,,A,,N,D,1,0,0,1,22350.0,1,38.00327646,-122.28927213,4
2015,2015-03-19,1713,3,1,17,4,Y,A,N,A,H,A,A,01,,09,D,,,,,C,Y,N,A,1,0,0,0,21801.0,2,37.97913993,-122.03133992,4
2015,2015-03-17,1736,3,1,17,2,Y,A,N,A,H,A,A,01,,12,D,,,,,C,Y,N,A,1,0,0,0,21453.0,2,37.94732989,-122.03301,3
2015,2015-03-17,1204,3,1,12,2,Y,A,Y,A,H,-,L,04,,05,-,,Y,,,G,N,N,A,1,0,1,0,21650.0,2,37.98579841,-122.04100714,2
2015,2015-03-24,1638,3,1,16,2,N,A,N,A,-,A,D,22,N,03,H,,,,,J,Y,N,D,1,0,0,0,22350.0,1,37.96586579,-122.04766923,4
2015,2015-03-26,1749,3,1,17,4,N,A,N,A,H,A,L,04,S,03,C,,Y,,,G,N,N,A,1,0,1,0,22350.0,2,37.92645969,-122.04004098,3
2015,2015-03-05,1535,3,1,15,4,Y,A,N,A,H,A,H,18,,03,C,Y,,,,C,Y,N,D,1,0,0,0,22350.0,3,37.99897458,-122.28678256,4
2015,2015-03-13,1345,3,1,13,5,N,A,N,A,H,A,L,04,S,08,F,,Y,,,A,N,N,D,1,0,1,0,22107.0,1,37.82931999,-122.16552347,2
2015,2015-03-24,1615,3,1,16,2,N,A,N,A,H,A,A,01,E,08,E,,,,,I,Y,N,D,3,0,0,0,22107.0,1,37.97148188,-122.22278344,3
2015,2015-03-30,1933,3,1,19,1,Y,A,N,A,H,C,A,01,,12,D,,,,,C,Y,N,A,1,0,0,0,21453.0,2,37.92632997,-122.07353998,4
2015,2015-03-30,1041,3,1,10,1,N,A,N,A,H,A,A,07,S,03,C,,,,,C,N,N,D,1,0,0,0,22350.0,2,37.89813734,-122.06025025,4
2015,2015-03-23,1643,3,1,16,1,Y,A,N,A,H,A,A,01,,03,C,,,,,C,Y,N,D,2,0,0,0,22350.0,2,37.90765991,-122.06643986,4
2015,2015-03-30,700,3,1,7,1,N,A,N,A,H,A,-,,S,08,E,,,,,I,Y,N,D,1,0,0,0,22107.0,1,38.05455444,-122.22967862,4
2015,2015-03-17,1950,3,1,19,2,Y,A,N,A,H,A,-,99,,10,G,Y,,,,B,Y,F,D,1,1,0,0,21950.0,2,38.02307999,-121.93386999,4
2015,2015-03-20,745,3,1,7,5,Y,-,N,-,-,-,A,01,,09,D,,,,,C,Y,N,D,1,0,0,0,21801.0,2,37.93006996,-122.04331999,4
2015,2015-03-27,530,3,1,5,5,Y,A,N,A,H,D,A,07,,22,G,Y,,,,B,N,N,D,1,1,0,0,,2,37.91055362,-122.03871667,3
2015,2015-03-19,1600,3,1,16,4,Y,A,N,A,H,A,A,01,,22,G,Y,,,,B,N,N,D,1,1,0,0,,2,37.8723254,-122.0763123,3
2015,2015-03-26,1716,3,1,17,4,N,A,N,A,H,A,A,01,E,03,C,,,Y,,C,Y,N,A,2,0,0,1,22350.0,4,37.95644018,-122.038935,4
2015,2015-03-27,1852,3,1,18,5,Y,A,N,A,H,A,A,01,,09,D,,,,,-,N,N,A,1,0,0,0,21801.0,2,37.97711993,-122.03291987,4
2015,2015-03-24,1834,3,1,18,2,N,A,N,A,G,A,A,01,N,09,A,,,,,C,Y,N,D,2,0,0,0,21802.0,2,37.96575076,-122.04756823,4
2015,2015-03-26,1036,3,1,10,4,N,A,N,A,H,A,A,08,N,09,D,,,,,C,Y,N,A,1,0,0,0,21804.0,2,37.98522955,-122.01205365,4
2015,2015-03-25,2139,3,1,21,3,N,A,N,A,H,C,A,01,W,08,E,,,,,I,Y,N,D,1,0,0,0,22107.0,1,37.9683714,-122.00377206,3
2015,2015-03-19,1440,3,1,14,4,N,A,Y,A,H,A,C,02,W,03,C,,,Y,,C,Y,N,D,1,0,0,1,22350.0,2,37.9102397,-122.317172,3
2015,2015-03-22,355,3,1,3,7,N,A,Y,A,H,C,C,02,E,08,F,,,Y,,A,Y,N,D,1,0,0,1,22107.0,1,37.97674459,-122.31825896,3
2015,2015-03-22,1640,3,1,16,7,N,B,Y,A,H,A,-,,W,07,C,,,Y,,C,N,N,D,1,0,0,1,21658.0,2,37.94154304,-122.3241332,4
2015,2015-03-19,855,3,1,8,4,N,A,Y,A,H,A,A,01,E,03,C,,,,,C,Y,N,D,1,0,0,0,22350.0,2,37.92632727,-122.32173366,4
2015,2015-03-18,1955,3,1,19,3,N,A,Y,A,H,D,A,01,W,07,B,,,,,C,Y,N,D,1,0,0,0,21658.0,2,37.98154226,-122.31655962,4
2014,2014-11-30,1259,11,3,12,7,Y,B,N,B,H,C,A,01,,03,E,,,,,I,Y,N,D,1,0,0,0,22350.0,1,37.98824995,-121.80739994,4
2014,2014-11-08,755,11,3,7,6,N,A,N,A,H,A,-,- ,W,03,C,,,,,C,N,N,A,1,0,0,0,22350.0,2,37.98693069,-122.31704274,3
2015,2015-01-17,458,1,4,4,6,N,B,Y,A,H,D,-,- ,S,18,A,,,,,C,Y,N,D,1,0,0,0,,2,37.75346832,-121.96130358,2
2015,2015-03-30,750,3,1,7,1,N,A,Y,A,H,A,-,- ,W,22,B,,,,,C,N,N,D,1,0,0,0,,2,37.8978785,-122.09706818,4
2015,2015-03-23,1514,3,1,15,1,N,A,Y,A,H,A,G,25,E,03,C,,,,Y,C,N,N,D,1,0,0,0,22350.0,2,38.01005462,-121.86025453,4
2015,2015-03-18,1545,3,1,15,3,N,A,Y,A,H,A,A,07,E,03,C,,,,,C,Y,N,D,1,0,0,0,22350.0,4,38.01841175,-121.98808886,4
2015,2015-03-26,1550,3,1,15,4,N,A,Y,A,D,A,D,22,E,03,C,,,,,C,N,N,D,1,0,0,0,22350.0,2,38.00328834,-121.8357236,4
2015,2015-03-18,800,3,1,8,3,N,A,Y,A,H,A,A,01,N,07,B,,,Y,,C,Y,N,D,1,0,0,1,21658.0,3,37.9560844,-122.05364475,2
2015,2015-03-17,1819,3,1,18,2,N,A,Y,A,D,A,A,01,W,03,C,,,,,C,Y,N,D,1,0,0,0,22350.0,3,38.00725022,-121.84998353,3