ACCIDENT_YEAR,COLLISION_DATE,COLLISION_TIME,MONTH,SEASON,24HOURS,DAY_OF_WEEK,INTERSECTION,WEATHER_1,STATE_HWY_IND,ROAD_SURFACE,ROAD_COND_1,LIGHTING,STWD_VEHTYPE_AT_FAULT,CHP_VEHTYPE_AT_FAULT,DIRECTION,PCF_VIOL_CATEGORY,TYPE_OF_COLLISION,PEDESTRIAN_ACCIDENT,BICYCLE_ACCIDENT,MOTORCYCLE_ACCIDENT,TRUCK_ACCIDENT,MVIW,TOW_AWAY,HIT_AND_RUN,CONTROL_DEVICE,NUMBER_INJURED,COUNT_PED_INJURED,COUNT_BICYCLIST_INJURED,COUNT_MC_INJURED,PCF_VIOLATION,PARTY_COUNT,POINT_Y,POINT_X,COLLISION_SEVERITY
2015,2015-06-24,850,6,2,8,3,N,A,Y,A,H,A,A,07,N,07,C,,,,,C,Y,N,D,2,0,0,0,21658.0,2,37.92791488,-122.06063986,4
2015,2015-06-21,2130,6,2,21,7,N,A,Y,A,H,D,A,07,E,08,B,Y,,,,C,Y,F,D,2,1,0,0,22107.0,3,38.04653426,-122.23611803,3
2015,2015-06-25,1500,6,2,15,4,N,A,N,A,H,A,A,01,S,03,C,,,,,C,Y,N,A,1,0,0,0,22350.0,2,37.98570716,-122.33551501,4
2015,2015-06-30,819,6,2,8,2,Y,A,N,A,H,A,A,01,,09,D,,Y,,,G,N,N,D,1,0,1,0,21801.0,2,37.85214996,-122.02020986,4
2015,2015-06-06,2111,6,2,21,6,N,A,N,A,H,C,A,01,N,08,D,,,,,C,Y,N,A,7,0,0,0,22103.0,2,38.01928078,-121.89305348,4
2015,2015-07-05,835,7,2,8,7,N,A,Y,A,H,A,A,07,W,08,F,,,,,I,Y,N,D,1,0,0,0,22107.0,1,38.01196664,-121.86796322,3
2015,2015-07-03,5,7,2,0,5,N,A,N,A,H,C,A,07,W,01,E,,,,,I,Y,N,D,1,0,0,0,23152.0,1,37.89847603,-122.23034844,4
2015,2015-07-03,1330,7,2,13,5,N,A,Y,A,H,A,A,01,S,03,C,,,,,C,N,N,D,3,0,0,0,22350.0,2,37.91474683,-122.06614219,4
2015,2015-07-03,1900,7,2,19,5,N,A,Y,A,H,A,C,02,N,03,B,,,Y,,C,Y,N,A,1,0,0,1,22350.0,2,37.9601223,-122.05293171,3
2015,2015-07-02,1045,7,2,10,4,N,A,Y,A,H,A,A,07,W,03,C,,,,,C,Y,N,D,1,0,0,0,22350.0,2,38.01809764,-121.89339045,4
2015,2015-07-02,1520,7,2,15,4,N,A,Y,A,H,A,A,08,N,04,C,,,,,C,Y,N,D,1,0,0,0,21703.0,2,37.83859235,-122.01543599,4
2015,2015-07-01,900,7,2,9,3,N,A,Y,A,H,A,A,01,W,21,C,,,,,C,N,N,A,1,0,0,0,22106.0,2,38.01809764,-121.89339045,4
2015,2015-06-30,1227,6,2,12,2,N,A,N,A,H,A,A,08,W,03,C,,,,,C,Y,N,D,3,0,0,0,22350.0,3,37.9283388,-122.04389828,4
2015,2015-07-08,2241,7,2,22,3,Y,B,N,A,H,C,D,22,,08,A,,,,,C,Y,N,A,2,0,0,0,22100.0,2,37.89735999,-122.06596996,3
2014,2014-06-30,2208,6,2,22,1,N,A,N,A,H,D,A,01,N,08,C,Y,,,,B,Y,N,D,1,1,0,0,22107.0,3,37.9145803,-122.02589542,3
2015,2015-03-31,50,3,1,0,2,N,A,N,A,H,C,D,22,N,01,E,,,,,I,Y,N,D,1,0,0,0,23152.0,1,37.97755033,-121.78465808,4
2015,2015-07-21,1800,7,2,18,2,N,A,Y,A,H,A,A,07,W,04,C,,,,,C,N,N,D,1,0,0,0,21703.0,3,37.86699462,-122.20315777,4
2015,2015-04-20,1915,4,1,19,1,Y,A,N,A,H,A,L,04,,12,D,,Y,Y,,G,N,N,A,2,0,1,1,21453.0,2,37.92520998,-122.33811989,3
2015,2015-04-04,352,4,1,3,6,Y,A,N,A,H,C,A,01,,03,A,,,,,I,Y,M,A,1,0,0,0,22350.0,1,38.01117988,-121.80604,2
2015,2015-06-25,230,6,2,2,4,N,A,Y,A,H,D,A,01,N,07,B,,,,,C,Y,N,D,3,0,0,0,21658.0,2,37.72445653,-121.94112453,4
2015,2015-06-19,1416,6,2,14,5,N,A,N,A,H,A,A,01,,22,D,,,,,C,Y,N,D,4,0,0,0,,2,37.95640995,-122.03897987,3
2015,2015-06-23,1931,6,2,19,2,Y,A,N,A,H,A,L,04,,05,D,,Y,,,G,N,N,D,1,0,1,0,21650.0,2,37.97317996,-122.03755999,3
2015,2015-06-24,2108,6,2,21,3,N,A,N,A,H,B,A,01,W,17,H,,Y,,,-,N,N,D,1,0,1,0,22517.0,2,37.98924753,-122.02373753,3
2015,2015-06-29,1918,6,2,19,1,N,A,N,A,H,A,L,04,S,05,-,,Y,,,G,N,N,D,1,0,1,0,21202.0,2,37.97856775,-122.03704722,4
2015,2015-06-30,1851,6,2,18,2,Y,A,N,A,H,A,A,01,,10,G,Y,,,,B,N,N,A,1,1,0,0,21950.0,2,37.96870999,-122.03203,4
2015,2015-06-30,1917,6,2,19,2,Y,A,N,A,H,A,-,- ,,18,D,,,,,C,Y,N,B,1,0,0,0,,2,37.93872992,-122.02504996,3
2015,2015-07-02,1715,7,2,17,4,N,A,Y,A,H,A,A,01,S,03,C,,,,,C,Y,N,D,1,0,0,0,22350.0,2,37.75372049,-121.96147427,4
2015,2015-07-08,1124,7,2,11,3,N,A,N,A,H,A,A,07,,09,D,,,,,C,Y,N,D,2,0,0,0,21801.0,2,37.92476314,-122.06312299,4
2015,2015-06-10,1450,6,2,14,3,N,C,N,B,H,A,A,01,W,03,D,,,,,C,N,N,A,1,0,0,0,22350.0,2,38.00429487,-121.85302623,4
2015,2015-07-02,1730,7,2,17,4,N,A,N,A,H,A,A,01,W,03,C,,,,,C,Y,N,D,3,0,0,0,22350.0,3,37.92684832,-122.01634958,3
2015,2015-07-08,1534,7,2,15,3,N,A,N,A,H,A,A,01,W,03,C,,,,,C,N,N,D,1,0,0,0,22350.0,2,37.91744574,-122.03935889,4
2015,2015-06-30,1656,6,2,16,2,Y,A,N,A,H,A,A,01,,09,D,,,,,C,Y,N,D,2,0,0,0,21800.0,2,37.94557994,-122.34543996,4
2015,2015-07-16,1643,7,2,16,4,N,A,Y,A,H,A,A,01,W,07,C,,,Y,,C,Y,N,D,2,0,0,1,21658.0,2,37.96420497,-122.32590822,4
2015,2015-06-28,1214,6,2,12,7,Y,A,N,A,H,A,A,01,,04,C,,,,,C,N,N,D,1,0,0,0,21703.0,2,37.95648996,-122.32943997,4
2015,2015-07-14,1635,7,2,16,2,N,A,Y,A,H,A,-,99,W,07,B,,,Y,,C,Y,N,D,1,0,0,1,21658.0,3,37.91931834,-122.31735052,3
2014,2014-11-27,1716,11,3,17,4,N,A,N,A,H,C,D,22,S,03,E,,,,,I,Y,N,D,1,0,0,0,22350.0,1,37.97006392,-121.78098364,4
2015,2015-05-23,1533,5,1,15,6,N,A,N,A,H,A,A,01,W,03,A,,,,,C,Y,N,D,3,0,0,0,22350.0,2,37.99661,-121.80789,3
2015,2015-06-21,2316,6,2,23,7,N,A,N,A,H,C,A,01,N,03,B,,,,,E,N,N,A,1,0,0,0,22350.0,2,37.93867723,-122.36469869,4
2015,2015-05-01,1922,5,1,19,5,Y,A,N,A,H,A,N,60,,11,G,Y,,,,B,Y,N,A,1,1,0,0,21453.0,2,37.9368499,-122.34754993,2
2015,2015-05-28,2347,5,1,23,4,N,A,N,A,H,C,A,01,W,03,A,,,,,I,Y,N,D,1,0,0,0,22350.0,1,37.91257017,-121.73671821,4
2015,2015-05-30,612,5,1,6,6,N,A,N,A,H,A,C,02,E,03,E,,,Y,,I,Y,N,D,1,0,0,1,22350.0,1,37.92556882,-121.67777356,3
2015,2015-05-11,1940,5,1,19,1,N,A,N,A,H,A,-,,S,07,C,,,,,C,Y,N,D,4,0,0,0,21658.0,2,37.9725161,-121.7836068,4
2015,2015-07-17,525,7,2,5,5,N,A,Y,A,H,B,M,46,W,08,E,,,,,I,Y,N,D,2,0,0,0,22107.0,1,38.01404371,-122.23808439,3
2015,2015-07-22,1745,7,2,17,3,N,A,Y,A,H,A,D,22,N,03,C,,,,,C,N,N,D,1,0,0,0,22350.0,3,37.86364676,-122.03599408,4
2015,2015-07-21,1532,7,2,15,2,Y,A,Y,A,H,A,A,08,,03,C,,,,,C,N,N,D,1,0,0,0,22350.0,2,37.99804861,-121.80359715,3
2015,2015-07-24,1640,7,2,16,5,N,A,Y,A,H,A,A,01,W,03,C,,,,,C,N,N,D,1,0,0,0,22350.0,2,38.00001137,-122.05657033,4
2015,2015-07-09,2111,7,2,21,4,N,B,Y,B,H,C,A,01,E,03,C,,,,,C,Y,N,D,1,0,0,0,22350.0,2,37.98681297,-122.31484622,4
2015,2015-07-11,2355,7,2,23,6,N,A,Y,A,H,D,A,08,W,03,C,,,,,C,Y,N,D,4,0,0,0,22350.0,2,37.97067754,-122.32031839,3
2015,2015-07-11,2231,7,2,22,6,N,A,Y,A,H,C,A,01,W,01,C,,,,,C,Y,F,D,2,0,0,0,23152.0,2,37.96461526,-122.32530762,3
2015,2015-07-14,1815,7,2,18,2,N,A,Y,A,H,A,A,07,E,08,E,,,,,I,Y,N,D,1,0,0,0,22107.0,1,38.02369518,-122.26143983,4
2015,2015-06-08,629,6,2,6,1,N,A,N,A,H,A,A,01,E,08,D,,Y,,,G,N,N,A,1,0,1,0,22107.0,2,37.93586793,-122.37288287,4
2015,2015-07-18,1531,7,2,15,6,N,A,Y,A,H,A,A,01,N,03,C,,,,,C,Y,N,D,1,0,0,0,22350.0,3,37.86350796,-122.03558265,3
2015,2015-07-18,1435,7,2,14,6,N,A,Y,A,H,A,C,02,W,03,C,,,Y,,C,N,N,A,1,0,0,1,22350.0,2,37.89043937,-121.64102798,3
2015,2015-07-17,2040,7,2,20,5,Y,A,Y,A,H,C,A,01,,03,C,,,,,C,N,N,D,1,0,0,0,22350.0,2,37.99811948,-121.80886248,4
2015,2015-06-17,1044,6,2,10,3,N,A,N,A,H,A,A,01,S,07,B,,,,,C,Y,N,A,1,0,0,0,21658.0,3,37.97720038,-121.76264933,3
2015,2015-05-24,1048,5,1,10,7,Y,B,N,A,H,A,-,,,09,A,,,,,C,Y,N,D,1,0,0,0,21801.0,2,37.97616999,-122.3376999,4
2015,2015-06-24,1558,6,2,15,3,Y,A,N,A,H,A,A,01,,12,D,,,,,C,Y,N,A,2,0,0,0,21453.0,2,37.94257988,-122.36258987,4
2015,2015-07-16,800,7,2,8,4,N,A,Y,A,H,A,C,02,S,03,C,,,Y,,C,N,N,D,1,0,0,1,22350.0,2,37.82714032,-121.99685784,3
2015,2015-07-20,1015,7,2,10,1,N,A,N,A,H,A,A,01,N,05,D,,,,,C,Y,N,A,1,0,0,0,21460.0,2,37.96333349,-122.36989617,4
2015,2015-07-13,748,7,2,7,1,Y,A,N,A,H,A,N,60,,11,G,Y,,,,B,N,N,A,1,1,0,0,21456.0,2,37.95618993,-121.96900993,2
2015,2015-07-21,932,7,2,9,2,Y,A,N,A,H,A,D,22,,09,D,,,,,C,N,N,A,1,0,0,0,21802.0,2,37.95383994,-121.96234994,3
2015,2015-05-13,1106,5,1,11,3,Y,A,N,A,H,A,A,01,,12,D,,,,,C,Y,N,A,2,0,0,0,21453.0,2,37.93129995,-122.03925989,3
2015,2015-07-04,728,7,2,7,6,N,A,N,A,H,A,A,01,E,01,-,,,,,I,Y,N,A,1,0,0,0,23152.0,1,37.89735894,-122.06339802,3
2015,2015-07-01,2255,7,2,22,3,Y,B,N,A,H,C,-,- ,,- ,E,,,Y,,I,N,N,A,1,0,0,1,,1,37.92762992,-122.0451499,3
2015,2015-07-01,833,7,2,8,3,N,A,N,A,H,A,A,01,W,07,C,,Y,,,G,N,N,D,1,0,1,0,21658.0,2,37.89479439,-122.06596234,4
2015,2015-06-26,1813,6,2,18,5,N,A,N,A,H,A,A,01,E,07,C,,,,,C,N,N,D,1,0,0,0,21658.0,2,37.90628239,-122.06424493,4
2015,2015-06-24,1555,6,2,15,3,Y,A,N,A,H,A,N,60,,11,G,Y,,,,B,N,N,D,1,1,0,0,21950.0,2,37.89483997,-122.06091997,3
2015,2015-06-13,2320,6,2,23,6,-,A,N,A,H,C,-,- ,,22,H,,Y,,,-,N,N,D,1,0,1,0,,1,37.9143405,-122.00779575,2
2015,2015-02-16,1430,2,4,14,1,N,A,N,A,H,A,A,01,E,09,E,,,,,I,Y,N,A,1,0,0,0,21804.0,2,37.97629017,-121.8016977,4
2015,2015-02-24,2218,2,4,22,2,N,A,N,A,H,C,A,01,E,01,D,,,,,C,N,N,A,1,0,0,0,23152.0,2,37.9665006,-121.75991363,4
2015,2015-03-25,1743,3,1,17,3,N,A,N,A,H,A,A,01,W,03,D,,,,,E,N,N,A,1,0,0,0,22350.0,4,37.98957313,-121.78515726,4
2015,2015-03-27,1856,3,1,18,5,N,A,N,A,H,B,-,- ,S,00,E,,,,,I,Y,N,D,1,0,0,0,,1,37.9830939,-121.76952951,2
2015,2015-03-16,1153,3,1,11,1,Y,A,N,A,H,A,A,01,,09,D,,,,,C,N,N,D,1,0,0,0,21801.0,2,38.00432996,-121.82218986,4
2015,2015-03-09,1708,3,1,17,1,N,A,N,A,H,A,A,01,W,03,C,,,,,C,N,N,D,1,0,0,0,22350.0,2,38.01119,-121.81717,4
2015,2015-06-18,1006,6,2,10,4,Y,A,N,A,H,A,A,01,,10,G,Y,,,,B,N,N,A,1,1,0,0,21950.0,2,37.73304,-121.92457992,3
2015,2015-06-23,1114,6,2,11,2,N,A,N,A,H,A,L,04,S,05,D,,Y,,,G,N,N,A,1,0,1,0,21202.0,2,37.74902786,-121.94858191,3
2015,2015-06-09,1305,6,2,13,2,N,A,N,A,H,A,A,01,N,03,C,,,,,C,N,N,D,1,0,0,0,22350.0,2,37.7764082,-121.96699256,4
2015,2015-06-06,1155,6,2,11,6,Y,A,N,A,H,A,-,- ,,00,H,,Y,,,I,,N,A,1,0,1,0,,1,37.74617999,-121.88981987,3
2015,2015-06-10,1541,6,2,15,3,N,B,N,A,H,A,A,01,E,03,C,,,,,C,Y,N,A,1,0,0,0,22350.0,2,37.77979812,-121.96892528,4
2015,2015-06-10,1451,6,2,14,3,N,B,N,A,H,A,A,01,W,03,C,,,,,C,N,N,A,1,0,0,0,22350.0,2,37.788094,-121.94652118,4
2015,2015-06-15,1743,6,2,17,1,N,A,N,A,H,A,A,01,N,09,A,,,,,C,Y,N,D,1,0,0,0,21801.0,2,37.77186961,-121.9467295,4
2015,2015-06-11,1756,6,2,17,4,Y,A,N,A,H,A,A,07,,12,D,,,,,C,Y,N,A,1,0,0,0,21453.0,2,37.78684996,-121.92552992,4
2015,2015-06-04,1210,6,2,12,4,N,A,N,A,H,A,A,07,W,03,C,,,,,C,Y,N,A,1,0,0,0,22350.0,2,37.77452972,-121.98283027,4
2015,2015-06-04,817,6,2,8,4,N,A,N,A,H,A,A,07,W,04,C,,,,,C,N,N,A,1,0,0,0,21703.0,2,37.77377574,-121.92147635,4
2015,2015-06-23,941,6,2,9,2,N,A,N,A,D,A,A,07,W,03,H,,,,,J,Y,N,D,1,0,0,0,22350.0,1,37.7662749,-121.91185534,4
2015,2015-07-07,1550,7,2,15,2,N,A,N,A,H,A,A,01,W,03,C,,,,,C,Y,N,D,1,0,0,0,22350.0,3,37.911,-121.64870782,4
2015,2015-07-03,1235,7,2,12,5,N,A,Y,A,H,A,A,01,E,07,B,,,,,C,Y,N,D,1,0,0,0,21658.0,2,37.99178752,-122.30858119,4
2015,2015-07-01,733,7,2,7,3,Y,A,N,A,H,A,H,14,,09,D,,Y,,,G,N,N,A,1,0,1,0,21802.0,2,37.94811998,-122.35728991,4
2015,2015-07-01,1747,7,2,17,3,N,B,N,A,H,A,A,07,S,03,C,,,,,C,Y,N,D,1,0,0,0,22350.0,2,37.75792958,-121.90634751,3
2015,2015-07-04,25,7,2,0,6,N,B,Y,A,H,C,A,01,E,08,E,,,,,I,Y,F,D,1,0,0,0,22107.0,1,37.90824429,-122.32065825,3
2015,2015-07-04,1335,7,2,13,6,N,A,Y,A,H,A,A,01,E,07,B,,,,,C,Y,N,D,2,0,0,0,21658.0,2,37.97714894,-122.31811568,4
2015,2015-07-04,2209,7,2,22,6,N,A,Y,A,H,C,A,01,S,01,E,,,,,I,Y,N,D,1,0,0,0,23152.0,1,37.91613632,-122.3175292,3
2015,2015-07-02,1709,7,2,17,4,N,A,Y,A,H,A,-,- ,N,00,E,,,,,C,Y,N,D,2,0,0,0,,2,37.93525547,-122.06040334,4
2015,2015-07-03,1941,7,2,19,5,Y,A,N,A,H,A,D,22,,12,D,,,,,C,Y,N,A,1,0,0,0,21453.0,2,37.9776899,-122.00993996,4
2015,2015-07-03,1535,7,2,15,5,N,A,N,A,H,A,F,26,E,09,D,,,Y,Y,C,N,N,D,1,0,0,0,21804.0,2,37.99946809,-122.05180397,3
2015,2015-07-11,740,7,2,7,6,N,A,Y,A,H,A,A,01,W,03,C,,,,,C,Y,N,D,1,0,0,0,22350.0,2,38.02395219,-121.97049969,4
2015,2015-07-09,1500,7,2,15,4,N,B,Y,A,H,A,D,22,E,07,B,,,,,C,N,N,D,1,0,0,0,21658.0,2,37.99149726,-122.1263527,4
2015,2015-06-03,1807,6,2,18,3,Y,A,N,A,H,A,-,,,09,D,,,,,C,Y,N,A,2,0,0,0,21802.0,2,37.93129993,-121.68670992,4
2015,2015-06-06,2012,6,2,20,6,Y,A,N,A,H,B,A,07,,09,D,,,,,C,Y,N,D,2,0,0,0,21801.0,2,37.95794997,-121.69613989,3
2015,2015-06-23,653,6,2,6,2,Y,A,N,A,H,A,-,,,09,D,,,,,C,Y,N,D,1,0,0,0,21802.0,2,37.96507989,-122.09112996,3
2015,2015-06-29,1522,6,2,15,1,Y,A,Y,A,H,A,L,04,,09,B,,Y,,,C,N,N,A,1,0,1,0,21802.0,2,37.94315619,-122.05929378,4
2015,2015-06-17,1307,6,2,13,3,N,A,N,A,H,A,-,,W,03,C,,,,,C,Y,N,A,1,0,0,0,22350.0,3,37.96152,-121.71566443,4
2015,2015-05-27,1322,5,1,13,3,N,A,N,A,H,A,A,01,W,03,E,,,,,I,Y,N,A,1,0,0,0,22350.0,1,37.9804047,-121.82133652,4
2015,2015-05-21,1237,5,1,12,4,N,A,N,A,H,A,-,,N,08,C,,,,,C,N,N,A,1,0,0,0,22107.0,2,37.95431448,-122.08822821,4
2015,2015-05-27,1905,5,1,19,3,Y,A,N,A,H,A,-,,,03,C,,,,,C,Y,N,D,5,0,0,0,22350.0,3,37.92855996,-121.69339986,3
2015,2015-05-16,1009,5,1,10,6,Y,A,N,A,H,A,-,- ,,00,G,Y,,,,B,N,N,A,1,1,0,0,,2,37.96157998,-121.71406999,4
2015,2015-03-08,657,3,1,6,7,N,A,N,A,H,B,A,01,E,08,B,,,,,E,Y,N,D,1,0,0,0,22107.0,2,37.98343,-121.78516684,3
2015,2015-07-08,1206,7,2,12,3,Y,A,N,A,H,A,L,04,,12,D,,Y,,,G,N,N,A,1,0,1,0,21453.0,2,37.89735998,-122.06708997,3
2015,2015-07-15,1830,7,2,18,3,Y,A,N,A,H,A,A,01,,09,E,,Y,,,G,N,N,A,1,0,1,0,21801.0,2,37.9090799,-122.05233,3
2015,2015-07-12,1105,7,2,11,7,N,A,Y,A,H,A,A,08,W,04,C,,,,,C,Y,N,D,1,0,0,0,21703.0,3,37.93332079,-122.41792775,4
2015,2015-07-07,700,7,2,7,2,N,A,Y,A,H,A,A,01,W,08,B,Y,,,,B,N,N,D,1,1,0,0,22107.0,2,38.01754245,-121.89233321,2
2015,2015-07-07,719,7,2,7,2,N,B,Y,A,H,A,-,- ,E,00,C,,,,,C,N,N,D,1,0,0,0,,2,38.02251949,-122.26231928,4
2015,2015-07-11,340,7,2,3,6,N,A,Y,A,H,C,-,99,E,07,B,,,,,C,N,M,D,1,0,0,0,21658.0,2,38.01971357,-121.92396108,4
2015,2015-07-08,840,7,2,8,3,N,A,Y,A,H,A,A,07,W,07,B,,,Y,,C,Y,N,D,2,0,0,1,21658.0,2,37.99288374,-122.07453496,4
2015,2015-07-15,805,7,2,8,3,N,A,Y,A,D,A,A,07,W,03,C,,,,,C,N,N,D,1,0,0,0,22350.0,2,37.99671154,-121.78898066,4
2015,2015-05-29,2245,5,1,22,5,N,A,N,A,H,C,M,96,E,01,E,,,,,I,N,M,D,1,0,0,0,23152.0,1,37.80885939,-121.89335064,3
2015,2015-07-06,2125,7,2,21,1,N,A,Y,A,H,C,A,01,S,08,C,,,,,C,Y,N,D,2,0,0,0,22107.0,3,37.88375215,-122.05337136,4
2015,2015-07-13,930,7,2,9,1,Y,A,N,A,H,A,D,22,,01,A,,,,,C,Y,M,A,1,0,0,0,23152.0,2,38.03586995,-122.26782988,4
2015,2015-07-17,500,7,2,5,5,N,A,Y,A,H,C,A,07,W,03,C,,,,Y,C,Y,N,D,1,0,0,0,22350.0,2,37.99447406,-122.10757111,3
2015,2015-06-14,838,6,2,8,7,Y,A,N,A,H,A,A,01,,17,D,,,,,C,Y,N,A,2,0,0,0,21461.0,3,37.95209989,-121.95751992,3
2015,2015-06-13,1312,6,2,13,6,N,A,N,A,H,A,A,07,N,04,C,,,,,C,N,N,A,1,0,0,0,21703.0,2,38.01013991,-121.8919331,4
2015,2015-07-16,1403,7,2,14,4,N,A,N,A,H,A,A,01,W,08,B,,,,,C,Y,N,D,1,0,0,0,22107.0,2,37.94748504,-122.05174203,4
2015,2015-07-20,1711,7,2,17,1,N,A,N,A,H,A,A,07,,01,C,,,,,C,Y,N,A,1,0,0,0,23152.0,3,37.97425995,-122.03377989,4
2015,2015-07-16,1225,7,2,12,4,N,A,Y,A,H,A,A,01,E,09,D,,,,,C,N,N,A,1,0,0,0,21802.0,2,37.84902487,-122.02827352,3
2015,2015-07-18,1405,7,2,14,6,N,A,Y,A,H,A,A,01,E,07,B,,,,,C,Y,N,A,2,0,0,0,21658.0,3,38.02143249,-121.95707854,3
2015,2015-07-18,915,7,2,9,6,N,A,N,A,H,A,A,01,S,08,E,,,,,I,Y,N,D,1,0,0,0,22107.0,1,37.98907657,-121.94963584,3
2015,2015-07-05,1430,7,2,14,7,N,A,N,A,H,A,A,01,S,08,C,,,,,E,Y,N,D,1,0,0,0,22107.0,3,38.01127175,-121.94550228,3
2015,2015-07-18,1746,7,2,17,6,N,A,Y,A,H,A,A,07,W,03,E,,,,,I,Y,N,D,1,0,0,0,22350.0,1,38.01910003,-121.9427992,3
2015,2015-07-20,1145,7,2,11,1,N,A,Y,A,H,A,A,01,W,08,E,,,,,I,Y,M,D,1,0,0,0,22107.0,1,37.99841067,-121.81722556,4
2015,2015-07-18,1910,7,2,19,6,N,A,Y,A,H,A,A,01,W,03,E,,,,,I,Y,N,A,2,0,0,0,22350.0,1,38.01910003,-121.9427992,3
2015,2015-07-16,1805,7,2,18,4,N,A,Y,A,H,A,D,22,W,07,B,,,Y,,C,Y,N,D,1,0,0,1,21658.0,3,38.00437805,-121.83953698,3
2015,2015-07-15,1415,7,2,14,3,N,A,N,A,H,A,C,02,E,08,E,,,Y,,I,Y,N,D,1,0,0,1,22107.0,1,37.88152276,-121.77658345,2
2015,2015-07-21,740,7,2,7,2,N,A,Y,A,H,A,A,01,W,03,C,,,,,C,N,N,D,1,0,0,0,22350.0,3,38.01889676,-121.89644555,4
2015,2015-07-11,2335,7,2,23,6,N,A,Y,A,H,D,A,01,E,07,B,,,,,C,Y,N,D,1,0,0,0,21658.0,2,37.89172973,-122.17010839,4
2015,2015-07-11,2115,7,2,21,6,N,A,Y,A,H,D,A,01,N,01,E,,,,,I,Y,N,D,1,0,0,0,23152.0,1,37.94917193,-122.05668352,3
2015,2015-07-11,1456,7,2,14,6,N,A,Y,A,H,A,A,01,E,03,E,,,,,J,Y,N,D,2,0,0,0,22350.0,1,38.01442736,-121.87818076,4
2015,2015-07-02,45,7,2,0,4,N,A,N,A,H,C,A,01,E,01,A,,,,,C,Y,N,D,2,0,0,0,23152.0,2,38.00806118,-122.09494314,3
2015,2015-07-16,1540,7,2,15,4,N,A,Y,A,H,A,A,01,W,04,C,,,,,C,Y,N,D,3,0,0,0,21703.0,4,37.89286047,-122.12507831,4
2015,2015-07-13,1015,7,2,10,1,N,A,Y,A,D,A,A,01,E,03,C,,,,,C,N,N,A,1,0,0,0,22350.0,2,38.00184175,-121.83031332,4
2015,2015-07-12,1003,7,2,10,7,Y,A,N,A,H,A,A,01,,12,D,,,,,C,Y,N,A,1,0,0,0,21453.0,2,37.97969996,-122.03015986,4
2015,2015-05-09,1538,5,1,15,6,N,A,N,A,H,A,-,,W,01,A,,,,,I,Y,N,A,4,0,0,0,23152.0,1,38.01307482,-121.91391811,4
2015,2015-05-18,1756,5,1,17,1,Y,A,Y,A,D,A,A,01,,12,D,,,,,C,N,N,A,1,0,0,0,21453.0,2,37.99564236,-121.7827009,4
2015,2015-05-01,1855,5,1,18,5,Y,A,Y,A,D,A,A,01,,12,D,,,,,C,N,N,A,2,0,0,0,21453.0,2,37.99584574,-121.78260943,4
2015,2015-07-21,2039,7,2,20,2,N,A,Y,A,H,A,D,22,E,03,C,,,,,C,N,N,D,1,0,0,0,22350.0,2,37.92150928,-121.73213112,4
2015,2015-07-24,723,7,2,7,5,N,A,Y,A,H,A,C,02,E,03,C,,,Y,,C,N,N,D,1,0,0,1,22350.0,2,38.01911081,-121.93893023,3
2015,2015-08-01,941,8,2,9,6,Y,A,N,A,H,A,D,22,,- ,G,Y,,,,B,N,N,D,1,1,0,0,,2,37.92397748,-122.0880872,3
2015,2015-08-01,2022,8,2,20,6,N,A,N,A,G,A,D,22,W,09,D,,,,,C,Y,N,D,2,0,0,0,21801.0,2,,,4
2015,2015-07-31,946,7,2,9,5,Y,A,N,A,H,A,D,22,,09,A,,,,,C,Y,N,A,1,0,0,0,21801.0,2,37.97728988,-121.99123995,3
2015,2015-07-19,2010,7,2,20,7,Y,B,N,A,H,C,D,22,,03,C,,,,,C,N,N,D,1,0,0,0,22350.0,2,37.95465993,-122.04142988,4
2015,2015-06-29,2038,6,2,20,1,Y,A,N,A,H,C,-,,,00,D,,,,,C,N,M,A,1,0,0,0,21453.0,2,38.01567991,-121.89003996,4
2015,2015-07-14,1845,7,2,18,2,Y,A,N,A,H,A,L,04,,12,G,,Y,,,G,N,N,A,1,0,1,0,22450.0,2,38.02219989,-121.87476993,3
2015,2015-07-11,1212,7,2,12,6,N,A,N,A,H,A,C,02,W,09,D,,,Y,,C,Y,N,D,1,0,0,1,21804.0,2,38.01041796,-121.88398505,3
2015,2015-07-04,1757,7,2,17,6,Y,A,N,A,H,A,A,08,,09,D,,,,,C,N,N,A,1,0,0,0,21802.0,2,38.03150996,-121.88520999,4
2015,2015-07-07,1850,7,2,18,2,N,A,N,A,H,A,A,01,W,03,C,,,,,C,Y,N,A,1,0,0,0,22350.0,3,37.9981,-121.8965,4
2015,2015-07-08,640,7,2,6,3,N,A,N,A,H,A,A,01,E,08,B,,,,,I,Y,N,D,1,0,0,0,22107.0,1,,,4
2015,2015-07-04,118,7,2,1,6,N,A,N,A,H,D,A,01,N,01,F,,,,,I,Y,N,D,1,0,0,0,23152.0,1,37.83192063,-121.6072,3
2015,2015-07-10,1405,7,2,14,5,N,A,Y,A,H,A,A,01,S,03,C,,,,,C,Y,N,D,1,0,0,0,22350.0,3,38.00136583,-122.03758495,4
2015,2015-07-06,1844,7,2,18,1,N,A,Y,A,H,A,A,08,S,21,C,,,,,C,N,N,A,1,0,0,0,22106.0,2,37.92046696,-122.31498822,4
2015,2015-07-12,935,7,2,9,7,N,A,N,A,H,A,N,60,E,11,G,Y,,,,B,N,N,D,1,1,0,0,21954.0,2,37.9561807,-122.34424244,2
2015,2015-07-02,148,7,2,1,4,N,B,N,B,H,C,L,04,W,05,D,,Y,,,G,N,N,A,1,0,1,0,21202.0,2,37.97751706,-122.03745016,3
2015,2015-07-15,1615,7,2,16,3,N,A,N,A,C,A,E,22,W,03,C,,,,Y,C,Y,N,A,1,0,0,0,22350.0,3,37.91100019,-121.65053832,4