ACCIDENT_YEAR,COLLISION_DATE,COLLISION_TIME,MONTH,SEASON,24HOURS,DAY_OF_WEEK,INTERSECTION,WEATHER_1,STATE_HWY_IND,ROAD_SURFACE,ROAD_COND_1,LIGHTING,STWD_VEHTYPE_AT_FAULT,CHP_VEHTYPE_AT_FAULT,DIRECTION,PCF_VIOL_CATEGORY,TYPE_OF_COLLISION,PEDESTRIAN_ACCIDENT,BICYCLE_ACCIDENT,MOTORCYCLE_ACCIDENT,TRUCK_ACCIDENT,MVIW,TOW_AWAY,HIT_AND_RUN,CONTROL_DEVICE,NUMBER_INJURED,COUNT_PED_INJURED,COUNT_BICYCLIST_INJURED,COUNT_MC_INJURED,PCF_VIOLATION,PARTY_COUNT,POINT_Y,POINT_X,COLLISION_SEVERITY
2015,2015-11-24,1427,11,3,14,2,N,A,N,A,H,A,A,01,W,03,C,,,,,C,N,N,D,1,0,0,0,22350.0,2,37.96421107,-122.05888867,4
2015,2015-11-28,1825,11,3,18,6,N,A,N,A,H,D,A,01,N,03,C,,,,,C,N,N,A,1,0,0,0,22350.0,2,37.9691799,-121.9730323,4
2015,2015-11-25,1351,11,3,13,3,Y,A,N,A,H,A,L,04,,05,D,,Y,,,G,N,N,A,1,0,1,0,21650.0,2,,,3
2015,2015-11-24,1906,11,3,19,2,N,A,N,A,H,C,A,01,W,10,G,Y,,,,B,N,N,A,1,1,0,0,21950.0,2,37.93874113,-122.02506016,3
2015,2015-09-21,1634,9,3,16,1,Y,A,N,A,H,A,A,01,,09,D,,,,,C,Y,N,D,1,0,0,0,21802.0,2,38.00093997,-121.81002999,3
2015,2015-11-24,1910,11,3,19,2,Y,A,N,A,H,C,A,01,,10,G,Y,,,,B,N,N,A,1,1,0,0,21950.0,2,37.97312993,-122.04138998,4
2015,2015-11-12,646,11,3,6,4,N,A,N,A,H,A,A,01,N,08,H,,,,,I,Y,N,D,1,0,0,0,22107.0,1,37.99157,-122.12611,3
2015,2015-11-23,0,11,3,0,1,Y,A,N,A,H,C,A,01,,00,D,,,,,C,N,N,D,2,0,0,0,22801.0,3,38.00186991,-122.1018099,4
2015,2015-10-14,1400,10,3,14,3,N,A,N,A,H,A,A,01,S,01,A,,,,,E,Y,N,D,1,0,0,0,23152.0,2,37.98598276,-122.09712056,3
2015,2015-11-25,2012,11,3,20,3,N,A,N,A,H,C,D,22,W,03,-,,,,,C,Y,N,A,3,0,0,0,22350.0,3,37.96580907,-122.05654333,3
2015,2015-10-19,1209,10,3,12,1,Y,A,N,A,H,C,A,08,,01,C,,,,,C,Y,N,D,2,0,0,0,23152.0,2,38.01226989,-121.80135998,4
2015,2015-10-28,1550,10,3,15,3,Y,A,N,A,H,A,A,01,,09,A,,,,,C,Y,N,A,1,0,0,0,21801.0,2,37.91449992,-122.30534986,3
2015,2015-10-15,1122,10,3,11,4,Y,A,N,A,H,A,-,- ,,18,C,,,,,C,N,N,A,3,0,0,0,,3,37.99367991,-121.80789995,4
2015,2015-10-13,1318,10,3,13,2,N,A,Y,A,H,A,A,01,S,07,B,,,,,C,N,M,A,1,0,0,0,21658.0,2,38.00410937,-121.83806363,4
2015,2015-10-27,1531,10,3,15,2,N,A,N,A,H,A,A,01,W,03,C,,,,,C,Y,N,A,1,0,0,0,22350.0,3,37.96215035,-121.76550139,4
2015,2015-11-22,1240,11,3,12,7,N,A,N,A,H,A,-,99,W,00,B,,Y,,,G,N,M,A,1,0,1,0,21760.0,2,38.00547971,-122.29100278,3
2015,2015-11-25,1740,11,3,17,3,Y,A,N,A,H,C,A,01,,10,G,Y,,,,B,N,F,A,1,1,0,0,21950.0,2,37.99104589,-122.30620444,3
2015,2015-12-03,2003,12,4,20,4,N,A,N,C,H,B,A,01,N,08,B,,,,,E,Y,N,D,1,0,0,0,22107.0,2,37.86667245,-122.07356126,3
2015,2015-11-22,1013,11,3,10,7,-,A,N,A,H,A,A,01,,21,C,,,,,E,Y,N,D,1,0,0,0,22106.0,2,37.89989998,-122.06770778,4
2015,2015-12-03,1530,12,4,15,4,N,A,Y,A,H,A,D,22,E,03,D,,,,,C,Y,N,A,1,0,0,0,22350.0,3,37.97378066,-122.06261799,4
2015,2015-12-01,205,12,4,2,2,Y,A,N,A,H,C,A,01,,05,E,,,,,I,Y,N,A,1,0,0,0,21651.0,1,37.92598992,-122.04835994,4
2015,2015-11-29,1505,11,3,15,7,N,A,N,A,H,A,F,21,E,03,C,,,,Y,C,N,N,A,1,0,0,0,22350.0,2,38.00793198,-121.86990523,4
2015,2015-11-20,1723,11,3,17,5,N,-,N,-,-,-,D,22,N,09,-,,Y,,,-,N,N,-,1,0,1,0,21453.0,2,38.01220791,-121.89119706,4
2015,2015-11-16,1010,11,3,10,1,Y,A,N,A,H,A,L,04,,05,D,,Y,,,G,N,N,D,1,0,1,0,21650.0,2,38.02679988,-121.93104989,4
2015,2015-11-17,1520,11,3,15,2,Y,A,N,A,H,A,L,04,,05,D,,Y,,,G,N,N,A,1,0,1,0,21202.0,2,38.01498992,-121.89998989,4
2015,2015-11-15,1711,11,3,17,7,Y,A,N,A,H,C,A,07,,09,D,,,,,C,Y,N,D,2,0,0,0,21801.0,2,38.02450993,-121.89103993,4
2015,2015-08-31,1443,8,2,14,1,N,A,N,A,H,A,A,01,W,05,A,,,,,C,N,N,A,1,0,0,0,21460.0,2,38.00499009,-121.81521638,4
2015,2015-12-07,707,12,4,7,1,N,B,N,B,H,A,A,01,W,03,C,,,,,C,Y,N,A,1,0,0,0,22350.0,2,37.96118845,-121.98284937,4
2015,2015-11-14,216,11,3,2,6,Y,A,N,A,H,C,A,,,09,D,,Y,,,G,N,N,A,1,0,1,0,21804.0,2,37.95640995,-122.03897987,3
2015,2015-11-30,1602,11,3,16,1,N,A,N,A,H,A,A,07,W,09,D,,,,,C,Y,N,A,2,0,0,0,21804.0,2,37.98271853,-122.01681294,4
2015,2015-11-30,1934,11,3,19,1,Y,A,N,A,H,C,A,01,,03,C,,,,,C,Y,N,D,2,0,0,0,22350.0,2,37.99926999,-122.02796996,4
2015,2015-11-29,1943,11,3,19,7,Y,A,N,A,H,C,N,60,,11,G,Y,,,,B,N,N,A,1,1,0,0,21456.0,2,37.93872992,-122.02504996,4
2015,2015-11-30,556,11,3,5,1,N,A,N,A,H,C,N,60,E,11,G,Y,,,,B,N,N,D,1,1,0,0,21954.0,2,37.9540756,-122.04390915,4
2015,2015-12-04,1517,12,4,15,5,Y,A,N,A,H,A,-,- ,,00,D,,,,,C,,N,A,1,0,0,0,,2,37.99204994,-122.04873986,4
2015,2015-12-02,1738,12,4,17,3,N,A,N,A,H,C,L,04,,09,D,,Y,,,G,N,N,D,1,0,1,0,21804.0,2,,,4
2015,2015-12-04,19,12,4,0,5,Y,A,N,B,H,C,A,01,,08,E,,,,,I,Y,N,A,1,0,0,0,22107.0,1,37.93747433,-122.02720016,3
2015,2015-12-03,2028,12,4,20,4,Y,A,N,A,H,C,N,60,,10,-,Y,,,,-,N,N,-,1,1,0,0,21950.0,2,37.96957991,-122.05085994,4
2015,2015-11-13,1521,11,3,15,5,N,A,N,A,H,A,-,,W,03,C,,,,,C,Y,N,D,1,0,0,0,22350.0,3,37.94790679,-122.08121449,4
2015,2015-11-22,1334,11,3,13,7,Y,A,N,A,H,A,-,,,03,C,,,,,C,Y,N,A,3,0,0,0,22350.0,3,37.94800991,-122.06028995,3
2015,2015-11-19,1412,11,3,14,4,N,A,N,A,H,A,I,09,N,03,E,,,,,I,Y,N,A,1,0,0,0,22350.0,1,37.93660141,-121.69663574,3
2015,2015-11-11,1455,11,3,14,3,Y,A,N,A,H,A,N,60,,11,G,Y,,,,B,N,N,A,1,1,0,0,21950.0,2,37.92554998,-121.69614989,3
2015,2015-11-26,1312,11,3,13,4,Y,A,N,A,H,A,-,- ,,00,G,Y,,,,B,N,N,A,1,1,0,0,,2,37.93988998,-121.7237,4
2015,2015-10-28,1150,10,3,11,3,N,B,N,A,H,A,C,02,S,03,C,,,Y,,C,Y,N,A,1,0,0,0,22350.0,2,37.94504,-121.70515,4
2015,2015-10-20,1431,10,3,14,2,N,A,N,A,H,A,A,07,W,03,C,,,,,C,N,N,A,3,0,0,0,22350.0,3,37.92558212,-121.69094661,4
2015,2015-10-23,759,10,3,7,5,N,A,N,A,H,A,A,07,S,03,C,,,,,C,N,N,D,1,0,0,0,22350.0,2,37.94945002,-121.70750901,4
2015,2015-11-20,1058,11,3,10,5,Y,A,N,A,H,C,A,01,,12,D,,,,,C,Y,N,A,2,0,0,0,21453.0,2,37.94512994,-121.71441986,3
2015,2015-11-26,1850,11,3,18,4,N,A,N,A,H,C,A,01,N,08,D,,,,,C,Y,N,A,1,0,0,0,22107.0,2,37.92556,-121.69218,4
2015,2015-05-23,1447,5,1,14,6,Y,A,N,A,H,A,A,01,,12,D,,,,,C,Y,N,A,4,0,0,0,22450.0,2,38.01404999,-121.81843996,3
2015,2015-11-24,743,11,3,7,2,Y,B,Y,A,H,A,A,07,,09,D,,,,,C,Y,N,A,1,0,0,0,21453.0,2,37.89623952,-122.07088395,4
2015,2015-11-18,1606,11,3,16,3,Y,A,N,A,H,A,A,01,,10,G,Y,,,,B,N,N,A,1,1,0,0,21950.0,2,37.95884997,-122.35666991,4
2015,2015-11-19,1629,11,3,16,4,Y,A,N,A,H,C,A,01,,03,C,,,Y,,C,Y,N,D,2,0,0,0,22350.0,4,37.95256996,-122.34740987,3
2015,2015-12-04,833,12,4,8,5,N,A,N,A,H,A,A,01,E,03,C,,,,,C,Y,N,A,1,0,0,0,22350.0,2,37.91353816,-122.04313417,4
2015,2015-09-15,814,9,3,8,2,Y,A,N,A,G,A,A,01,,03,C,,,,,C,N,N,A,1,0,0,0,22350.0,2,37.98187999,-121.76661994,4
2015,2015-09-27,1750,9,3,17,7,Y,A,N,A,H,A,A,01,,12,D,,,,,C,N,N,A,1,0,0,0,22450.0,3,38.00488999,-121.80880992,3
2015,2015-08-24,1914,8,2,19,1,Y,A,N,A,H,B,-,- ,,12,D,,,,,C,N,N,A,1,0,0,0,21453.0,2,37.97060994,-121.76054997,4
2015,2015-07-26,1235,7,2,12,7,N,A,N,A,H,A,A,01,N,03,C,,,,,C,N,N,D,2,0,0,0,22350.0,3,37.96131231,-121.73247,4
2015,2015-05-29,211,5,1,2,5,N,A,N,A,H,C,A,01,E,08,E,,,,,I,Y,N,A,1,0,0,0,22107.0,1,37.97148521,-121.79646142,3
2015,2015-04-19,533,4,1,5,7,Y,A,N,A,H,B,A,01,,08,E,,,,,I,Y,N,A,1,0,0,0,22107.0,1,37.96176994,-121.75469995,3
2015,2015-11-03,1824,11,3,18,2,N,A,N,A,H,C,A,01,N,08,B,,,,,E,N,N,A,1,0,0,0,22107.0,3,37.91776644,-122.30779718,4
2015,2015-06-20,1313,6,2,13,6,N,A,Y,A,H,A,B,07,N,04,C,,,,,C,Y,F,A,2,0,0,0,21703.0,2,,,3
2015,2015-08-28,652,8,2,6,5,N,A,N,A,H,A,D,22,N,03,C,,,,,C,Y,N,A,2,0,0,0,22350.0,2,38.00066054,-121.84104681,4
2015,2015-07-18,2142,7,2,21,6,Y,A,N,A,H,C,D,23,,08,E,,,,,I,Y,N,D,1,0,0,0,22107.0,1,37.98997997,-121.83369992,4
2015,2015-07-14,1711,7,2,17,2,Y,A,N,A,H,A,A,01,,12,D,,,,,C,N,N,A,1,0,0,0,21453.0,2,37.99487991,-121.78469988,4
2015,2015-05-29,6,5,1,0,5,N,A,N,A,H,C,A,01,N,08,E,,,,,I,N,N,A,1,0,0,0,22107.0,1,38.00729524,-121.83339099,4
2015,2015-11-18,1803,11,3,18,3,N,A,N,A,H,C,A,01,E,10,G,Y,,,,B,N,N,D,2,2,0,0,21950.0,3,37.90252135,-122.30236094,2
2015,2015-08-08,1838,8,2,18,6,N,A,N,A,H,A,A,01,E,22,E,,,,,I,Y,N,D,1,0,0,0,,1,38.00404463,-121.84422035,4
2015,2015-07-27,1542,7,2,15,1,Y,A,N,A,H,A,A,01,,03,E,,,,,I,Y,N,D,1,0,0,0,22350.0,1,37.9697299,-121.79060986,4
2015,2015-08-14,1551,8,2,15,5,N,A,N,A,H,A,N,60,W,11,G,Y,,,,B,N,N,D,1,1,0,0,21955.0,2,38.00144,-121.8309,3
2015,2015-08-10,2212,8,2,22,1,N,A,N,A,H,C,L,04,E,05,E,,Y,,,I,N,N,D,1,0,1,0,21650.0,1,38.0048938,-121.80568295,4
2015,2015-11-11,1340,11,3,13,3,Y,B,Y,A,H,A,A,01,,12,D,,,,,C,N,N,A,1,0,0,0,21453.0,2,37.90209173,-122.30329292,4
2015,2015-11-24,1533,11,3,15,2,Y,A,N,A,H,A,-,,,21,D,,,,,C,N,N,A,1,0,0,0,22106.0,2,37.96241995,-122.06171987,3
2015,2015-11-30,1507,11,3,15,1,N,B,N,B,G,A,L,04,E,09,D,,Y,,,G,N,N,D,1,0,1,0,21804.0,2,37.96671271,-122.06586026,3
2015,2015-12-09,1408,12,4,14,3,N,A,N,A,H,A,D,22,E,03,C,,,,,C,Y,N,A,2,0,0,0,22350.0,4,37.92771036,-122.04500938,4
2015,2015-12-05,354,12,4,3,6,N,A,N,A,H,A,A,01,S,01,C,,,,,E,Y,N,D,1,0,0,0,23152.0,2,37.9708754,-121.76971,3
2015,2015-12-03,602,12,4,6,4,N,A,N,A,H,C,L,04,S,05,D,,Y,,,G,N,N,A,1,0,1,0,21650.0,2,37.98325637,-121.7732479,3
2015,2015-12-02,1327,12,4,13,3,Y,A,N,A,H,A,A,01,,10,G,Y,,,,B,N,N,A,1,1,0,0,21950.0,2,37.92773998,-122.04118988,4
2015,2015-12-09,956,12,4,9,3,Y,B,N,B,H,A,A,01,,12,D,,,,,C,N,N,A,1,0,0,0,21453.0,2,37.97751997,-122.01869999,4
2015,2015-12-08,726,12,4,7,2,Y,A,N,A,H,A,A,08,,10,G,Y,,,,B,N,N,A,1,1,0,0,21950.0,2,37.96795988,-122.00230995,4
2015,2015-12-07,2032,12,4,20,1,Y,A,N,A,H,C,A,01,,12,D,,,,,C,Y,N,A,2,0,0,0,21453.0,2,37.97621995,-122.03222993,3
2015,2015-12-02,1652,12,4,16,3,N,A,N,A,H,B,C,03,E,08,E,,,Y,,I,Y,N,A,1,0,0,1,22107.0,1,37.90678652,-122.05851043,4
2015,2015-12-10,1650,12,4,16,4,N,C,N,B,G,B,A,01,S,17,G,Y,,,,B,N,N,D,1,1,0,0,21100.0,2,37.92094041,-122.07366435,4
2015,2015-12-08,1417,12,4,14,2,N,A,N,A,H,A,-,,N,09,D,,,,,C,Y,N,D,2,0,0,0,21801.0,2,37.95548331,-122.04027491,4
2015,2015-12-08,1022,12,4,10,2,N,B,N,B,H,A,A,01,S,07,D,,,,,C,N,N,A,1,0,0,0,21658.0,2,37.96937552,-122.0469082,4
2015,2015-12-05,1900,12,4,19,6,N,A,N,A,H,C,A,01,W,07,C,,,,Y,C,N,N,A,2,0,0,0,21658.0,2,38.01247939,-121.89231511,4
2015,2015-11-21,2307,11,3,23,6,Y,A,N,A,H,C,F,21,,10,G,Y,,,Y,B,N,F,A,1,1,0,0,21950.0,2,38.02823997,-121.88645993,3
2015,2015-12-04,912,12,4,9,5,Y,A,N,B,H,A,D,22,,10,G,Y,,,,B,N,N,A,1,1,0,0,21950.0,2,38.01553993,-121.96587997,4
2015,2015-12-02,1841,12,4,18,3,N,B,Y,B,H,C,A,01,N,03,C,,,,,C,N,N,A,1,0,0,0,22350.0,2,38.01760569,-121.89256036,4
2015,2015-12-04,738,12,4,7,5,N,A,N,A,H,A,A,01,N,08,C,,,,,E,Y,N,A,1,0,0,0,22107.0,2,38.00360405,-121.87945959,4
2015,2015-12-10,1458,12,4,14,4,N,B,N,A,H,A,-,- ,W,18,E,,,,,I,Y,N,A,1,0,0,0,,1,37.9981,-121.89362737,2
2015,2015-12-14,1719,12,4,17,1,Y,A,N,A,H,C,A,01,,09,D,,,,,D,Y,N,A,2,0,0,0,21802.0,2,37.92596991,-122.01332987,4
2015,2015-11-21,2028,11,3,20,6,N,A,N,A,H,C,A,01,N,03,E,,,,,I,Y,N,D,1,0,0,0,22350.0,1,37.98327319,-122.27850532,3
2015,2015-12-20,2241,12,4,22,7,N,C,N,B,H,C,-,- ,W,00,E,,,,,I,Y,N,A,1,0,0,0,,1,37.95041166,-122.04748442,2
2015,2015-12-19,1405,12,4,14,6,Y,A,N,A,H,A,A,01,,17,A,,,,,C,Y,N,A,4,0,0,0,21451.0,3,37.97531989,-122.04363996,2
2015,2015-12-16,1717,12,4,17,3,N,A,N,A,H,C,A,01,S,08,C,,,,,C,Y,N,A,1,0,0,0,22100.0,2,37.98150622,-122.03105037,4
2015,2015-12-14,703,12,4,7,1,Y,A,N,A,H,B,A,01,,08,E,,,,,I,Y,N,A,1,0,0,0,22101.0,1,37.95209989,-121.95751992,4
2015,2015-12-15,2022,12,4,20,2,N,A,N,A,H,C,A,07,W,08,E,,,,,I,Y,N,D,1,0,0,0,22107.0,1,37.96142805,-121.98351213,4
2015,2015-12-01,645,12,4,6,2,N,A,N,A,H,A,A,01,E,08,E,,,,,I,Y,N,D,1,0,0,0,22107.0,1,37.92936328,-121.92293219,3
2015,2015-12-05,2200,12,4,22,6,Y,A,N,A,H,C,I,11,,09,D,,,,,D,Y,N,D,1,0,0,0,21801.0,2,37.89358996,-122.05401988,4
2015,2015-11-07,1913,11,3,19,6,N,A,N,A,H,C,A,01,S,03,C,,,,,C,Y,N,A,1,0,0,0,22350.0,2,37.99021,-121.78468,4
2015,2015-09-16,2107,9,3,21,3,N,C,N,B,H,C,A,01,E,03,E,,,,,I,Y,N,A,1,0,0,0,22350.0,1,37.99823642,-121.84161597,2
2015,2015-10-02,1930,10,3,19,5,Y,A,N,A,H,C,N,60,,11,A,Y,,,,B,N,N,A,1,1,0,0,21456.0,2,37.99558989,-121.80723999,3
2015,2015-12-22,941,12,4,9,2,N,A,N,A,H,A,A,07,N,09,D,,,,,C,Y,N,A,1,0,0,0,21801.0,2,37.92450151,-122.06321208,4
2015,2015-12-18,735,12,4,7,5,Y,A,N,A,H,A,L,04,,05,D,,Y,,,G,N,N,D,1,0,1,0,21650.0,2,37.93674989,-122.04930993,3
2015,2015-12-11,1429,12,4,14,5,Y,A,N,A,H,A,A,01,,09,D,,,,,C,Y,N,A,1,0,0,0,21801.0,2,37.90618999,-122.06431987,4
2015,2015-12-12,1758,12,4,17,6,Y,A,N,A,H,C,-,- ,,10,G,Y,,,,B,N,N,A,1,1,0,0,21950.0,2,37.86995991,-122.07555987,4
2015,2015-07-22,1815,7,2,18,3,N,A,N,A,H,A,A,01,W,08,B,,,,,C,N,N,A,1,0,0,0,22107.0,2,37.97689353,-121.80265349,4
2015,2015-10-28,1318,10,3,13,3,N,A,N,A,H,A,C,02,W,03,A,,,Y,Y,C,N,N,D,1,0,0,1,22350.0,2,37.89953,-122.2105,3
2015,2015-12-25,1400,12,4,14,5,Y,A,N,A,H,A,L,04,,12,D,,Y,,,G,N,N,A,1,0,1,0,21453.0,2,37.97687999,-122.03599995,4
2015,2015-12-23,2005,12,4,20,3,N,A,N,A,H,C,A,07,N,08,B,,,,,C,N,N,D,1,0,0,0,22107.0,2,37.97011302,-122.03761288,4
2015,2015-12-23,1204,12,4,12,3,N,A,N,A,H,A,A,01,,03,C,,,,,-,N,N,A,1,0,0,0,22350.0,2,37.95947994,-121.99640986,4
2015,2015-12-21,2308,12,4,23,1,Y,C,Y,B,H,C,A,01,,01,E,,,,,I,Y,N,A,1,0,0,0,23152.0,1,37.98579841,-122.04100714,3
2015,2015-12-21,1950,12,4,19,1,Y,A,N,A,H,C,A,01,,12,D,,,,,C,Y,N,A,1,0,0,0,21453.0,2,37.97425995,-122.03377989,4
2015,2015-12-21,1230,12,4,12,1,N,C,N,B,H,A,A,01,W,03,C,,,,,C,Y,N,A,2,0,0,0,22350.0,2,37.97593791,-122.06125113,4
2015,2015-12-09,850,12,4,8,3,Y,A,N,A,H,A,D,22,,09,D,,,,,C,Y,N,A,1,0,0,0,21802.0,2,37.97946996,-122.02620994,4
2015,2015-12-29,925,12,4,9,2,Y,A,N,A,H,A,A,07,,03,C,,,,,C,N,N,D,1,0,0,0,22350.0,2,37.86487999,-122.17402996,4
2015,2015-12-25,755,12,4,7,5,Y,A,N,A,H,A,-,- ,,00,D,,,,,C,Y,N,A,1,0,0,0,,2,37.97857993,-122.02959993,4
2015,2015-09-04,1503,9,3,15,5,Y,A,N,A,H,A,N,60,,11,G,Y,,,,B,N,N,D,1,1,0,0,21954.0,2,38.00432996,-121.82218986,4
2015,2015-09-03,1730,9,3,17,4,Y,A,N,A,H,A,A,01,,12,G,,Y,,,G,N,M,A,1,0,1,0,22450.0,2,38.013327,-121.810032,3
2015,2015-11-18,735,11,3,7,3,N,A,N,A,H,A,A,01,E,03,E,,,,,I,Y,N,D,1,0,0,0,22350.0,1,37.83543671,-121.97686733,4
2015,2015-11-23,854,11,3,8,1,N,A,N,A,H,A,A,08,N,04,C,,,,,C,Y,N,D,1,0,0,0,21703.0,2,37.84547825,-122.1503108,4
2015,2015-09-23,1335,9,3,13,3,Y,A,N,A,D,A,D,22,,12,A,,,,,C,Y,N,A,3,0,0,0,21453.0,2,37.99634994,-121.78543994,3
2015,2015-06-01,850,6,2,8,1,Y,A,N,A,H,A,D,22,,10,G,Y,,,,B,N,N,A,1,1,0,0,21950.0,2,38.0012699,-121.83811992,4
2015,2015-11-05,1330,11,3,13,4,N,A,N,A,H,A,A,01,S,08,D,,,,,C,Y,N,D,2,0,0,0,22107.0,3,37.99424724,-122.28569821,3
2015,2015-11-25,1347,11,3,13,3,Y,A,N,A,H,A,A,01,,08,B,,,,,C,N,N,D,1,0,0,0,22107.0,2,37.98994998,-122.29899999,4
2015,2015-12-21,2302,12,4,23,1,N,C,N,B,H,C,F,27,E,08,B,,,,Y,C,Y,N,A,2,0,0,0,22107.0,2,38.01229,-121.86609,4
2015,2015-12-17,1645,12,4,16,4,N,A,N,A,H,B,D,22,E,08,E,,,,,I,Y,N,A,1,0,0,0,22107.0,1,38.01169202,-121.86500748,4
2015,2015-12-16,1545,12,4,15,3,N,A,N,A,H,A,D,22,W,04,C,,,,,C,N,N,A,1,0,0,0,21703.0,2,38.01887531,-121.87120825,4
2015,2015-11-27,1419,11,3,14,5,Y,A,N,A,H,A,E,22,,12,D,,,,,C,N,M,A,1,0,0,0,21453.0,2,37.98695997,-121.78579995,4
2016,2016-01-02,1523,1,4,15,6,Y,A,N,A,H,A,A,01,,12,D,,,,,C,N,N,A,2,0,0,0,22450.0,2,37.95798993,-122.34418996,4
2016,2016-01-02,1720,1,4,17,6,Y,A,N,A,-,C,A,01,,09,D,,,,,C,Y,N,A,2,0,0,0,21802.0,2,37.97276995,-122.34624986,4
2015,2015-12-21,1722,12,4,17,1,Y,C,N,B,H,C,A,07,,09,D,,,,,C,Y,N,A,2,0,0,0,21801.0,2,37.92632997,-122.07353998,4
2015,2015-12-18,1914,12,4,19,5,Y,C,N,B,H,C,A,01,,10,G,Y,,,,B,N,N,A,1,1,0,0,21950.0,2,37.89733992,-122.06000988,4
2015,2015-12-24,649,12,4,6,4,Y,B,N,B,H,C,A,01,,08,A,,,,,C,Y,N,A,2,0,0,0,22100.0,2,37.95324998,-122.33359996,3
2015,2015-12-23,1951,12,4,19,3,N,A,N,A,H,C,A,01,S,03,C,,,,,C,Y,N,A,3,0,0,0,22350.0,2,37.95672974,-122.33491135,4
2015,2015-12-29,936,12,4,9,2,N,A,N,A,H,A,C,02,W,08,E,,,Y,,I,N,N,D,1,0,0,1,22107.0,1,37.96559991,-122.33905987,3
2015,2015-11-12,859,11,3,8,4,N,A,N,A,H,A,A,01,N,03,C,,,,,C,N,N,D,2,0,0,0,22350.0,3,37.89743486,-122.20820485,4
2015,2015-12-18,1650,12,4,16,5,N,A,N,A,H,C,A,01,S,17,H,,Y,,,G,N,F,D,1,0,1,0,22517.0,2,37.95413059,-122.35695253,3
2015,2015-12-17,1805,12,4,18,4,N,-,N,-,-,-,A,01,E,09,D,,,,,C,N,N,D,1,0,0,0,21804.0,2,37.96293888,-122.33051605,3
2015,2015-12-12,1239,12,4,12,6,N,A,N,B,-,-,A,01,N,04,C,,,,,C,N,F,D,3,0,0,0,21703.0,2,37.95645073,-122.34239459,4
2015,2015-12-03,2042,12,4,20,4,N,A,N,A,H,C,A,01,S,09,-,,Y,,,G,N,N,D,1,0,1,0,21801.0,3,37.9613477,-122.34594019,3
2015,2015-09-26,1130,9,3,11,6,Y,A,Y,A,H,A,A,07,,12,D,,,,,C,N,N,A,1,0,0,0,21453.0,2,38.00385218,-121.83771903,4
2015,2015-12-21,1120,12,4,11,1,Y,C,N,B,H,A,A,01,,12,D,Y,,,,B,Y,N,A,1,1,0,0,21453.0,4,37.97513999,-122.03448,4
2015,2015-12-31,1235,12,4,12,4,N,A,N,A,H,A,L,04,E,09,D,,Y,,,G,N,N,D,1,0,1,0,21804.0,2,,,4
2015,2015-12-29,1930,12,4,19,2,N,A,N,A,H,D,L,04,,05,H,,Y,,,G,N,N,D,1,0,1,0,21650.0,2,37.95466003,-122.0414418,4
2015,2015-12-30,1351,12,4,13,3,N,B,N,A,H,A,A,01,S,08,E,,,,,I,Y,N,A,1,0,0,0,22107.0,1,37.97062735,-122.04295804,4
2015,2015-12-13,1055,12,4,10,7,Y,A,N,-,-,-,-,- ,,00,-,,,,,C,N,N,-,1,0,0,0,,2,37.97621995,-122.03222993,4
2015,2015-11-06,1907,11,3,19,5,Y,A,N,A,H,C,C,02,,08,D,,,Y,,C,Y,N,A,1,0,0,1,22101.0,2,38.01118996,-121.8196799,2
2015,2015-11-19,1754,11,3,17,4,Y,A,N,A,H,C,A,01,,09,A,,,,,C,Y,N,A,3,0,0,0,21801.0,2,37.98083998,-121.78430996,4
2015,2015-10-08,209,10,3,2,4,Y,A,N,A,H,C,A,01,,03,E,,,,,I,Y,N,A,1,0,0,0,22350.0,1,38.01220997,-121.80612991,4
2015,2015-11-21,118,11,3,1,6,Y,A,N,A,H,C,E,22,,00,A,,,,,I,Y,N,D,1,0,0,0,22170.0,1,37.96002997,-122.09431987,3
2015,2015-12-05,1259,12,4,12,6,Y,A,N,A,H,A,A,01,,03,C,,,,,C,Y,N,A,1,0,0,0,22350.0,2,38.02476998,-121.89376987,2
2015,2015-12-23,1601,12,4,16,3,Y,A,N,A,H,A,-,,,09,D,,,,,C,Y,N,A,1,0,0,0,21801.0,2,38.01987992,-121.88112991,3
2015,2015-12-20,1351,12,4,13,7,N,A,N,A,H,A,A,07,E,03,E,,,,,J,Y,N,A,1,0,0,0,22350.0,1,37.9981,-121.89639239,4
2015,2015-12-28,1042,12,4,10,1,Y,A,N,A,H,A,A,07,,08,G,Y,,,,B,N,N,A,2,2,0,0,22107.0,3,38.01245995,-121.94481997,4
2015,2015-12-10,2312,12,4,23,4,N,C,N,B,H,C,N,60,S,11,G,Y,,,,B,N,N,A,1,1,0,0,21954.0,2,38.03022937,-121.88425359,2
2015,2015-12-09,1511,12,4,15,3,Y,A,N,A,H,A,A,07,,09,D,,,,,C,Y,N,A,3,0,0,0,21802.0,2,37.98314997,-121.82879989,2
2015,2015-08-09,1101,8,2,11,7,Y,A,N,A,G,A,-,- ,,- ,H,,Y,,,-,N,N,D,1,0,1,0,,1,38.02519994,-122.11793991,2
2015,2015-06-02,2059,6,2,20,2,N,A,N,A,H,C,A,01,N,10,G,Y,,,,B,Y,N,A,1,1,0,0,21950.0,2,37.99455007,-121.83898446,2
2016,2016-01-04,1647,1,4,16,1,Y,B,N,A,H,B,D,22,,04,C,,,,,C,N,N,A,1,0,0,0,21703.0,2,37.92405994,-122.02662997,4
2015,2015-12-29,1736,12,4,17,2,N,-,N,-,-,-,D,22,S,03,-,,,,,-,Y,F,-,1,0,0,0,22350.0,2,37.89756157,-122.05772928,4