ACCIDENT_YEAR,COLLISION_DATE,COLLISION_TIME,MONTH,SEASON,24HOURS,DAY_OF_WEEK,INTERSECTION,WEATHER_1,STATE_HWY_IND,ROAD_SURFACE,ROAD_COND_1,LIGHTING,STWD_VEHTYPE_AT_FAULT,CHP_VEHTYPE_AT_FAULT,DIRECTION,PCF_VIOL_CATEGORY,TYPE_OF_COLLISION,PEDESTRIAN_ACCIDENT,BICYCLE_ACCIDENT,MOTORCYCLE_ACCIDENT,TRUCK_ACCIDENT,MVIW,TOW_AWAY,HIT_AND_RUN,CONTROL_DEVICE,NUMBER_INJURED,COUNT_PED_INJURED,COUNT_BICYCLIST_INJURED,COUNT_MC_INJURED,PCF_VIOLATION,PARTY_COUNT,POINT_Y,POINT_X,COLLISION_SEVERITY
2015,2015-12-29,1102,12,4,11,2,N,A,N,A,H,A,A,01,E,03,C,,,,,C,N,N,A,4,0,0,0,22350.0,3,37.92643,-122.06169485,3
2015,2015-12-29,1117,12,4,11,2,Y,A,Y,A,H,A,D,22,,07,E,,,,,I,N,M,D,1,0,0,0,21658.0,2,37.89623952,-122.07088395,4
2015,2015-12-23,1024,12,4,10,3,Y,A,N,A,H,A,A,01,,09,D,,,,,C,Y,N,A,1,0,0,0,21801.0,2,37.90065992,-122.06028997,3
2015,2015-12-21,1735,12,4,17,1,Y,B,N,B,H,A,A,01,,10,G,Y,,,,B,N,F,A,1,1,0,0,21950.0,2,37.92638995,-122.06255989,4
2015,2015-12-29,1039,12,4,10,2,N,A,N,A,H,A,A,01,W,08,C,,,,,C,Y,N,D,1,0,0,0,22107.0,2,37.87685201,-122.08233118,3
2015,2015-12-21,1614,12,4,16,1,N,B,N,B,H,A,A,07,E,08,H,,Y,,,J,N,N,-,1,0,1,0,22107.0,2,37.89305862,-122.05813049,4
2015,2015-12-11,1925,12,4,19,5,Y,A,N,A,H,C,A,01,,10,G,Y,,,,B,N,N,D,2,2,0,0,21950.0,3,37.9143,-122.01213985,2
2015,2015-12-12,945,12,4,9,6,Y,A,N,A,H,A,L,04,,05,D,,Y,,,G,N,N,D,1,0,1,0,21650.0,2,37.92700724,-122.06224412,3
2015,2015-12-12,1048,12,4,10,6,Y,A,N,A,H,A,A,07,,12,D,,,,,C,Y,N,A,2,0,0,0,21453.0,2,37.92455998,-122.02364995,4
2016,2016-01-05,1032,1,4,10,2,N,B,N,B,H,A,A,01,E,21,C,,,,,C,N,N,A,1,0,0,0,22106.0,2,37.9277133,-122.01424412,4
2016,2016-01-05,1532,1,4,15,2,Y,B,N,B,H,A,A,07,,09,D,,,,,C,N,N,A,1,0,0,0,21804.0,2,37.91401992,-122.03305992,4
2016,2016-01-01,1638,1,4,16,5,N,A,N,A,H,A,A,01,E,08,E,,,,,I,Y,N,A,1,0,0,0,22107.0,1,37.9512945,-121.95573538,3
2015,2015-12-18,1145,12,4,11,5,-,A,N,A,H,A,A,01,,03,C,,,,,C,N,N,A,1,0,0,0,22350.0,2,37.95830464,-122.09280252,4
2015,2015-12-20,131,12,4,1,7,N,A,N,A,H,C,A,01,N,01,C,,,,,C,Y,N,D,1,0,0,0,23152.0,2,38.01319442,-122.13509807,4
2015,2015-12-03,1938,12,4,19,4,N,A,N,A,H,C,-,,W,00,H,,,,,E,N,N,D,1,0,0,0,26453.0,2,37.9497207,-122.0880599,2
2015,2015-12-13,1535,12,4,15,7,N,B,N,A,H,A,-,,S,03,C,,,,,C,N,N,D,1,0,0,0,22350.0,4,37.97344194,-122.06415112,4
2015,2015-12-27,1033,12,4,10,7,Y,A,N,A,H,C,A,01,,01,A,,,,,J,Y,N,D,3,0,0,0,23152.0,1,37.96571998,-121.81188998,2
2015,2015-12-13,944,12,4,9,7,Y,C,N,B,H,A,-,- ,,00,D,,,,,C,Y,N,A,1,0,0,0,,2,37.97158998,-122.06368997,4
2015,2015-12-09,506,12,4,5,3,Y,B,N,A,H,C,-,,,12,D,,,,,C,N,N,A,2,0,0,0,21453.0,2,37.94529996,-122.05540995,4
2015,2015-12-09,1346,12,4,13,3,N,A,N,A,H,A,-,,N,03,C,,,,,C,Y,N,D,1,0,0,0,22350.0,4,37.97700511,-122.06556181,4
2015,2015-12-09,1741,12,4,17,3,Y,B,N,A,H,D,-,,,09,D,,Y,,,G,N,N,D,1,0,1,0,21801.0,2,37.9337299,-122.07597999,4
2015,2015-12-14,1005,12,4,10,1,Y,A,N,A,H,A,-,,,10,G,Y,,,,B,N,N,A,1,1,0,0,21950.0,2,37.94683991,-122.06039986,3
2015,2015-12-05,615,12,4,6,6,Y,B,Y,A,H,C,-,- ,,00,A,,,,,C,Y,N,A,1,0,0,0,,2,37.9479477,-122.05690795,4
2015,2015-12-05,2029,12,4,20,6,N,A,N,A,H,C,-,,W,03,E,,,,,I,Y,N,D,1,0,0,0,22350.0,1,37.95094,-122.08985,4
2015,2015-12-04,1415,12,4,14,5,Y,A,N,A,H,A,A,01,,17,C,,,,,C,N,N,D,1,0,0,0,22109.0,2,37.98515998,-121.80428997,4
2015,2015-12-11,1751,12,4,17,5,N,A,N,A,H,A,A,01,E,08,D,,,,,C,Y,N,D,2,0,0,0,22107.0,2,38.00489,-121.80468671,3
2015,2015-12-11,1538,12,4,15,5,Y,A,N,A,H,A,A,01,,04,C,,,,,C,N,N,A,1,0,0,0,21703.0,2,38.00550998,-121.8197899,4
2015,2015-12-19,1424,12,4,14,6,N,A,N,A,H,A,-,,W,10,G,Y,,,,B,N,N,A,1,1,0,0,21950.0,2,37.97637936,-122.07539719,4
2015,2015-12-30,1556,12,4,15,3,N,B,N,A,H,A,A,01,N,22,C,,,,,C,Y,N,A,5,0,0,0,,2,37.89506913,-122.06574103,3
2016,2016-01-08,1733,1,4,17,5,N,A,N,A,H,C,A,08,E,09,D,,,,,C,Y,N,A,2,0,0,0,21801.0,2,37.91858427,-122.0383017,4
2015,2015-09-12,1416,9,3,14,6,N,A,N,A,H,A,-,- ,W,00,C,,,,,C,N,F,D,3,0,0,0,,2,38.00429097,-121.85301325,3
2015,2015-09-03,22,9,3,0,4,N,A,N,A,H,C,-,,W,01,E,,,,,I,Y,N,A,1,0,0,0,23152.0,1,37.96164,-121.75148815,3
2015,2015-09-24,913,9,3,9,4,Y,A,N,A,H,A,A,01,,09,D,,,,,C,N,N,A,2,0,0,0,21801.0,2,37.99174996,-121.80763997,4
2015,2015-09-22,1348,9,3,13,2,N,A,N,A,H,A,A,01,S,03,A,,,,,I,Y,N,A,2,0,0,0,22350.0,1,37.97189077,-121.76256046,2
2015,2015-09-26,2220,9,3,22,6,Y,A,N,A,H,C,A,01,,12,D,,,,,C,Y,N,A,1,0,0,0,21453.0,2,38.00415,-121.78753986,4
2015,2015-09-18,1549,9,3,15,5,N,A,N,A,H,A,A,01,E,09,B,,,,,C,N,N,D,1,0,0,0,21804.0,2,37.98689976,-121.78011166,4
2016,2016-01-01,58,1,4,0,5,N,B,N,A,H,C,A,01,W,01,B,,,,,E,Y,F,D,1,0,0,0,23152.0,2,37.77001832,-121.99542938,3
2015,2015-12-18,1516,12,4,15,5,N,A,N,A,H,A,A,01,S,09,D,,,,,C,Y,N,D,1,0,0,0,21804.0,2,37.99429095,-122.28570413,4
2015,2015-12-18,1950,12,4,19,5,Y,B,N,B,H,E,A,01,,09,D,,,,,C,Y,N,B,2,0,0,0,21800.0,2,37.92558989,-121.69059986,3
2015,2015-06-07,324,6,2,3,7,N,A,N,A,H,C,A,01,N,01,A,,,,,E,Y,M,D,1,0,0,0,23152.0,2,37.98052282,-121.81422196,3
2015,2015-08-15,1501,8,2,15,6,N,A,N,A,H,A,-,,W,03,E,,,,,I,Y,N,D,1,0,0,0,22350.0,1,37.99340693,-121.82540435,3
2015,2015-12-31,1301,12,4,13,4,N,A,N,A,H,A,A,01,S,03,C,,,,Y,C,N,N,D,1,0,0,0,22350.0,3,37.97067218,-122.03228365,4
2015,2015-11-28,1540,11,3,15,6,N,A,N,A,H,A,N,60,N,11,G,Y,,,,B,N,N,D,1,1,0,0,21955.0,2,37.94078974,-121.69622,3
2016,2016-01-07,1820,1,4,18,4,N,A,N,A,H,D,D,22,N,05,B,,,,,C,Y,N,D,5,0,0,0,21460.0,6,37.98376185,-121.95260092,3
2015,2015-11-28,1826,11,3,18,6,Y,A,N,A,H,C,-,- ,,09,D,,,,,C,N,N,A,1,0,0,0,21453.0,2,37.93268995,-121.71450998,4
2015,2015-12-15,742,12,4,7,2,N,A,N,A,H,A,A,01,W,03,C,,,,,C,N,N,A,1,0,0,0,22350.0,2,37.92541,-121.72412942,4
2015,2015-05-23,2058,5,1,20,6,N,A,N,A,H,C,A,01,E,01,C,,,,,E,Y,N,D,1,0,0,0,23152.0,2,37.95606368,-121.76729823,3
2015,2015-12-18,1206,12,4,12,5,N,A,N,A,H,C,A,01,W,08,E,,,,,I,Y,N,D,1,0,0,0,22107.0,1,37.92556636,-121.70141367,4
2015,2015-12-11,1632,12,4,16,5,N,A,N,A,H,A,A,01,W,03,C,,,,,C,N,N,A,2,0,0,0,22350.0,2,37.92558267,-121.69092235,4
2015,2015-12-18,1907,12,4,19,5,N,B,N,B,H,C,A,01,S,01,A,,,,,C,Y,N,D,1,0,0,0,23152.0,2,37.91830029,-121.68413123,4
2015,2015-11-10,1344,11,3,13,2,N,A,N,A,H,A,A,01,W,03,C,,,,,C,Y,N,A,2,0,0,0,22350.0,4,,,4
2015,2015-12-02,1403,12,4,14,3,N,B,N,A,H,A,B,01,W,03,C,,,,,C,N,N,A,2,0,0,0,22350.0,3,37.96157,-121.72679811,4
2015,2015-12-13,1811,12,4,18,7,N,G,N,A,H,C,A,01,E,10,G,Y,,,,B,N,N,A,1,1,0,0,21950.0,2,37.92541,-121.72374452,4
2015,2015-12-03,1328,12,4,13,4,N,C,N,B,H,A,A,01,N,12,D,,,,,C,Y,N,A,1,0,0,0,22450.0,2,37.93751854,-121.70014738,4
2016,2016-01-07,2144,1,4,21,4,N,A,N,A,H,C,A,01,E,08,B,,,,,E,Y,N,D,2,0,0,0,22107.0,2,37.94974913,-121.9985066,3
2016,2016-01-07,1538,1,4,15,4,N,A,N,A,H,A,L,04,,03,H,,Y,,,G,N,N,D,1,0,1,0,22350.0,1,37.99680995,-122.0369399,3
2016,2016-01-06,1916,1,4,19,3,Y,B,N,B,H,C,A,01,,09,A,,,,,C,Y,N,A,1,0,0,0,21801.0,2,37.97143996,-122.05586989,4
2015,2015-12-30,1538,12,4,15,3,N,B,N,B,H,A,-,,W,03,C,,,,,C,Y,N,A,1,0,0,0,22350.0,2,37.94797905,-122.06430365,4
2015,2015-12-21,1849,12,4,18,1,Y,C,N,B,H,C,-,,,10,G,Y,,,,B,N,N,A,1,1,0,0,21950.0,2,37.96709998,-122.06277991,3
2015,2015-12-22,1847,12,4,18,2,Y,A,N,A,H,C,-,,,10,G,Y,,,,B,N,N,A,1,1,0,0,21950.0,2,37.94529996,-122.05540995,4
2015,2015-10-31,204,10,3,2,6,Y,A,N,A,H,C,A,01,,01,D,,,,,C,Y,M,A,1,0,0,0,23152.0,2,37.98345994,-121.79016989,4
2016,2016-01-18,1820,1,4,18,1,N,A,N,A,H,C,A,01,W,07,B,,,,,C,N,N,D,1,0,0,0,21658.0,2,37.95189529,-122.04536387,4
2016,2016-01-16,857,1,4,8,6,N,C,N,B,H,A,J,48,E,03,C,,,,,C,N,N,A,1,0,0,0,22350.0,2,37.94759929,-121.96355473,4
2015,2015-05-03,820,5,1,8,7,N,A,N,A,H,A,A,01,W,03,C,,,,,C,Y,N,D,1,0,0,0,22350.0,3,37.99884458,-121.835935,4
2015,2015-11-29,145,11,3,1,7,N,A,N,A,H,C,J,48,S,13,H,,,,,J,N,N,D,1,0,0,0,22515.0,1,37.92643674,-121.71449761,4
2015,2015-12-31,1232,12,4,12,4,N,A,N,A,H,A,-,,N,03,-,,,,,C,N,N,A,1,0,0,0,22350.0,2,37.98334,-122.01552,4
2015,2015-11-26,1048,11,3,10,4,N,A,N,A,H,C,A,01,N,04,C,,,,,C,Y,N,A,1,0,0,0,21703.0,2,37.99774427,-121.80608,4
2015,2015-12-12,1925,12,4,19,6,Y,A,N,A,H,C,-,,,12,D,,,,,C,Y,N,A,1,0,0,0,21453.0,2,37.95017992,-122.06025995,4
2015,2015-12-20,1647,12,4,16,7,Y,C,N,B,H,C,-,,,10,G,Y,,,,B,N,N,A,1,1,0,0,21950.0,2,37.96709998,-122.06277991,4
2015,2015-12-30,1350,12,4,13,3,Y,B,N,A,H,A,A,07,,06,B,,,,,C,N,N,A,1,0,0,0,21754.0,2,37.96173994,-121.73703986,4
2015,2015-12-29,2102,12,4,21,2,N,A,N,A,H,C,N,60,S,11,G,Y,,,,B,N,N,D,1,1,0,0,21954.0,2,37.99496244,-121.8475792,3
2015,2015-12-29,158,12,4,1,2,N,A,N,A,H,C,A,01,S,08,E,,,,,I,Y,N,D,1,0,0,0,22107.0,1,37.99363907,-121.84911428,4
2016,2016-01-19,1123,1,4,11,2,N,A,N,A,H,A,D,22,N,09,-,,,,,C,N,N,A,1,0,0,0,21804.0,2,38.01363142,-121.89067072,4
2015,2015-10-15,1028,10,3,10,4,Y,A,N,A,H,A,A,01,,09,D,,,,,C,N,N,A,1,0,0,0,21802.0,2,37.98515998,-121.80428997,2
2016,2016-01-02,1735,1,4,17,6,N,C,N,B,H,C,D,22,E,07,E,,,,,I,Y,N,D,1,0,0,0,21658.0,1,37.96153728,-121.98381252,4
2016,2016-01-15,1638,1,4,16,5,N,A,N,A,H,A,D,22,E,03,C,,,,,C,N,N,D,3,0,0,0,22350.0,2,37.94768285,-121.98925678,4
2016,2016-01-10,1510,1,4,15,7,Y,A,N,A,H,A,A,07,,09,D,,,,,C,Y,N,A,2,0,0,0,21801.0,2,38.02944998,-121.89356992,3
2016,2016-01-14,2116,1,4,21,4,N,A,N,A,H,C,A,08,W,03,C,,,,,C,Y,N,A,1,0,0,0,22350.0,2,38.02469372,-121.8929214,4
2016,2016-01-16,2313,1,4,23,6,Y,C,N,B,H,C,A,01,,12,D,,,,,C,Y,M,A,2,0,0,0,21453.0,2,38.0076399,-121.85558987,4
2016,2016-01-19,1715,1,4,17,2,N,A,N,A,H,B,A,01,W,01,C,,,,,E,Y,M,D,1,0,0,0,23152.0,3,38.0294463,-121.89206435,3
2016,2016-01-14,644,1,4,6,4,N,B,N,A,H,C,A,01,E,08,E,,,,,I,Y,N,A,1,0,0,0,22107.0,1,37.99800552,-121.88859237,4
2016,2016-01-17,2108,1,4,21,7,Y,C,N,B,H,C,A,01,,09,D,,,,,C,Y,N,A,1,0,0,0,21453.0,2,38.01532992,-121.9419199,4
2016,2016-01-19,751,1,4,7,2,N,C,N,B,H,A,-,,E,03,C,,,,,C,Y,N,A,1,0,0,0,22350.0,2,38.01866682,-121.87055916,4
2016,2016-01-03,1219,1,4,12,7,Y,A,N,A,H,A,A,01,,08,B,,,,,C,N,N,A,1,0,0,0,22107.0,2,38.01746995,-121.88917995,4
2015,2015-12-12,637,12,4,6,6,N,A,N,A,H,C,A,01,S,10,G,Y,,,,B,N,N,A,1,1,0,0,21950.0,2,38.00810244,-121.87098325,4
2015,2015-10-01,1250,10,3,12,4,Y,A,N,A,H,A,A,01,,08,D,,,,,C,Y,N,A,1,0,0,0,22107.0,2,37.98035995,-121.77273999,4
2015,2015-06-22,1911,6,2,19,1,Y,A,N,A,H,A,N,60,,12,G,Y,,,,B,N,N,D,1,1,0,0,22450.0,2,38.01404999,-121.81843996,4
2016,2016-01-17,957,1,4,9,7,N,B,N,B,H,A,A,08,N,03,E,,,,,I,Y,N,D,2,0,0,0,22350.0,1,37.93974047,-121.92650717,3
2016,2016-01-11,1448,1,4,14,1,N,A,N,A,H,A,A,01,W,03,C,,,,,C,N,N,A,2,0,0,0,22350.0,4,37.95246208,-122.04455235,4
2016,2016-01-12,1830,1,4,18,2,Y,B,N,A,H,C,A,01,,12,D,,,,,C,Y,N,A,1,0,0,0,21453.0,3,37.9576899,-122.03710995,4
2015,2015-12-07,1515,12,4,15,1,N,A,N,A,H,A,A,01,W,09,D,,,,,-,Y,N,D,2,0,0,0,21804.0,2,37.95973298,-122.03474264,3
2016,2016-01-14,2120,1,4,21,4,N,B,N,A,H,C,A,01,S,03,C,,,,,D,N,N,A,1,0,0,0,22350.0,2,38.00435577,-122.02410274,4
2016,2016-01-14,800,1,4,8,4,Y,B,N,A,H,A,D,22,,03,C,,,,,C,N,M,A,1,0,0,0,22350.0,2,,,4
2016,2016-01-20,858,1,4,8,3,N,A,N,B,H,A,A,01,W,03,C,,,,,C,Y,N,D,2,0,0,0,22350.0,3,37.9288219,-122.04305551,4
2016,2016-01-21,1310,1,4,13,4,N,A,N,A,H,A,A,01,E,03,C,,,,,C,N,N,A,1,0,0,0,22350.0,2,37.92919306,-122.0424104,4
2016,2016-01-19,1240,1,4,12,2,N,C,N,B,H,A,-,99,S,03,C,,,,,C,N,N,A,1,0,0,0,22350.0,2,37.89014986,-122.05746577,4
2016,2016-01-19,755,1,4,7,2,N,C,N,B,H,A,A,01,S,09,D,,,,,C,N,N,D,1,0,0,0,21801.0,2,37.9280128,-122.06182186,4
2015,2015-12-22,2055,12,4,20,2,Y,A,N,B,H,C,A,01,,12,C,,,,,C,Y,N,A,1,0,0,0,22450.0,2,37.82038994,-122.12133994,4
2015,2015-12-10,1758,12,4,17,4,Y,A,N,A,H,C,A,01,,10,G,Y,,,,B,N,N,A,1,1,0,0,21950.0,3,37.90873086,-122.05864102,4
2015,2015-12-24,705,12,4,7,4,N,C,N,B,H,D,A,01,E,10,G,Y,,,,B,N,N,D,1,1,0,0,21954.0,2,37.91014122,-122.04471667,4
2014,2014-11-20,805,11,3,8,4,N,B,N,A,H,A,N,60,N,- ,G,Y,,,,B,N,M,D,1,1,0,0,,2,38.00146935,-121.81564,3
2014,2014-05-15,1132,5,1,11,4,N,A,N,A,H,A,N,60,,11,G,Y,,,,B,N,N,D,1,1,0,0,21954.0,2,,,3
2015,2015-12-21,1521,12,4,15,1,N,C,N,B,H,A,A,01,S,03,E,,,,,I,Y,N,B,1,0,0,0,22350.0,1,,,4
2015,2015-12-18,822,12,4,8,5,Y,A,N,A,H,A,A,07,,09,D,,,,,D,Y,N,A,1,0,0,0,21802.0,2,37.73934,-121.94939995,4
2015,2015-12-08,1427,12,4,14,2,N,A,N,A,H,A,A,07,W,03,C,,,,,C,N,N,A,1,0,0,0,22350.0,3,37.76541648,-121.95267514,4
2015,2015-12-08,815,12,4,8,2,N,B,N,A,H,A,A,01,E,03,C,,,,,C,N,N,A,2,0,0,0,22350.0,3,37.77455416,-121.98269888,4
2016,2016-01-07,1802,1,4,18,4,N,A,N,A,H,C,A,01,E,03,C,,,,,C,Y,N,A,1,0,0,0,22350.0,2,37.77875622,-121.97121341,4
2016,2016-01-14,1853,1,4,18,4,Y,A,N,A,H,B,A,01,,21,G,Y,,,,B,N,N,D,1,1,0,0,22106.0,2,37.89590393,-122.05821812,4
2015,2015-09-21,1243,9,3,12,1,Y,A,N,A,H,A,A,01,,09,D,,,,,C,N,N,A,3,0,0,0,21801.0,2,38.00356995,-121.81001986,4
2015,2015-03-10,1715,3,1,17,2,N,B,N,A,H,A,-,,S,09,D,,,,,C,Y,N,D,1,0,0,0,21804.0,2,,,4
2015,2015-11-24,1327,11,3,13,2,Y,A,N,A,H,A,A,01,,12,D,,,,,C,Y,N,A,1,0,0,0,21453.0,2,37.77861993,-121.97160988,4
2015,2015-11-26,1538,11,3,15,4,Y,A,N,A,H,A,N,60,,11,G,Y,,,,B,N,N,A,1,1,0,0,21456.0,2,37.75946999,-121.96814993,3
2015,2015-11-29,605,11,3,6,7,N,A,N,A,H,C,A,01,W,06,E,,,,,I,Y,N,D,1,0,0,0,21755.0,1,37.7246937,-121.93581063,4
2015,2015-10-26,1745,10,3,17,1,N,A,N,A,H,B,A,01,S,21,H,,Y,,,G,N,M,A,1,0,1,0,22106.0,2,38.02355042,-121.89803959,4
2016,2016-01-25,1653,1,4,16,1,N,A,N,A,H,A,L,04,N,05,G,,Y,,,G,N,N,A,1,0,1,0,21650.0,2,38.00395,-121.83728,4
2016,2016-01-22,2146,1,4,21,5,N,C,N,B,H,C,A,01,N,03,C,,,,,C,Y,N,A,2,0,0,0,22350.0,2,38.01545619,-121.92825797,2
2016,2016-01-09,1742,1,4,17,6,Y,A,N,A,H,C,A,07,,09,D,,,,,C,Y,N,A,1,0,0,0,21453.0,2,37.76313,-121.90394,4
2016,2016-01-24,2016,1,4,20,7,Y,A,N,A,H,C,A,01,,12,G,Y,,,,B,N,N,D,1,1,0,0,22450.0,2,37.97594997,-122.03790987,4
2016,2016-01-23,23,1,4,0,6,Y,B,N,B,H,C,A,01,,01,D,,,,,C,Y,N,A,4,0,0,0,23152.0,2,37.93872992,-122.02504996,3
2016,2016-01-22,1757,1,4,17,5,Y,B,N,B,H,B,A,07,,01,C,,,,,C,Y,N,D,1,0,0,0,23152.0,2,37.9735899,-122.02220998,4
2016,2016-01-20,2122,1,4,21,3,Y,A,Y,A,H,C,A,07,,12,D,,,,,C,N,N,A,1,0,0,0,21453.0,2,37.96775631,-122.05761525,4
2016,2016-01-20,1130,1,4,11,3,N,A,N,A,H,A,A,01,W,03,C,,,,,C,N,N,A,1,0,0,0,22350.0,2,37.97649486,-122.0601771,4
2015,2015-11-25,1749,11,3,17,3,N,A,N,A,H,C,A,01,E,03,C,,,,,C,N,N,A,1,0,0,0,22350.0,2,37.96932121,-121.78969496,4
2015,2015-11-15,1816,11,3,18,7,N,A,N,A,H,D,N,60,E,11,G,Y,,,,B,N,N,D,1,1,0,0,21955.0,2,38.0049,-121.78102,3
2015,2015-12-07,1842,12,4,18,1,Y,-,N,-,-,-,A,07,,09,-,,,,,-,Y,N,-,1,0,0,0,21801.0,2,38.01561991,-121.90263,4
2016,2016-01-07,1429,1,4,14,4,Y,A,N,A,H,A,A,07,,12,D,,,,,C,Y,N,A,1,0,0,0,21453.0,2,37.97425995,-122.03377989,3
2016,2016-01-15,2219,1,4,22,5,Y,C,N,B,H,C,A,01,,03,C,,,,Y,E,N,M,D,1,0,0,0,22350.0,2,37.9132235,-122.06554413,3
2015,2015-12-19,1744,12,4,17,6,N,A,N,A,H,B,-,- ,S,18,C,,,,,C,N,N,A,1,0,0,0,,3,37.95001519,-122.06025864,4
2016,2016-01-22,1151,1,4,11,5,N,B,N,B,H,A,A,01,E,03,C,,,,,C,N,N,D,1,0,0,0,22350.0,2,37.92188202,-122.03196115,4
2016,2016-01-23,2001,1,4,20,6,Y,-,N,-,H,C,A,07,,22,C,,,,,C,Y,N,D,1,0,0,0,,2,37.91021927,-122.05928206,4
2016,2016-01-16,2243,1,4,22,6,Y,C,N,B,H,C,C,02,,03,E,,,Y,,I,Y,N,D,1,0,0,1,22350.0,1,37.90923991,-122.05011989,2
2016,2016-01-15,1018,1,4,10,5,N,A,N,B,-,A,A,08,E,03,C,,,,,C,Y,N,A,1,0,0,0,22350.0,4,37.95403669,-122.33169104,4
2016,2016-01-22,645,1,4,6,5,N,C,N,B,H,C,A,01,W,10,G,Y,,,,B,N,N,D,1,1,0,0,21950.0,2,37.96688684,-122.34357479,3
2015,2015-10-31,2016,10,3,20,6,Y,A,N,A,H,C,A,01,,03,C,,,,,C,N,N,A,1,0,0,0,22350.0,2,37.97707999,-121.80242993,4
2016,2016-01-13,1502,1,4,15,3,N,B,N,A,H,A,A,01,N,05,A,,,,,I,Y,N,D,2,0,0,0,21651.0,1,38.01701297,-122.25661039,3
2015,2015-12-28,1530,12,4,15,1,N,A,N,A,H,A,-,- ,S,00,G,Y,,,,B,N,N,A,1,1,0,0,,2,38.00878603,-122.27176596,4
2016,2016-01-30,2351,1,4,23,6,Y,B,N,A,H,C,D,22,,01,E,,,,,I,Y,N,D,1,0,0,0,23152.0,1,37.97611271,-122.06400186,4
2016,2016-01-29,1357,1,4,13,5,N,C,N,B,H,A,A,01,N,03,C,,,,,C,Y,N,A,1,0,0,0,22350.0,2,37.97463412,-122.03405729,3
2016,2016-01-27,1134,1,4,11,3,Y,A,N,A,H,A,A,01,,09,D,,,,,C,Y,N,D,1,0,0,0,21801.0,2,37.97910991,-122.02748997,4
2016,2016-01-28,813,1,4,8,4,Y,A,N,A,H,A,A,01,,12,B,,,,,C,,N,A,3,0,0,0,21453.0,3,37.95457997,-121.96451997,3
2016,2016-01-28,1530,1,4,15,4,N,B,N,A,H,A,A,01,W,03,C,,,,,C,N,N,A,1,0,0,0,22350.0,2,37.94700594,-121.99247101,4
2016,2016-01-26,1629,1,4,16,2,Y,B,N,A,H,A,A,01,,12,D,,,,,C,Y,N,A,1,0,0,0,21453.0,2,37.97657995,-122.02880996,4
2016,2016-01-28,743,1,4,7,4,N,A,N,A,H,A,A,01,W,08,A,,,,,C,Y,N,A,5,0,0,0,22103.0,3,37.96630325,-122.02410246,4
2016,2016-01-28,2141,1,4,21,4,N,B,N,A,H,C,A,01,E,01,E,,,,,I,Y,N,D,1,0,0,0,23152.0,1,38.01429956,-122.03077868,2
2016,2016-01-30,1841,1,4,18,6,N,B,N,A,H,C,N,60,E,00,B,Y,,,,B,N,N,A,1,1,0,0,21954.0,2,37.96009814,-121.97983425,3
2016,2016-02-01,1659,2,4,16,1,N,A,N,A,B,A,N,60,E,11,G,Y,,,,B,N,N,A,1,1,0,0,21954.0,2,37.94328982,-122.01823082,4
2016,2016-01-22,2345,1,4,23,5,N,C,N,B,-,C,A,01,N,01,E,,,,,E,Y,M,D,1,0,0,0,23152.0,2,37.95359228,-122.3473875,3
2016,2016-01-05,655,1,4,6,2,N,C,N,B,H,C,D,22,S,09,D,,,,,C,Y,N,A,1,0,0,0,21453.0,2,37.99635993,-122.12101991,4
2016,2016-01-26,930,1,4,9,2,N,A,N,A,H,A,A,01,S,07,E,,,,,I,Y,N,D,1,0,0,0,21658.0,1,37.99599205,-122.1323663,4
2016,2016-01-11,1825,1,4,18,1,Y,A,N,A,H,C,A,01,,08,C,,,,,E,Y,N,D,1,0,0,0,22107.0,3,37.99453989,-121.83898997,4
2016,2016-01-25,1627,1,4,16,1,Y,A,N,A,H,A,-,- ,,12,D,,,,,C,Y,N,A,1,0,0,0,21453.0,2,37.92224996,-122.31094991,4
2016,2016-01-20,2137,1,4,21,3,Y,A,N,A,H,C,A,01,,12,D,,,,,C,Y,N,A,1,0,0,0,21453.0,2,37.77342991,-121.92135998,4
2016,2016-01-29,1928,1,4,19,5,Y,B,N,B,H,C,A,01,,09,D,,,,,C,Y,N,A,5,0,0,0,21453.0,2,37.77342991,-121.92135998,4
2016,2016-01-21,1105,1,4,11,4,N,A,N,A,H,A,A,01,W,03,C,,,,,C,Y,N,A,1,0,0,0,22350.0,2,37.72926908,-121.93252096,4
2016,2016-01-19,1315,1,4,13,2,Y,B,N,B,H,A,A,01,,12,D,,,,,C,N,N,A,1,0,0,0,21453.0,2,37.77476986,-121.97666824,4
2016,2016-01-19,1847,1,4,18,2,Y,B,N,A,H,C,A,07,,10,G,Y,,,,B,N,N,D,1,1,0,0,21950.0,2,37.90111994,-122.30404991,3
2015,2015-12-15,1828,12,4,18,2,Y,A,N,A,H,D,I,11,,10,G,Y,,,,B,N,N,D,1,1,0,0,21950.0,2,37.98592995,-121.63424999,4
2015,2015-12-09,1951,12,4,19,3,N,B,N,A,H,D,N,60,,11,A,Y,,,,B,N,N,D,1,1,0,0,21954.0,2,37.99894146,-121.75081104,2
2016,2016-01-24,1218,1,4,12,7,Y,A,N,A,H,A,-,- ,,12,D,,Y,,,G,N,N,D,1,0,1,0,22450.0,2,37.9178399,-122.01043993,2
2016,2016-01-27,1138,1,4,11,3,N,A,N,A,H,A,I,11,E,07,C,,,,,C,N,N,A,2,0,0,0,21658.0,2,37.92767821,-122.04506563,4
2016,2016-01-27,515,1,4,5,3,N,A,N,A,H,C,-,- ,N,00,D,,Y,,,G,N,N,D,1,0,1,0,,2,37.91908306,-122.04068419,3
2016,2016-01-18,1915,1,4,19,1,N,A,N,A,H,D,L,04,W,05,G,,Y,,,B,N,N,D,1,0,1,0,21202.0,2,,,2