ACCIDENT_YEAR,COLLISION_DATE,COLLISION_TIME,MONTH,SEASON,24HOURS,DAY_OF_WEEK,INTERSECTION,WEATHER_1,STATE_HWY_IND,ROAD_SURFACE,ROAD_COND_1,LIGHTING,STWD_VEHTYPE_AT_FAULT,CHP_VEHTYPE_AT_FAULT,DIRECTION,PCF_VIOL_CATEGORY,TYPE_OF_COLLISION,PEDESTRIAN_ACCIDENT,BICYCLE_ACCIDENT,MOTORCYCLE_ACCIDENT,TRUCK_ACCIDENT,MVIW,TOW_AWAY,HIT_AND_RUN,CONTROL_DEVICE,NUMBER_INJURED,COUNT_PED_INJURED,COUNT_BICYCLIST_INJURED,COUNT_MC_INJURED,PCF_VIOLATION,PARTY_COUNT,POINT_Y,POINT_X,COLLISION_SEVERITY
2016,2016-04-05,1625,4,1,16,2,N,A,N,A,H,A,A,01,N,03,C,,,,,C,N,N,A,2,0,0,0,22350.0,3,37.97329596,-121.96814205,4
2015,2015-04-06,1846,4,1,18,1,N,A,N,A,H,A,A,07,W,03,C,,,,,C,N,N,D,1,0,0,0,22350.0,2,37.95574057,-121.9527003,4
2016,2016-04-06,1845,4,1,18,3,Y,A,N,A,H,A,A,01,,09,D,,,Y,,C,Y,N,D,2,0,0,2,21801.0,2,37.97740993,-122.02610991,2
2016,2016-03-27,1839,3,1,18,7,N,A,N,A,H,A,-,,E,03,C,,,,,C,Y,N,A,2,0,0,0,22350.0,2,37.94532613,-122.05531131,3
2016,2016-03-27,659,3,1,6,7,N,A,N,A,H,A,A,01,N,07,C,,,,,E,Y,N,D,1,0,0,0,21658.0,2,38.00705081,-122.25527609,4
2016,2016-02-25,2330,2,4,23,4,-,A,N,A,H,C,-,,,- ,C,,,Y,,C,N,F,D,1,0,0,1,,2,38.00072817,-122.25410879,3
2016,2016-02-06,2309,2,4,23,6,Y,A,N,A,H,C,-,,,12,D,,,,,C,Y,N,A,2,0,0,0,21453.0,2,37.96241995,-122.06171987,4
2016,2016-02-24,1631,2,4,16,3,Y,A,N,A,H,A,-,,,08,D,,,,,C,Y,N,A,1,0,0,0,22101.0,3,37.92602996,-122.08633,4
2016,2016-03-24,803,3,1,8,4,Y,A,N,A,H,A,A,01,,09,D,,,,,C,Y,N,-,1,0,0,0,21802.0,2,37.90506996,-122.06125996,4
2016,2016-04-07,1528,4,1,15,4,N,A,N,A,H,A,L,04,N,06,D,,Y,,,G,N,N,D,1,0,1,0,21755.0,2,37.92184322,-122.06414531,3
2016,2016-04-01,1903,4,1,19,5,N,A,N,A,H,B,A,01,,09,D,,,,,C,Y,N,A,1,0,0,0,21802.0,2,37.91747992,-122.03932997,4
2016,2016-04-06,750,4,1,7,3,N,A,N,A,H,A,A,07,E,03,C,,,,,C,Y,N,A,1,0,0,0,22350.0,2,37.92754222,-122.01467894,4
2016,2016-04-05,1346,4,1,13,2,N,A,N,A,H,A,A,07,S,21,C,,,,,C,N,N,D,2,0,0,0,22106.0,5,37.91464989,-122.06569997,3
2016,2016-04-04,754,4,1,7,1,Y,A,N,A,H,A,A,01,,12,D,,,,,C,Y,N,D,2,0,0,0,21453.0,3,37.91675996,-122.02743993,4
2016,2016-04-11,1232,4,1,12,1,Y,B,N,A,H,A,A,07,,09,D,,,,,D,Y,N,D,1,0,0,0,21801.0,2,37.92535992,-122.02780993,4
2016,2016-02-29,1805,2,4,18,1,Y,A,N,A,H,B,L,04,,12,D,,Y,,,G,N,N,A,1,0,1,0,22450.0,2,37.90111994,-122.30404991,3
2016,2016-02-24,335,2,4,3,3,N,A,N,A,H,C,A,01,N,01,C,,,,,C,Y,N,D,1,0,0,0,23152.0,2,37.98415419,-121.77604133,2
2016,2016-03-20,1531,3,1,15,7,N,C,N,B,H,A,A,01,E,03,D,,,,,C,Y,N,A,1,0,0,0,22350.0,2,37.91480332,-122.01936994,4
2016,2016-03-24,2013,3,1,20,4,Y,A,N,A,H,C,A,01,,07,E,,,,,I,Y,N,A,1,0,0,0,21658.0,1,37.9090799,-122.05233,4
2016,2016-03-09,1405,3,1,14,3,N,C,N,B,H,A,A,01,S,03,C,,,,,C,N,N,A,1,0,0,0,22350.0,2,37.99110135,-122.29994824,4
2016,2016-03-25,834,3,1,8,5,Y,A,N,A,H,A,-,- ,,09,D,,,,,C,N,N,A,1,0,0,0,21801.0,2,37.95100993,-122.35709999,4
2016,2016-04-21,2327,4,1,23,4,N,A,N,A,H,C,A,01,S,08,C,,,,,E,Y,N,D,1,0,0,0,22107.0,2,37.93181873,-121.93165054,4
2016,2016-04-13,2008,4,1,20,3,N,A,N,A,H,C,A,01,S,09,D,,,,,C,Y,N,D,1,0,0,0,21801.0,2,37.77793977,-121.97719654,4
2016,2016-04-20,1230,4,1,12,3,N,A,N,A,H,A,A,08,S,07,E,,,,,J,N,N,D,1,0,0,0,21658.0,1,37.75015865,-121.95979643,4
2016,2016-04-15,1936,4,1,19,5,N,A,N,A,H,B,A,07,N,03,C,,,,,C,Y,N,A,4,0,0,0,22350.0,2,37.77459647,-121.89989864,3
2016,2016-04-19,1537,4,1,15,2,Y,A,N,A,H,A,A,07,,09,D,,,,,C,,N,A,1,0,0,0,21802.0,2,37.75492991,-121.96277991,4
2016,2016-05-04,1121,5,1,11,3,N,B,N,A,H,A,D,22,W,01,C,,,,,E,Y,F,A,1,0,0,0,23153.0,4,37.89686076,-122.07180151,3
2016,2016-04-09,1229,4,1,12,6,Y,B,N,B,H,A,A,01,,08,D,,,,,C,Y,N,D,1,0,0,0,22107.0,2,38.01553993,-121.96587997,4
2016,2016-02-03,1153,2,4,11,3,Y,A,N,A,H,A,I,11,,09,D,,,,,C,Y,N,A,1,0,0,0,21802.0,2,38.00490998,-121.79924987,4
2016,2016-02-25,1548,2,4,15,4,N,A,N,A,H,A,D,22,W,08,E,,,,,I,N,N,A,1,0,0,0,22107.0,1,37.98292529,-121.82677878,4
2016,2016-03-12,1949,3,1,19,6,N,A,N,B,H,C,A,01,W,21,C,,,,,I,N,N,A,1,0,0,0,22106.0,1,38.00491181,-121.89652261,4
2016,2016-04-03,2244,4,1,22,7,N,A,N,A,H,C,A,01,S,01,E,,,,,I,Y,N,D,1,0,0,0,23152.0,1,38.02628894,-121.92385541,3
2016,2016-04-09,1053,4,1,10,6,Y,B,N,B,H,A,A,01,,12,D,,,,,C,N,N,A,1,0,0,0,22450.0,2,38.0197399,-121.87377989,4
2016,2016-03-21,1602,3,1,16,1,Y,B,N,A,H,A,A,01,,12,D,,,,,C,Y,N,A,2,0,0,0,21453.0,3,,,4
2016,2016-02-22,1340,2,4,13,1,N,A,N,A,H,A,D,22,W,09,G,Y,,,,B,N,N,A,1,1,0,0,21804.0,2,37.76219993,-121.95080991,3
2016,2016-04-08,2007,4,1,20,5,N,C,N,B,H,C,A,07,W,03,C,,,,,C,Y,N,A,1,0,0,0,22350.0,2,37.72904886,-121.93292212,4
2016,2016-03-22,952,3,1,9,2,Y,A,Y,A,H,A,-,- ,,12,D,,,,,C,N,N,A,1,0,0,0,21453.0,2,37.76276599,-121.96734812,4
2016,2016-03-15,1246,3,1,12,2,N,A,N,A,H,A,A,08,N,03,C,,,,,C,Y,N,D,7,0,0,0,22350.0,3,37.78036969,-121.92265831,3
2016,2016-03-29,1829,3,1,18,2,Y,A,N,A,H,A,A,01,,09,D,,,Y,,C,Y,N,A,1,0,0,1,21802.0,2,37.74228989,-121.95355989,3
2016,2016-03-22,756,3,1,7,2,Y,A,N,A,H,A,L,04,,09,D,,Y,,,G,N,N,A,1,0,1,0,21804.0,2,37.77089284,-121.96009755,4
2016,2016-03-16,2138,3,1,21,3,N,A,N,A,H,C,A,01,W,10,G,Y,,,,B,N,F,A,1,1,0,0,21950.0,2,37.7243534,-121.93703639,4
2016,2016-03-30,1109,3,1,11,3,N,A,N,A,H,A,A,01,S,09,D,,,,,C,Y,N,D,1,0,0,0,21804.0,2,37.77858044,-121.96843561,4
2016,2016-04-11,411,4,1,4,1,N,A,N,A,H,A,L,04,W,08,E,,Y,,Y,I,N,N,D,1,0,1,0,22107.0,2,37.96311227,-121.98820046,4
2016,2016-04-05,723,4,1,7,2,N,A,N,A,H,A,A,01,E,03,C,,,,,C,,N,D,1,0,0,0,22350.0,3,37.97792293,-121.99761182,4
2016,2016-03-28,1333,3,1,13,1,N,A,N,A,H,A,A,01,E,09,D,,,,,C,Y,N,D,1,0,0,0,21804.0,2,37.97955133,-122.04665963,4
2016,2016-04-13,1517,4,1,15,3,N,A,N,A,H,A,A,01,N,03,C,,,,,C,Y,N,D,1,0,0,0,22350.0,2,37.99312926,-122.03240615,4
2016,2016-04-12,815,4,1,8,2,Y,B,N,-,H,A,A,01,,09,A,,,,,-,Y,N,A,2,0,0,0,21801.0,2,37.97603988,-122.03518991,4
2016,2016-04-04,1425,4,1,14,1,N,A,N,A,H,A,A,07,E,08,-,,,,,C,N,N,A,1,0,0,0,22107.0,2,37.95048616,-122.04737777,4
2016,2016-04-04,1351,4,1,13,1,N,A,Y,A,H,A,A,01,W,03,C,,,,,C,Y,N,D,1,0,0,0,22350.0,3,37.97943399,-122.04309718,4
2016,2016-04-16,2043,4,1,20,6,Y,A,N,A,H,C,-,,,17,D,,,,,C,Y,N,A,1,0,0,0,21451.0,2,37.94522998,-122.06424988,3
2016,2016-03-31,1257,3,1,12,4,N,A,N,A,H,A,-,,W,03,C,,,,,C,N,N,A,1,0,0,0,22350.0,2,37.95414958,-122.0880351,4
2016,2016-04-11,1749,4,1,17,1,N,A,N,A,H,A,-,,W,09,D,,Y,,,G,N,N,D,1,0,1,0,21801.0,2,37.94348,-122.06943469,4
2016,2016-03-26,1740,3,1,17,6,N,A,N,A,H,A,-,,N,08,D,,,,,C,Y,N,D,2,0,0,0,22107.0,2,37.92776713,-122.08644621,2
2016,2016-04-06,1040,4,1,10,3,Y,A,N,A,H,A,A,01,,09,D,,,,,C,Y,N,A,2,0,0,0,21802.0,2,37.72862995,-121.94786994,4
2016,2016-04-09,1221,4,1,12,6,N,B,N,B,H,A,A,01,N,03,C,,,,,C,Y,N,A,2,0,0,0,22350.0,2,37.77356,-121.92511,4
2016,2016-03-29,2013,3,1,20,2,N,A,N,A,H,C,A,01,W,03,C,,,,,C,N,N,A,1,0,0,0,22350.0,2,37.77004356,-121.91009358,4
2016,2016-04-01,1248,4,1,12,5,Y,A,N,A,H,A,C,02,,07,B,,,Y,,C,N,N,A,1,0,0,1,21658.0,2,37.77374232,-121.97510004,3
2015,2015-12-02,1240,12,4,12,3,Y,A,N,A,H,A,A,01,,12,D,,,,,A,N,N,A,2,0,0,0,21457.0,2,37.97682998,-122.32424985,4
2015,2015-12-08,1620,12,4,16,2,Y,B,N,A,H,A,-,,,04,C,,,,,C,Y,N,A,2,0,0,0,21703.0,3,37.94597988,-122.35741995,4
2015,2015-12-15,823,12,4,8,2,Y,A,N,A,H,A,A,08,,12,D,,,,,C,Y,F,A,1,0,0,0,21453.0,2,37.93406992,-122.3600099,4
2015,2015-12-15,1619,12,4,16,2,Y,A,N,A,H,A,A,07,,10,G,Y,,,,B,N,N,A,1,1,0,0,21950.0,2,37.93573992,-122.34857991,4
2015,2015-12-14,836,12,4,8,1,Y,A,N,A,H,A,A,07,,04,C,,,,,C,Y,N,A,5,0,0,0,21703.0,2,37.98437992,-122.33373994,3
2015,2015-10-06,802,10,3,8,2,N,A,N,A,H,A,-,,S,03,C,,,,,C,N,N,-,1,0,0,0,22350.0,2,37.93563759,-122.36001,4
2015,2015-12-16,729,12,4,7,3,Y,A,N,A,H,A,C,02,,03,F,,,Y,,A,N,N,D,1,0,0,1,22350.0,1,37.94954598,-122.35197365,4
2015,2015-11-07,1404,11,3,14,6,Y,A,N,A,H,A,A,01,,12,D,,,,,C,N,N,D,1,0,0,0,22450.0,2,37.93842996,-122.36571987,4
2015,2015-12-30,1431,12,4,14,3,N,B,N,B,H,A,A,08,N,03,C,,,,,C,Y,N,D,1,0,0,0,22350.0,2,37.93420735,-122.36001,4
2015,2015-11-28,1810,11,3,18,6,Y,A,N,A,H,C,-,- ,,12,D,,,,,C,Y,N,A,6,0,0,0,21453.0,3,37.93245998,-122.36001987,3
2015,2015-12-19,210,12,4,2,6,N,B,N,B,H,C,A,01,W,03,D,,,,,C,Y,N,A,1,0,0,0,22350.0,2,37.93844006,-122.34753347,4
2015,2015-12-30,1837,12,4,18,3,Y,B,N,B,H,C,A,01,,09,E,,,,,C,Y,N,A,1,0,0,0,21801.0,2,37.9251999,-122.35586992,4
2015,2015-11-02,1255,11,3,12,1,Y,A,N,A,H,A,A,01,,04,C,,,,,C,N,N,A,1,0,0,0,21703.0,2,37.97644989,-122.32832,4
2015,2015-12-24,1120,12,4,11,4,Y,B,N,B,H,A,A,01,,09,-,,,,,C,Y,N,A,1,0,0,0,21801.0,2,37.97838,-122.3331795,4
2015,2015-11-12,1605,11,3,16,4,N,A,N,A,H,A,A,01,N,09,G,,Y,,,G,N,N,D,1,0,1,0,21801.0,2,37.89692836,-122.32191901,4
2015,2015-12-31,1101,12,4,11,4,Y,A,N,A,H,A,A,01,,10,G,Y,,,,B,N,N,D,1,1,0,0,21950.0,2,37.9355699,-122.34633988,3
2015,2015-11-25,749,11,3,7,3,N,A,N,A,H,A,A,01,E,10,G,Y,,,,B,N,N,B,1,1,0,0,21950.0,2,37.93878781,-122.33855288,4
2015,2015-12-18,1814,12,4,18,5,N,C,N,B,H,C,A,07,E,07,D,,,,,C,N,N,D,1,0,0,0,21658.0,2,37.92526,-122.3445366,4
2015,2015-11-11,1613,11,3,16,3,N,A,N,A,H,A,A,01,E,04,C,,,,,C,N,N,A,2,0,0,0,21703.0,2,37.97832615,-122.33312615,4
2015,2015-11-13,319,11,3,3,5,Y,A,N,A,H,D,-,,,08,A,,,,,I,Y,N,D,1,0,0,0,22107.0,1,37.976166,-122.3421885,3
2015,2015-12-01,745,12,4,7,2,Y,A,N,A,H,A,A,01,,12,D,,,,,C,Y,N,A,1,0,0,0,21453.0,2,37.99044414,-122.32545733,3
2015,2015-07-02,1640,7,2,16,4,Y,A,N,A,H,A,-,,,10,G,,Y,,,G,N,N,A,1,0,1,0,21950.0,2,37.93654989,-122.33361989,4
2015,2015-07-21,2107,7,2,21,2,Y,A,N,A,H,C,-,,,09,D,,,,,C,Y,N,D,2,0,0,0,21800.0,2,37.98179999,-122.32457988,4
2015,2015-08-15,1808,8,2,18,6,N,A,N,A,H,A,C,02,N,03,C,,,Y,,C,N,N,D,1,0,0,1,22350.0,2,37.93667084,-122.34608775,2
2015,2015-10-30,1350,10,3,13,5,Y,A,N,A,H,A,A,07,,09,-,,,,,C,Y,N,A,1,0,0,0,21802.0,2,37.92519996,-122.34856996,3
2016,2016-05-10,1520,5,1,15,2,N,A,N,A,H,A,A,01,E,21,D,Y,,,,E,N,N,D,1,1,0,0,22106.0,3,37.74140276,-121.93568627,3
2016,2016-04-16,1128,4,1,11,6,N,A,N,A,H,A,A,01,S,21,C,,,,,C,N,M,A,1,0,0,0,22106.0,2,38.00934273,-121.87653581,4
2016,2016-04-17,2303,4,1,23,7,N,A,N,A,H,C,A,01,E,10,G,Y,,,,B,N,M,A,1,1,0,0,21950.0,2,38.01567547,-121.94784364,4
2016,2016-04-27,1715,4,1,17,3,N,A,N,A,H,A,-,,E,09,D,,,,,C,Y,N,D,1,0,0,0,21801.0,2,37.94790215,-122.08159223,4
2016,2016-04-22,243,4,1,2,5,Y,C,N,B,H,C,-,,,01,F,,,,,I,Y,N,A,1,0,0,0,23152.0,1,37.94800991,-122.06028995,3
2016,2016-04-18,1632,4,1,16,1,Y,A,N,A,H,A,-,,,12,B,,,,,C,Y,N,A,1,0,0,0,21453.0,3,37.95017992,-122.06025995,4
2016,2016-04-19,1438,4,1,14,2,N,A,N,A,H,A,-,,S,03,C,,,,,C,Y,N,A,2,0,0,0,22350.0,3,37.94768164,-122.06032619,4
2016,2016-04-13,1835,4,1,18,3,N,A,N,A,H,A,A,01,N,08,E,,,,,I,Y,N,D,1,0,0,0,22107.0,1,37.90948281,-122.30275943,3
2016,2016-02-01,707,2,4,7,1,Y,A,N,A,H,A,A,01,,09,D,,,,,C,Y,N,A,2,0,0,0,21801.0,3,37.93850989,-122.35615988,4
2016,2016-02-01,1659,2,4,16,1,Y,A,N,A,H,A,L,04,,09,D,,Y,,,G,N,N,A,1,0,1,0,21802.0,2,37.91375995,-122.35591993,2
2016,2016-01-06,704,1,4,7,3,N,C,N,B,G,A,A,01,S,05,E,,,,,I,N,N,D,1,0,0,0,21650.0,1,,,4
2016,2016-01-18,1134,1,4,11,1,Y,B,N,A,H,A,A,07,,09,D,,,,,C,Y,N,D,2,0,0,0,21802.0,2,37.93842995,-122.36469996,3
2016,2016-01-14,1715,1,4,17,4,N,C,N,B,H,C,L,04,W,05,E,,Y,,,G,N,N,D,1,0,1,0,21650.0,2,37.89961947,-122.31704489,3
2016,2016-01-20,2140,1,4,21,3,N,A,N,A,H,C,A,07,N,01,B,,,,,C,Y,N,A,2,0,0,0,23152.0,2,37.93700817,-122.3258496,4
2016,2016-01-27,744,1,4,7,3,N,A,N,A,H,A,C,02,W,03,H,,,Y,,A,Y,N,D,1,0,0,1,22350.0,1,37.94928038,-122.26905245,4
2016,2016-01-26,704,1,4,7,2,Y,B,N,-,H,-,-,,,09,A,,,,,C,Y,N,A,2,0,0,0,21802.0,2,37.93483997,-122.33305996,4
2016,2016-01-05,1640,1,4,16,2,Y,B,N,A,H,A,A,07,,09,D,,,,,C,Y,N,A,2,0,0,0,21802.0,2,37.94224994,-122.33039995,3
2016,2016-01-09,1655,1,4,16,6,N,B,N,A,H,B,N,60,E,02,G,Y,,,,B,N,N,D,1,1,0,0,21654.0,2,37.95030758,-122.35159167,4
2016,2016-01-08,1949,1,4,19,5,Y,B,N,A,H,C,A,01,,12,D,,,,,C,N,N,A,2,0,0,0,21453.0,2,37.93845999,-122.34855989,3
2016,2016-01-14,1352,1,4,13,4,N,C,N,B,H,A,A,07,S,03,C,,,,,C,Y,N,D,2,0,0,0,22350.0,2,37.98690999,-122.31695999,4
2016,2016-01-13,1857,1,4,18,3,N,B,N,A,H,C,A,01,N,03,C,,,,,C,N,N,A,1,0,0,0,22350.0,2,37.94276667,-122.36259875,4
2016,2016-01-14,1939,1,4,19,4,N,C,N,B,H,C,-,- ,E,00,G,Y,,,,B,N,N,D,1,0,0,0,,2,37.92526,-122.34198266,3
2016,2016-01-24,100,1,4,1,7,N,A,N,A,H,C,A,01,N,01,E,,,,,E,Y,N,D,1,0,0,0,23152.0,3,37.93870531,-122.33311232,3
2016,2016-01-21,1413,1,4,14,4,Y,A,N,A,H,A,A,01,,09,D,,,,,C,N,N,D,2,0,0,0,21802.0,2,37.93013994,-122.33476993,4
2016,2016-01-25,856,1,4,8,1,N,-,N,-,-,-,A,01,E,07,-,,,,,-,N,N,-,1,0,0,0,21658.0,3,37.97833058,-122.33291298,4
2016,2016-02-29,750,2,4,7,1,N,A,N,A,H,A,A,08,S,03,B,Y,,,Y,B,Y,N,D,1,1,0,0,22350.0,3,37.92949108,-122.30551538,3
2016,2016-04-18,137,4,1,1,1,N,A,N,A,H,C,-,,W,03,E,,,,,I,Y,N,D,1,0,0,0,22350.0,1,,,2
2016,2016-03-27,1426,3,1,14,7,Y,A,N,A,H,A,A,01,,10,G,Y,,,,B,N,F,A,1,1,0,0,21950.0,2,37.92082988,-122.31739986,4
2016,2016-04-18,1947,4,1,19,1,Y,A,N,A,H,A,A,01,,09,G,Y,,,,B,N,N,A,1,1,0,0,21801.0,2,37.92638997,-122.06439995,3
2016,2016-04-25,1011,4,1,10,1,Y,A,Y,A,H,A,A,07,,12,D,,,,,C,Y,N,A,2,0,0,0,21453.0,2,37.89653297,-122.07857893,4
2016,2016-04-26,1629,4,1,16,2,Y,A,N,A,H,A,A,01,,09,D,,,,,A,Y,N,D,1,0,0,0,21801.0,2,37.89457994,-122.06184999,4
2016,2016-04-25,1809,4,1,18,1,N,A,N,A,H,A,A,01,S,12,D,,Y,,,G,N,N,A,1,0,1,0,21453.0,2,37.92729334,-122.04078617,4
2015,2015-10-11,1504,10,3,15,7,Y,A,N,A,H,A,C,02,,08,E,,,Y,,I,N,N,A,1,0,0,1,22107.0,1,38.00145,-121.76417988,4
2015,2015-11-16,1257,11,3,12,1,Y,A,N,A,H,A,A,01,,03,E,,,,,I,Y,N,D,1,0,0,0,22350.0,1,37.98682989,-121.79729986,4
2015,2015-11-27,1223,11,3,12,5,Y,A,Y,A,H,C,A,01,,12,D,,,,,C,Y,N,A,2,0,0,0,21453.0,2,38.00299849,-121.83470012,4
2015,2015-12-25,1000,12,4,10,5,N,A,N,A,H,C,M,47,S,08,B,Y,,,,B,N,N,D,1,1,0,0,22107.0,3,38.00480288,-121.80141,4
2015,2015-12-21,728,12,4,7,1,N,B,N,B,H,A,A,01,E,03,A,,,,,I,Y,N,D,1,0,0,0,22350.0,1,37.98019571,-121.81935133,4
2015,2015-12-03,1516,12,4,15,4,N,B,N,B,H,A,A,01,W,03,E,,,,,I,N,N,A,1,0,0,0,22350.0,2,37.99940176,-121.82430891,2
2015,2015-04-18,1455,4,1,14,6,N,A,N,A,H,A,-,- ,E,18,G,Y,,,,B,Y,N,D,1,1,0,0,,2,38.0002267,-121.80932578,2
2015,2015-10-06,2029,10,3,20,2,N,A,N,A,H,C,A,01,W,03,D,,,,,C,N,F,A,1,0,0,0,22350.0,2,38.00333,-121.84586,4
2016,2016-04-27,1433,4,1,14,3,N,A,N,A,H,A,D,22,W,03,E,,,,,J,Y,N,D,1,0,0,0,22350.0,1,37.75333092,-121.93891361,3
2016,2016-04-15,815,4,1,8,5,Y,A,N,A,H,A,A,01,,03,E,,,,,I,Y,N,A,1,0,0,0,22350.0,1,37.77355988,-121.92510987,4
2016,2016-04-26,1749,4,1,17,2,N,A,N,A,H,A,A,01,E,03,E,,,,,I,Y,N,D,1,0,0,0,22350.0,1,37.7528627,-121.90801664,3
2016,2016-04-26,911,4,1,9,2,Y,A,N,A,H,A,A,01,,10,G,Y,,,,B,N,N,D,1,1,0,0,21950.0,2,37.78207989,-121.97900993,4
2016,2016-04-21,800,4,1,8,4,N,A,N,A,H,A,A,01,W,03,C,Y,,,,C,N,M,A,1,1,0,0,22350.0,3,37.75337256,-121.90543507,3
2016,2016-02-21,1209,2,4,12,7,N,A,N,A,H,A,A,01,S,08,D,,,,,C,Y,N,D,1,0,0,0,22107.0,2,38.00459245,-121.80602358,4
2016,2016-01-26,650,1,4,6,2,Y,C,N,B,H,A,A,07,,10,G,Y,,,,B,N,M,A,1,1,0,0,21950.0,2,37.96408995,-121.74726992,4
2015,2015-11-02,1340,11,3,13,1,N,C,N,B,H,A,N,60,S,11,G,Y,,,,B,N,N,D,1,1,0,0,21955.0,2,38.00212488,-121.83936712,4
2015,2015-10-22,756,10,3,7,4,Y,A,N,A,H,A,A,01,,12,D,,Y,,,G,N,N,D,1,0,1,0,22450.0,2,38.00499999,-121.82541999,4
2016,2016-05-02,843,5,1,8,1,N,B,N,A,H,A,A,01,W,10,G,Y,,,,B,Y,N,B,1,1,0,0,21950.0,2,,,3
2016,2016-03-01,525,3,1,5,2,Y,A,N,A,H,B,A,01,,12,D,,,,,C,Y,N,A,1,0,0,0,21453.0,2,37.98105999,-121.80544998,3
2016,2016-02-17,1917,2,4,19,3,Y,C,N,B,H,C,D,22,,09,D,,,,,C,Y,N,A,1,0,0,0,21804.0,3,37.99947989,-121.80592991,3
2015,2015-11-16,1905,11,3,19,1,Y,A,N,A,H,C,D,22,,03,C,,,,,C,Y,N,D,1,0,0,0,22350.0,2,38.01226989,-121.80135998,4
2016,2016-03-20,836,3,1,8,7,N,A,N,A,H,A,A,01,S,08,B,,,,,C,Y,N,D,1,0,0,0,22107.0,2,38.00840759,-121.8060433,4
2016,2016-04-02,339,4,1,3,6,Y,A,Y,A,H,C,A,01,,12,D,,,,,C,Y,N,A,3,0,0,0,21453.0,2,38.00014893,-122.28332488,4
2016,2016-04-16,507,4,1,5,6,N,A,N,A,H,C,A,08,E,01,C,,,,,E,Y,F,D,1,0,0,0,23153.0,2,37.9932916,-122.2943276,3
2016,2016-02-24,1128,2,4,11,3,Y,A,N,A,H,A,-,- ,,12,A,,,,,C,N,N,A,1,0,0,0,21453.0,2,37.96174992,-121.74745996,4
2016,2016-04-29,1354,4,1,13,5,N,A,N,A,H,A,A,07,S,08,D,,,,Y,C,Y,N,A,1,0,0,0,22107.0,2,37.95958547,-122.0331803,4
2016,2016-04-26,2253,4,1,22,2,N,A,N,A,H,D,C,02,S,01,A,,,Y,,I,N,N,D,1,0,0,1,23152.0,1,,,3
2016,2016-04-25,754,4,1,7,1,N,A,N,A,H,A,L,04,N,08,D,,Y,,,G,N,N,D,1,0,1,0,22100.0,2,37.98079567,-122.00616756,4
2016,2016-04-30,2234,4,1,22,6,N,A,N,A,H,C,N,60,W,00,G,Y,,Y,,B,N,N,D,2,1,0,1,21954.0,2,37.97112312,-122.01348169,2
2016,2016-04-23,1539,4,1,15,6,N,A,N,A,H,A,C,02,S,22,C,,Y,Y,,G,Y,N,D,2,0,1,1,,2,37.9769253,-122.05322027,3
2016,2016-03-27,1042,3,1,10,7,Y,A,N,A,H,A,A,01,,12,D,,,,,C,Y,N,A,2,0,0,0,21453.0,2,37.98105999,-121.80544998,3
2016,2016-03-18,1119,3,1,11,5,Y,B,Y,A,H,A,A,01,,17,A,,,,,C,Y,N,A,1,0,0,0,21451.0,2,37.92364496,-122.31727022,3
2016,2016-03-17,1728,3,1,17,4,Y,A,N,A,H,A,A,01,,08,D,,,,,C,N,N,A,3,0,0,0,22107.0,2,37.99654997,-121.83825989,4
2016,2016-03-10,657,3,1,6,4,Y,B,N,A,H,A,L,04,,09,D,,Y,,,G,Y,N,A,1,0,1,0,21804.0,2,38.00898993,-121.79670987,3
2016,2016-04-14,1523,4,1,15,4,Y,A,N,A,H,A,A,01,,01,D,,,,,C,Y,N,A,1,0,0,0,23152.0,4,37.94704992,-122.33455987,4
2016,2016-04-23,1110,4,1,11,6,Y,A,N,A,-,A,-,,,09,D,,,,,C,Y,N,D,2,0,0,0,21802.0,2,37.93845999,-122.35054992,4
2016,2016-04-24,1346,4,1,13,7,Y,A,N,A,H,A,A,01,,12,D,,,,,C,Y,F,A,2,0,0,0,21453.0,3,37.98690999,-122.31695999,3
2016,2016-03-28,155,3,1,1,1,Y,A,N,A,H,C,A,01,,01,F,,,,,I,N,N,A,2,0,0,0,23152.0,1,37.96175989,-121.7600499,3
2016,2016-02-18,2010,2,4,20,4,N,A,N,A,H,C,N,60,N,11,G,Y,,,,B,N,N,D,0,0,0,0,21955.0,2,37.99754,-121.81575,1
2016,2016-04-21,810,4,1,8,4,N,A,N,A,H,A,-,- ,N,18,E,,,,,I,Y,N,D,1,0,0,0,,1,37.87965993,-122.04869987,3
2016,2016-04-18,1020,4,1,10,1,N,A,N,A,H,A,A,01,S,03,C,,,,,D,N,N,A,1,0,0,0,22350.0,2,37.89207776,-122.06091813,4
2016,2016-05-05,1206,5,1,12,4,N,A,N,A,H,A,L,04,S,09,A,,Y,,,G,N,N,D,1,0,1,0,21804.0,2,37.89538003,-122.06240887,3
2016,2016-05-05,1732,5,1,17,4,-,A,N,A,H,A,A,08,,01,C,,,,,C,N,M,D,1,0,0,0,23152.0,2,37.8999899,-122.06103998,4
2016,2016-04-19,1707,4,1,17,2,Y,A,N,A,H,A,L,04,,05,D,,Y,,,G,N,N,A,1,0,1,0,21650.0,2,37.95465993,-122.04142988,3
2016,2016-04-20,700,4,1,7,3,N,A,N,A,H,A,A,01,W,08,E,,,,,I,Y,N,D,1,0,0,0,22107.0,2,37.97796699,-121.99470028,3
2016,2016-04-07,405,4,1,4,4,N,B,N,B,H,C,D,22,S,03,C,,,,,C,Y,N,D,1,0,0,0,22350.0,2,37.94137598,-122.02105646,4
2016,2016-04-18,1809,4,1,18,1,N,B,N,A,H,A,D,22,W,04,C,,,,,C,N,N,D,2,0,0,0,21703.0,3,37.95428499,-122.04196517,4
2016,2016-04-22,1225,4,1,12,5,Y,B,N,B,H,A,A,07,,08,D,,,,,C,Y,N,D,2,0,0,0,22107.0,2,37.97739995,-122.02710992,3