ACCIDENT_YEAR,COLLISION_DATE,COLLISION_TIME,MONTH,SEASON,24HOURS,DAY_OF_WEEK,INTERSECTION,WEATHER_1,STATE_HWY_IND,ROAD_SURFACE,ROAD_COND_1,LIGHTING,STWD_VEHTYPE_AT_FAULT,CHP_VEHTYPE_AT_FAULT,DIRECTION,PCF_VIOL_CATEGORY,TYPE_OF_COLLISION,PEDESTRIAN_ACCIDENT,BICYCLE_ACCIDENT,MOTORCYCLE_ACCIDENT,TRUCK_ACCIDENT,MVIW,TOW_AWAY,HIT_AND_RUN,CONTROL_DEVICE,NUMBER_INJURED,COUNT_PED_INJURED,COUNT_BICYCLIST_INJURED,COUNT_MC_INJURED,PCF_VIOLATION,PARTY_COUNT,POINT_Y,POINT_X,COLLISION_SEVERITY
2016,2016-08-17,606,8,2,6,3,Y,B,N,A,H,B,D,22,,03,C,,,,,C,Y,N,A,2,0,0,0,22350.0,2,37.93080997,-122.37790986,4
2016,2016-09-03,2347,9,3,23,6,N,A,N,A,H,C,A,07,W,01,E,,,,,E,Y,N,D,2,0,0,0,23152.0,8,37.94595259,-122.35569301,4
2016,2016-09-01,736,9,3,7,4,Y,A,N,A,H,A,A,01,,12,D,,,,,C,Y,N,A,1,0,0,0,21453.0,3,37.9251999,-122.35586992,2
2016,2016-09-15,437,9,3,4,4,N,A,N,A,H,C,-,,W,07,E,,,,,I,Y,N,D,1,0,0,0,21658.0,1,37.76991,-121.94867,3
2016,2016-09-20,110,9,3,1,2,N,A,N,A,H,C,A,01,N,07,B,,,,,E,Y,N,D,1,0,0,0,21658.0,3,38.00584668,-122.24280578,4
2016,2016-09-16,2013,9,3,20,5,N,A,Y,A,H,C,A,01,E,09,A,,,,,C,Y,N,D,2,0,0,0,21801.0,2,38.0135918,-122.25848722,2
2016,2016-09-04,641,9,3,6,7,N,A,N,A,H,B,A,01,W,08,A,,,,,I,Y,N,D,1,0,0,0,22107.0,1,38.01968,-122.28745,3
2016,2016-08-27,2333,8,2,23,6,N,A,N,A,H,C,A,07,S,01,E,,,,,I,Y,N,D,1,0,0,0,23152.0,1,37.99167296,-121.79867142,4
2016,2016-09-16,1750,9,3,17,5,N,A,N,A,H,A,A,01,W,03,C,,,,,C,N,N,D,1,0,0,0,22350.0,2,37.97384876,-122.03550321,4
2016,2016-09-10,1942,9,3,19,6,N,A,N,A,H,C,A,08,W,08,B,,,,,E,Y,N,A,1,0,0,0,22107.0,2,37.97970082,-122.03511331,4
2016,2016-09-17,1356,9,3,13,6,N,A,N,A,H,A,A,01,S,09,D,,,,,C,Y,N,A,3,0,0,0,21804.0,2,37.97094524,-122.04602254,4
2016,2016-09-14,1755,9,3,17,3,N,A,N,A,H,A,A,07,W,09,D,,Y,,,G,N,N,A,1,0,1,0,21801.0,2,37.99562838,-122.03202106,3
2016,2016-09-17,1449,9,3,14,6,N,A,N,A,H,A,L,04,S,05,D,,Y,,,G,N,N,A,1,0,1,0,21650.0,2,37.98695033,-122.039391,4
2016,2016-09-15,746,9,3,7,4,Y,A,N,A,H,A,M,94,,03,C,,,,,C,Y,N,A,1,0,0,0,22350.0,2,37.94679993,-122.01258996,4
2016,2016-09-06,805,9,3,8,2,Y,A,N,A,H,A,A,01,,09,D,,,,Y,C,Y,N,D,1,0,0,0,21801.0,3,37.95506997,-121.96587999,4
2016,2016-09-14,1411,9,3,14,3,N,A,N,A,H,A,A,01,N,09,D,,,,,C,Y,N,D,3,0,0,0,21804.0,2,37.98287957,-122.03418615,4
2016,2016-09-12,1501,9,3,15,1,N,A,N,A,H,A,A,01,S,07,D,,,,,C,N,N,D,1,0,0,0,21658.0,2,38.01133026,-122.02332513,4
2016,2016-09-14,744,9,3,7,3,N,A,N,A,H,A,D,23,W,08,D,,,,,C,Y,N,A,2,0,0,0,22101.0,3,37.9550447,-121.96581169,3
2016,2016-09-09,1657,9,3,16,5,N,A,N,-,-,-,A,01,W,03,C,,,,,C,N,F,D,1,0,0,0,22350.0,2,37.96269412,-122.34536164,4
2016,2016-08-07,2203,8,2,22,7,Y,A,N,A,H,C,-,,,12,A,,,,,C,Y,M,D,1,0,0,0,22450.0,2,37.99038991,-122.08705995,4
2016,2016-08-17,1845,8,2,18,3,Y,A,N,A,H,A,A,01,,01,B,,,,,E,Y,N,D,2,0,0,0,23153.0,6,38.00815988,-122.13057988,3
2016,2016-08-16,840,8,2,8,2,-,A,N,A,H,A,A,01,,03,C,,,,,C,N,N,D,1,0,0,0,22350.0,2,37.99757997,-122.13231985,4
2016,2016-08-22,1510,8,2,15,1,Y,A,N,A,H,A,A,01,,12,B,,,,,C,Y,N,A,2,0,0,0,21453.0,2,37.99384993,-122.11943993,4
2016,2016-09-14,1853,9,3,18,3,N,A,N,A,H,B,-,- ,N,18,A,,,,,E,Y,N,D,1,0,0,0,,3,37.99198584,-122.28298429,4
2016,2016-10-05,1735,10,3,17,3,N,A,N,A,H,A,A,07,W,08,B,,,,,E,Y,N,A,1,0,0,0,22107.0,3,37.95400012,-122.00785245,4
2016,2016-09-27,1025,9,3,10,2,N,A,N,A,H,A,A,01,S,05,A,,,,,C,Y,N,D,4,0,0,0,21650.0,2,37.96400126,-121.96381441,4
2016,2016-11-11,1146,11,3,11,5,Y,B,N,A,H,A,A,07,,12,D,,,,,C,N,N,A,1,0,0,0,22450.0,2,38.02221998,-121.89475989,4
2016,2016-08-24,1617,8,2,16,3,Y,A,N,A,H,A,A,01,,03,B,,,,,C,N,M,A,1,0,0,0,22350.0,2,38.00529988,-121.78771994,3
2016,2016-08-09,825,8,2,8,2,N,A,N,A,H,A,A,01,S,03,C,,,,,C,N,F,A,1,0,0,0,22350.0,2,37.99242604,-121.78401299,4
2016,2016-08-04,2253,8,2,22,4,N,A,N,A,H,C,A,01,S,01,C,,,,,C,N,N,A,2,0,0,0,23152.0,2,37.98501248,-121.80593455,4
2016,2016-08-19,1610,8,2,16,5,N,A,N,A,H,A,A,01,S,03,C,,,,,C,Y,N,D,4,0,0,0,22350.0,2,37.98327,-121.77325,2
2016,2016-08-26,340,8,2,3,5,N,A,N,A,H,D,M,47,W,01,D,,,,,E,Y,N,D,1,0,0,0,23152.0,2,37.90247613,-122.30610918,4
2016,2016-09-21,1826,9,3,18,3,N,A,N,A,H,A,A,01,E,03,C,,,,,C,Y,N,A,1,0,0,0,22350.0,2,37.98413686,-122.01389014,3
2016,2016-09-20,745,9,3,7,2,N,A,N,A,H,A,A,07,W,09,D,,,,,C,N,N,D,1,0,0,0,21801.0,2,37.97947636,-122.04625669,4
2016,2016-06-26,840,6,2,8,7,Y,A,N,A,H,A,-,,,09,B,,,,,D,Y,M,D,1,0,0,0,21802.0,2,37.94881992,-122.34743995,4
2016,2016-06-19,1142,6,2,11,7,N,A,N,A,H,A,C,02,W,00,B,,,Y,,C,Y,N,D,1,0,0,1,21752.0,3,38.00274916,-121.82905153,3
2016,2016-09-21,1534,9,3,15,3,N,A,N,A,H,A,A,08,E,03,C,,,,,C,Y,N,D,1,0,0,0,22350.0,4,37.91484512,-122.0417574,3
2016,2016-09-27,800,9,3,8,2,Y,A,N,A,H,A,L,04,,09,D,,Y,,,G,N,N,D,1,0,1,0,21800.0,2,37.92464995,-122.01956997,3
2016,2016-09-16,1922,9,3,19,5,Y,A,N,A,H,B,L,04,,05,D,,Y,,,G,N,N,A,1,0,1,0,21202.0,2,37.7636899,-121.9531,3
2016,2016-01-02,809,1,4,8,6,N,A,N,A,H,A,A,01,W,09,D,,Y,,,G,N,N,A,1,0,1,0,21804.0,2,37.75320829,-121.94846213,4
2016,2016-09-25,155,9,3,1,7,N,A,N,A,H,C,A,01,W,01,E,,,,,I,Y,N,D,1,0,0,0,23152.0,1,37.77118678,-121.94648998,3
2016,2016-09-05,922,9,3,9,1,N,A,N,A,H,A,A,01,E,03,C,,,,,C,Y,N,A,1,0,0,0,22350.0,2,37.97974,-121.81251981,3
2016,2016-09-26,2156,9,3,21,1,Y,A,N,A,H,C,A,01,,01,B,,,,,C,N,N,A,2,0,0,0,23153.0,2,37.93081996,-122.36004989,3
2016,2016-09-15,1745,9,3,17,4,Y,A,N,A,H,A,A,01,,09,D,,,,,D,Y,N,A,1,0,0,0,21801.0,2,37.90107997,-122.30983988,4
2016,2016-09-16,9,9,3,0,5,N,B,N,A,H,C,A,01,W,01,E,,,,,I,Y,N,D,1,0,0,0,23152.0,1,37.93574,-122.34878811,3
2016,2016-09-05,1830,9,3,18,1,Y,A,N,A,H,A,A,01,,01,D,,,,,C,Y,N,A,1,0,0,0,23153.0,4,37.94032997,-122.36575997,4
2016,2016-09-23,1132,9,3,11,5,N,A,N,A,H,A,A,01,S,01,C,,,,,C,Y,N,A,1,0,0,0,23152.0,3,37.9497505,-122.33195145,4
2016,2016-09-30,1623,9,3,16,5,Y,A,Y,A,H,A,A,07,,09,D,,,,,C,Y,N,D,2,0,0,0,21801.0,2,37.96180097,-122.32964822,4
2016,2016-09-21,2009,9,3,20,3,N,A,N,A,-,C,A,01,W,10,G,Y,,,,B,N,N,D,1,1,0,0,21950.0,2,37.96688876,-122.34357728,4
2016,2016-09-27,1211,9,3,12,2,N,A,N,-,-,-,A,01,W,13,D,,,,,C,N,N,D,2,0,0,0,22515.0,2,37.97805907,-122.34807424,3
2016,2016-09-26,1532,9,3,15,1,Y,A,N,-,-,A,A,01,,03,C,,,,,C,Y,N,D,1,0,0,0,22350.0,2,37.96822996,-122.34646998,4
2016,2016-08-25,2107,8,2,21,4,N,A,N,A,H,C,A,01,N,01,F,,,,,A,Y,N,D,1,0,0,0,23152.0,1,37.96021988,-121.73234998,3
2016,2016-08-17,757,8,2,7,3,Y,A,N,A,H,A,A,01,,09,C,,,,,C,Y,N,A,2,0,0,0,21802.0,3,38.00488999,-121.80880992,4
2016,2016-08-19,1736,8,2,17,5,Y,A,N,A,H,A,A,01,,09,H,,,Y,,J,N,N,B,1,0,0,1,21802.0,2,37.99031996,-121.78866988,3
2016,2016-09-26,1705,9,3,17,1,Y,A,N,A,H,A,D,22,,03,C,,,,,C,N,N,D,1,0,0,0,22350.0,2,37.96312999,-122.06064996,4
2016,2016-09-30,751,9,3,7,5,N,A,N,A,H,A,D,22,E,03,C,,,,,C,N,N,A,1,0,0,0,22350.0,2,37.97664616,-122.033884,4
2016,2016-10-02,1322,10,3,13,7,N,C,N,B,H,A,A,07,S,03,C,,,,Y,C,Y,N,D,1,0,0,0,22350.0,2,37.95904337,-122.03514584,3
2016,2016-09-19,2116,9,3,21,1,N,A,N,A,H,D,A,07,E,05,A,,,,,C,Y,N,D,1,0,0,0,21460.0,2,37.98203319,-121.99845145,4
2016,2016-09-24,1311,9,3,13,6,N,A,N,A,H,A,A,01,W,05,A,,,,,I,Y,N,D,1,0,0,0,21651.0,1,37.9592371,-121.97744013,4
2016,2016-09-27,855,9,3,8,2,Y,A,N,A,H,A,A,08,,12,D,,,,,C,Y,N,A,1,0,0,0,21453.0,2,37.97657992,-122.03401995,4
2016,2016-09-27,2112,9,3,21,2,Y,A,N,A,H,C,A,01,,09,D,,,,,C,Y,N,D,1,0,0,0,21801.0,2,37.95487,-121.95083999,3
2016,2016-09-27,720,9,3,7,2,Y,A,N,A,H,A,A,01,,09,A,,,,,C,Y,N,A,2,0,0,0,21801.0,2,37.96000998,-122.02853986,4
2016,2016-09-29,744,9,3,7,4,N,A,N,A,H,A,A,01,W,03,C,,,,,-,Y,N,D,1,0,0,0,22350.0,3,37.96514634,-122.01998331,4
2016,2016-10-02,1902,10,3,19,7,Y,B,N,A,H,C,A,01,,08,B,,,,,C,N,N,D,2,0,0,0,22107.0,2,37.92986996,-122.06115,4
2016,2016-08-03,2115,8,2,21,3,Y,A,N,A,H,C,A,01,,12,D,,,,,C,Y,N,A,2,0,0,0,21453.0,2,37.95640995,-122.03897987,4
2016,2016-07-29,1856,7,2,18,5,N,A,N,A,H,A,A,01,N,03,A,,,,,C,Y,N,D,1,0,0,0,22350.0,2,37.97056,-121.76066,4
2016,2016-07-06,1720,7,2,17,3,N,A,N,A,H,A,A,01,S,03,A,,,,,C,Y,N,D,2,0,0,0,22350.0,2,37.99948,-121.80487,4
2016,2016-09-14,1019,9,3,10,3,Y,A,Y,A,H,A,A,01,,12,D,,,,,C,N,N,A,1,0,0,0,21453.0,2,37.99804861,-121.80359715,4
2016,2016-10-05,1600,10,3,16,3,N,A,N,A,H,A,D,22,W,12,D,,,,,C,Y,N,A,1,0,0,0,21453.0,2,38.01423357,-121.92083009,4
2016,2016-08-14,303,8,2,3,7,N,A,N,A,H,C,D,22,W,01,D,,,,,E,Y,N,A,1,0,0,0,23152.0,2,38.0140578,-121.89683877,4
2016,2016-09-20,808,9,3,8,2,N,A,N,A,H,A,A,01,S,12,D,,,,,C,Y,F,A,1,0,0,0,22450.0,2,38.00292223,-121.8853924,4
2016,2016-11-17,801,11,3,8,4,N,A,N,A,H,A,D,22,W,03,C,,,,,C,Y,N,A,1,0,0,0,22350.0,3,37.76107582,-121.96191188,4
2020,2020-12-12,1822,12,4,18,6,N,A,N,A,H,C,N,60,N,11,G,Y,,,,B,N,N,D,1,1,0,0,21954.0,2,38.0224838256836,-121.89183044433594,4
2016,2016-12-08,902,12,4,9,4,N,B,N,B,H,A,D,22,S,03,E,,,,,I,Y,N,D,1,0,0,0,22350.0,1,37.93160155,-122.31018956,3
2016,2016-12-17,813,12,4,8,6,N,A,N,A,H,A,A,01,E,03,C,,Y,,,G,N,N,D,1,0,1,0,22350.0,2,37.96710994,-122.06264988,4
2016,2016-12-16,2319,12,4,23,5,N,A,N,A,H,C,A,01,W,01,A,,,,,C,Y,N,A,2,0,0,0,23152.0,3,37.95044087,-122.04744296,3
2016,2016-12-15,1634,12,4,16,4,N,C,N,B,H,C,A,01,N,03,C,,,,,C,N,N,D,3,0,0,0,22350.0,2,37.95215616,-121.95745363,3
2016,2016-12-15,1955,12,4,19,4,N,C,N,B,H,C,A,01,W,08,G,Y,,,,B,N,N,A,1,1,0,0,22107.0,2,37.97312151,-122.04140785,4
2016,2016-12-15,1516,12,4,15,4,N,C,N,B,H,A,A,01,W,03,C,,,,,C,Y,N,D,1,0,0,0,22350.0,2,37.95059,-122.00563,4
2016,2016-12-07,1730,12,4,17,3,N,A,N,A,H,C,A,01,E,03,C,,,,,-,Y,N,A,1,0,0,0,22350.0,3,37.92536825,-121.73166633,4
2016,2016-12-08,1733,12,4,17,4,Y,B,N,B,H,B,A,01,,09,D,,,,,C,N,N,A,1,0,0,0,21802.0,2,38.01428998,-122.03083991,4
2016,2016-12-08,1010,12,4,10,4,N,A,N,A,H,A,A,01,N,03,-,,,,,C,N,N,-,1,0,0,0,22350.0,2,37.98162588,-122.03110164,4
2020,2020-12-01,1323,12,4,13,2,N,A,N,A,H,A,A,01,E,10,G,Y,,,,B,N,N,A,1,1,0,0,21950.0,2,37.97806167602539,-122.03849792480467,4
2020,2020-12-01,1405,12,4,14,2,Y,A,N,A,H,A,A,07,,09,D,,,Y,,C,Y,N,D,1,0,0,1,21802.0,2,37.95808029174805,-121.97422790527344,2
2020,2020-12-03,1453,12,4,14,4,N,A,N,A,H,A,A,01,W,04,C,,,,,C,N,N,A,1,0,0,0,21703.0,3,37.95867538452149,-122.04098510742188,4
2020,2020-12-07,904,12,4,9,1,N,A,N,A,H,A,A,01,E,03,C,,,Y,,C,Y,N,A,2,0,0,1,22350.0,2,37.97956848144531,-122.03278350830078,3
2016,2016-07-29,730,7,2,7,5,Y,A,N,A,H,A,A,01,,12,D,,,,,C,Y,F,A,1,0,0,0,22450.0,7,37.93994999,-122.35246986,4
2020,2020-12-07,2228,12,4,22,1,N,A,N,A,H,C,N,60,W,11,G,Y,,,,B,N,F,D,1,1,0,0,21954.0,2,37.95237731933594,-122.044677734375,2
2020,2020-12-08,1217,12,4,12,2,N,A,N,A,H,A,A,01,N,21,G,Y,,,,B,N,N,D,2,2,0,0,22106.0,3,37.977237701416016,-122.0330047607422,4
2020,2020-12-10,1520,12,4,15,4,N,A,N,A,H,A,A,01,E,03,C,,,,,C,N,N,A,3,0,0,0,22350.0,2,37.97320938110352,-122.03741455078124,4
2020,2020-12-11,623,12,4,6,5,N,A,N,A,H,B,A,01,W,07,A,,,,,J,Y,F,D,2,0,0,0,21658.0,1,37.968788146972656,-122.0322265625,3
2020,2020-12-12,2220,12,4,22,6,Y,C,N,B,H,C,A,01,,10,G,Y,,,,B,N,F,A,1,1,0,0,21950.0,2,37.96250915527344,-122.0357666015625,3
2020,2020-12-13,412,12,4,4,7,N,B,N,B,H,C,A,01,N,01,A,,,,,E,Y,N,D,1,0,0,0,23152.0,3,37.9479866027832,-121.9638671875,3
2020,2020-12-13,920,12,4,9,7,Y,C,N,B,H,A,A,01,,03,D,,,,,C,Y,N,A,2,0,0,0,22350.0,2,37.9710693359375,-122.04595184326172,3
2020,2020-12-13,1519,12,4,15,7,N,A,N,B,H,A,A,01,W,08,C,,,,,C,N,N,D,1,0,0,0,22107.0,2,37.95883941650391,-122.03543853759766,4
2020,2020-12-16,827,12,4,8,3,N,A,N,B,H,A,A,01,N,03,E,,,,,I,Y,N,D,1,0,0,0,22350.0,1,,,4
2020,2020-12-17,1538,12,4,15,4,N,A,N,A,H,A,A,07,S,22,G,Y,,,,B,N,N,D,1,1,0,0,,2,37.956298828125,-122.03913116455078,4
2020,2020-12-18,1534,12,4,15,5,N,A,N,A,H,A,A,01,S,03,C,,,,,C,N,F,A,1,0,0,0,22350.0,2,37.96817779541016,-122.03221130371094,4
2020,2020-12-19,1154,12,4,11,6,Y,A,N,A,H,A,A,07,,03,D,,,,,C,Y,N,A,2,0,0,0,22350.0,2,37.97529983520508,-122.03160095214844,4
2020,2020-12-19,1225,12,4,12,6,N,A,N,A,H,A,D,22,N,08,B,,,,,C,Y,N,A,1,0,0,0,22107.0,2,37.97757339477539,-122.03019714355467,4
2020,2020-12-23,1338,12,4,13,3,N,A,N,A,H,A,-,99,W,03,C,,,,,C,N,M,D,1,0,0,0,22350.0,2,37.9716682434082,-122.01541900634766,4
2020,2020-12-23,1645,12,4,16,3,N,A,N,A,H,B,A,07,W,09,D,,,,,D,N,N,D,2,0,0,0,21801.0,3,37.95567321777344,-122.04000854492188,4
2020,2020-12-24,1223,12,4,12,4,Y,A,N,A,H,A,A,01,,12,D,,,,,C,N,N,A,1,0,0,0,21453.0,2,37.96992874145508,-122.04502868652344,3
2020,2020-12-26,856,12,4,8,6,N,A,N,B,H,A,A,01,N,12,D,,,,,C,Y,N,A,1,0,0,0,21453.0,2,37.97867202758789,-122.0419464111328,4
2020,2020-12-26,1511,12,4,15,6,Y,B,N,A,H,A,A,01,,08,D,,,,,C,Y,N,A,1,0,0,0,22100.0,2,37.97729110717773,-122.02999877929688,4
2020,2020-12-27,1114,12,4,11,7,N,A,N,A,H,A,A,07,E,03,C,,,,,C,N,N,A,2,0,0,0,22350.0,2,37.96261978149414,-121.98681640625,4
2020,2020-12-29,1414,12,4,14,2,N,A,N,A,H,A,C,02,W,03,F,,,Y,,A,Y,N,A,1,0,0,1,22350.0,1,37.969825744628906,-122.02510833740234,2
2020,2020-12-31,632,12,4,6,4,Y,A,N,B,H,C,L,04,,08,D,,Y,,,G,N,N,A,1,0,1,0,22107.0,2,37.978118896484375,-122.06130981445312,3
2020,2020-12-31,1221,12,4,12,4,Y,A,Y,A,H,A,-,98,,12,D,,,,,C,Y,N,A,1,0,0,0,21453.0,2,37.96961975097656,-122.0467529296875,4
2020,2020-12-31,1934,12,4,19,4,N,A,N,A,H,C,A,01,E,08,D,,,,,C,Y,N,D,3,0,0,0,22107.0,2,37.96159362792969,-121.98397827148438,4
2016,2016-10-02,1417,10,3,14,7,-,A,N,A,H,A,D,22,,09,D,,,,,C,Y,N,D,2,0,0,0,21801.0,2,37.90823425,-122.06180692,3
2016,2016-08-31,1234,8,2,12,3,Y,A,N,A,H,A,-,,,12,D,,,,,C,Y,N,A,2,0,0,0,21453.0,2,37.97571995,-122.06494996,3
2016,2016-08-29,2308,8,2,23,1,N,A,N,A,H,C,-,,W,05,A,,,,,C,Y,N,D,2,0,0,0,21650.0,2,37.95644833,-122.08488745,3
2016,2016-09-27,1949,9,3,19,2,Y,A,N,A,H,C,A,01,,03,C,,,,,C,N,N,A,1,0,0,0,22350.0,2,37.91087989,-122.05982994,4
2016,2016-09-18,1603,9,3,16,7,Y,A,N,A,H,A,-,,,12,D,,,,,C,Y,N,A,3,0,0,0,21453.0,2,37.93344992,-122.06072986,4
2016,2016-09-30,1911,9,3,19,5,N,A,N,A,H,B,-,- ,N,18,B,,,Y,,C,N,N,A,1,0,0,1,,3,37.92089693,-122.03447742,4
2016,2016-09-20,623,9,3,6,2,N,A,N,A,H,B,-,,E,03,C,,,,,C,Y,N,D,2,0,0,0,22350.0,3,37.94591652,-122.05401521,4
2016,2016-09-28,815,9,3,8,3,N,A,N,A,H,A,A,01,W,22,C,,,,,C,Y,N,D,2,0,0,0,,3,37.90747499,-122.05672373,3
2016,2016-09-24,1408,9,3,14,6,Y,A,N,A,H,A,-,- ,,- ,D,,Y,,,G,N,N,A,1,0,1,0,,2,37.97158998,-122.06368997,4
2016,2016-09-12,740,9,3,7,1,N,A,N,A,H,A,N,60,S,08,G,Y,,,,B,N,N,D,1,1,0,0,22107.0,1,37.96664766,-122.06602512,4
2016,2016-08-07,1855,8,2,18,7,Y,A,N,A,H,A,A,01,,09,B,,,,,C,Y,N,A,1,0,0,0,21802.0,2,37.90149993,-122.30733988,4
2016,2016-10-01,1140,10,3,11,6,Y,A,N,A,H,A,A,01,,03,C,,,,,C,N,N,A,1,0,0,0,22350.0,3,37.89735997,-122.06344999,4
2020,2020-11-28,1152,11,3,11,6,N,A,N,A,H,A,A,01,E,09,D,,,,,C,Y,N,A,1,0,0,0,21804.0,2,37.952949523925774,-122.04386138916016,3
2016,2016-10-04,1930,10,3,19,2,N,B,N,A,H,C,A,71,N,07,B,,,,,C,Y,N,D,1,0,0,0,21658.0,2,37.75347203,-121.90915756,4
2016,2016-09-03,1021,9,3,10,6,N,A,N,A,H,A,A,01,W,00,C,,,,,C,N,N,A,2,0,0,0,21703.0,2,37.92558039,-121.69102287,4
2016,2016-09-15,751,9,3,7,4,Y,A,N,A,H,A,A,07,,09,D,,,,,C,Y,N,A,3,0,0,0,21802.0,2,37.92558997,-121.68046994,4
2016,2016-09-21,1925,9,3,19,3,N,A,N,A,H,C,A,01,W,09,A,,,,,C,N,N,D,1,0,0,0,21801.0,2,37.9467225,-121.69773998,4
2016,2016-09-06,1019,9,3,10,2,N,A,N,A,H,A,A,01,S,08,E,,,,,I,Y,N,A,1,0,0,0,22107.0,1,37.9240934,-121.74243241,4
2016,2016-09-10,442,9,3,4,6,N,A,N,A,H,C,A,01,W,08,C,,,,,C,Y,N,A,3,0,0,0,22107.0,2,37.945077,-121.70577599,4
2016,2016-09-13,920,9,3,9,2,N,A,N,A,H,A,A,01,N,03,C,,,,,C,Y,M,A,1,0,0,0,22350.0,2,38.00334145,-121.84584047,4
2016,2016-08-11,1600,8,2,16,4,N,A,N,A,H,A,D,22,E,21,G,Y,,,,B,N,N,D,1,1,0,0,22106.0,2,37.97684102,-121.80214322,3
2016,2016-08-30,638,8,2,6,2,Y,A,Y,A,H,A,A,01,,12,D,,,,,C,Y,N,A,1,0,0,0,21453.0,2,38.00003385,-121.75509328,4
2016,2016-09-06,635,9,3,6,2,Y,A,Y,A,H,A,C,02,,03,H,,,Y,,A,Y,N,A,1,0,0,1,22350.0,1,37.99825859,-121.80864179,4
2016,2016-09-07,1128,9,3,11,3,N,A,N,A,H,A,A,01,S,22,C,,,,,E,N,N,D,1,0,0,0,,2,37.99615916,-121.84621722,4
2016,2016-09-03,1534,9,3,15,6,Y,A,N,A,H,A,A,01,,12,B,,,,,C,Y,N,A,3,0,0,0,21453.0,2,37.99634994,-121.78543994,4
2016,2016-08-31,2500,8,2,25,3,N,A,N,A,H,A,A,08,,01,G,Y,,,,B,Y,N,A,1,1,0,0,23153.0,2,,,3
2016,2016-10-01,123,10,3,1,6,N,A,N,A,H,D,A,01,W,08,E,,,,,I,Y,N,D,2,0,0,0,22107.0,1,37.96161,-121.71954996,4
2016,2016-08-31,1228,8,2,12,3,N,A,N,A,H,A,A,01,W,03,C,,,,,C,N,N,A,2,0,0,0,22350.0,2,37.94365,-121.73596883,4
2016,2016-09-15,1533,9,3,15,4,Y,A,N,A,-,A,L,04,,05,D,,Y,,,G,N,N,A,1,0,1,0,21650.0,2,37.98593992,-122.33540997,3
2016,2016-09-17,1213,9,3,12,6,N,A,N,A,H,A,A,01,E,08,E,,,,,I,Y,N,D,3,0,0,0,22107.0,1,37.97443,-122.36505649,3
2016,2016-07-23,1750,7,2,17,6,Y,A,N,A,H,A,L,04,,12,D,,Y,,,G,N,N,A,1,0,1,0,22450.0,2,37.94610991,-122.32789999,3
2016,2016-09-15,1859,9,3,18,4,Y,A,N,-,-,A,-,,,03,G,Y,,,,B,N,F,D,1,1,0,0,22350.0,2,37.96030523,-122.34236866,4
2016,2016-10-13,1252,10,3,12,4,N,A,N,A,H,A,J,48,S,08,D,,,,,C,N,N,D,1,0,0,0,22107.0,2,37.94782223,-122.36357407,4
2016,2016-10-24,749,10,3,7,1,N,A,N,A,H,A,A,01,N,09,B,,,,,C,N,N,D,1,0,0,0,21804.0,2,37.92036117,-122.06124261,4
2016,2016-10-26,1630,10,3,16,3,N,A,N,A,H,A,A,07,E,08,A,,,,,I,Y,N,A,1,0,0,0,22107.0,1,37.9852512,-122.01202225,3
2016,2016-10-23,908,10,3,9,7,N,A,N,A,H,A,J,48,S,05,D,,,,,C,Y,N,D,1,0,0,0,21651.0,2,37.94959492,-122.06025516,4
2016,2016-11-14,648,11,3,6,1,Y,B,N,A,-,B,A,01,,05,A,,,,,C,Y,N,D,2,0,0,0,21650.0,2,37.9787399,-122.3531699,3
2016,2016-11-06,949,11,3,9,7,Y,A,N,A,H,A,J,41,,08,B,,,,,C,Y,N,A,2,0,0,0,22100.0,2,37.93836,-122.36005986,4
2016,2016-10-06,2200,10,3,22,4,Y,A,N,A,H,C,D,22,,12,D,,,,,C,Y,F,A,1,0,0,0,22450.0,2,37.97385993,-121.78222995,4
2016,2016-08-13,1432,8,2,14,6,Y,A,N,A,H,A,C,,,03,C,,,Y,,C,N,N,D,1,0,0,1,22350.0,2,37.92652998,-122.10814993,2
2016,2016-10-07,1020,10,3,10,5,Y,A,N,A,H,A,D,22,,12,D,,,,,C,Y,N,A,1,0,0,0,21453.0,2,37.98159989,-122.03108986,3
2016,2016-09-28,1808,9,3,18,3,N,A,N,A,H,A,A,07,W,03,C,,,,,C,Y,N,D,1,0,0,0,22350.0,3,37.97523553,-122.03173324,4
2016,2016-09-02,1432,9,3,14,5,N,A,N,A,H,A,A,01,W,03,C,,,,,C,Y,N,A,1,0,0,0,22350.0,2,37.94639976,-121.99383887,4
2016,2016-09-30,2354,9,3,23,5,N,A,N,A,H,C,A,01,S,08,B,,,,,E,Y,N,A,1,0,0,0,22107.0,2,37.97905979,-122.03589417,3
2016,2016-10-01,1927,10,3,19,6,N,A,N,A,H,C,A,07,S,09,A,,,,,C,Y,N,D,5,0,0,0,21801.0,2,37.96072624,-121.99525983,3
2016,2016-10-03,1731,10,3,17,1,N,A,N,A,H,A,A,07,W,03,C,,,,,C,Y,N,A,1,0,0,0,22350.0,2,38.00405618,-121.99944873,4
2016,2016-10-09,1645,10,3,16,7,Y,A,N,A,H,A,A,01,,12,A,,,,,C,Y,N,A,3,0,0,0,21453.0,3,37.95548993,-122.00166998,4
2016,2016-10-07,912,10,3,9,5,N,A,N,A,H,A,A,01,E,03,C,,,,,C,N,N,A,1,0,0,0,22350.0,2,37.9611085,-121.98262849,4