ACCIDENT_YEAR,COLLISION_DATE,COLLISION_TIME,MONTH,SEASON,24HOURS,DAY_OF_WEEK,INTERSECTION,WEATHER_1,STATE_HWY_IND,ROAD_SURFACE,ROAD_COND_1,LIGHTING,STWD_VEHTYPE_AT_FAULT,CHP_VEHTYPE_AT_FAULT,DIRECTION,PCF_VIOL_CATEGORY,TYPE_OF_COLLISION,PEDESTRIAN_ACCIDENT,BICYCLE_ACCIDENT,MOTORCYCLE_ACCIDENT,TRUCK_ACCIDENT,MVIW,TOW_AWAY,HIT_AND_RUN,CONTROL_DEVICE,NUMBER_INJURED,COUNT_PED_INJURED,COUNT_BICYCLIST_INJURED,COUNT_MC_INJURED,PCF_VIOLATION,PARTY_COUNT,POINT_Y,POINT_X,COLLISION_SEVERITY
2016,2016-12-21,1803,12,4,18,3,Y,A,N,A,H,C,-,- ,,00,D,,,,,C,Y,N,A,1,0,0,0,,2,37.90812993,-122.05490992,4
2016,2016-12-29,137,12,4,1,4,Y,A,N,A,H,C,A,01,,03,E,,,,,I,N,N,D,1,0,0,0,22350.0,1,37.91769993,-122.08078993,3
2016,2016-12-15,1857,12,4,18,4,N,B,N,B,H,D,-,,N,07,B,,,,,C,Y,F,D,3,0,0,0,21658.0,4,37.87918669,-122.125831,3
2016,2016-12-02,2135,12,4,21,5,Y,A,N,A,H,C,A,01,,03,C,,,,,C,N,M,A,1,0,0,0,22350.0,2,37.95478999,-122.3310199,4
2016,2016-12-19,800,12,4,8,1,N,A,N,A,H,A,-,- ,E,- ,D,,,,,C,N,N,D,1,0,0,0,,2,37.95656,-122.34733,4
2016,2016-11-26,2249,11,3,22,6,N,C,N,B,H,C,A,01,W,03,E,,,,,I,Y,N,A,1,0,0,0,22350.0,1,37.81596075,-121.9654319,4
2016,2016-11-21,1556,11,3,15,1,N,A,N,A,H,A,-,,S,01,E,,,,,I,Y,N,D,2,0,0,0,23152.0,1,37.75694911,-121.88736409,2
2016,2016-11-24,2213,11,3,22,4,N,-,N,-,-,-,-,- ,N,01,E,,,,,C,Y,N,D,1,0,0,0,23152.0,3,37.97094,-122.34765,3
2016,2016-11-29,1852,11,3,18,2,Y,A,N,A,H,C,A,07,,09,D,,,,,C,N,N,A,1,0,0,0,21801.0,2,37.90132995,-122.06301992,4
2016,2016-11-30,1700,11,3,17,3,N,A,Y,A,G,B,I,11,W,01,B,,,,,E,N,N,D,1,0,0,0,23152.0,2,37.90061149,-122.30256646,4
2016,2016-11-11,1100,11,3,11,5,Y,A,N,A,H,A,A,01,,12,D,,,,,C,N,N,A,1,0,0,0,22450.0,2,38.01548999,-121.81973989,4
2016,2016-10-22,252,10,3,2,6,N,A,N,A,H,C,A,01,S,01,B,,,,,E,Y,M,D,1,0,0,0,23152.0,2,38.00796267,-121.81377221,3
2017,2017-01-06,1556,1,4,15,5,Y,B,N,A,H,A,A,01,,12,A,,,,Y,C,Y,N,A,1,0,0,0,21453.0,2,37.77033996,-121.95646986,4
2017,2017-01-02,1731,1,4,17,1,Y,A,N,A,H,C,-,- ,,12,D,,,,,C,Y,N,A,3,0,0,0,22450.0,2,37.96250996,-122.03576995,3
2017,2017-01-11,950,1,4,9,3,N,B,N,A,H,A,A,07,W,03,C,,,,,C,N,N,A,1,0,0,0,22350.0,2,37.9081078,-122.05497343,4
2016,2016-11-30,1930,11,3,19,3,N,A,N,A,H,C,D,22,E,01,A,,,,,C,Y,N,D,4,0,0,0,23152.0,3,37.99729484,-121.78593512,3
2016,2016-12-29,1745,12,4,17,4,Y,A,Y,A,H,C,A,01,,12,D,,,,,C,Y,N,A,2,0,0,0,21453.0,3,37.96775631,-122.05761525,4
2016,2016-12-05,1144,12,4,11,1,Y,A,N,A,H,A,A,01,,07,C,,,,,E,Y,N,D,1,0,0,0,21658.0,2,37.99654997,-121.83825989,4
2016,2016-12-23,200,12,4,2,5,N,A,N,A,H,C,B,07,S,01,C,,,,,E,N,N,D,1,0,0,0,23152.0,3,37.98633975,-121.80245863,3
2017,2017-01-11,315,1,4,3,3,Y,C,N,B,H,C,A,01,,03,A,,,,,I,Y,N,A,1,0,0,0,22350.0,1,37.93422,-122.04703991,3
2017,2017-01-10,1806,1,4,18,2,Y,B,N,B,H,C,A,01,,12,D,,,,,C,Y,N,A,2,0,0,0,21453.0,2,37.89302994,-122.05829987,4
2017,2017-01-02,1755,1,4,17,1,Y,B,N,A,H,C,A,01,,09,D,,,,,C,N,N,D,1,0,0,0,21801.0,2,37.95916997,-121.97724993,4
2017,2017-01-03,1539,1,4,15,2,N,C,N,B,H,A,A,01,W,09,C,,,,,C,N,N,D,1,0,0,0,21804.0,2,37.98269506,-122.01685989,4
2016,2016-11-24,1955,11,3,19,4,Y,A,N,A,H,C,A,01,,12,D,,,,,C,Y,N,A,3,0,0,0,21453.0,2,37.97114996,-121.78229999,2
2016,2016-09-08,2158,9,3,21,4,Y,A,N,A,H,C,D,22,,09,D,,,,,C,Y,N,A,2,0,0,0,21801.0,2,37.93509994,-122.34293997,3
2016,2016-09-09,940,9,3,9,5,Y,B,N,A,H,A,A,01,,09,-,,,,,C,Y,N,A,1,0,0,0,21801.0,4,37.93850989,-122.35615988,4
2016,2016-11-29,940,11,3,9,2,Y,A,N,A,H,A,A,01,,12,D,,,,,C,Y,N,A,3,0,0,0,21453.0,2,37.97616991,-122.34218986,3
2016,2016-12-22,1748,12,4,17,4,N,A,N,A,H,C,A,01,S,10,G,Y,,,,B,N,N,D,1,1,0,0,21950.0,2,37.92661176,-122.36005,4
2016,2016-12-02,1415,12,4,14,5,Y,A,N,A,H,B,A,01,,08,-,,Y,,,G,N,F,A,1,0,1,0,22107.0,2,37.93654989,-122.33361989,2
2016,2016-12-01,1921,12,4,19,4,N,A,N,A,H,D,A,07,S,03,-,Y,,,,B,N,F,D,1,1,0,0,22350.0,2,37.92445542,-122.36384479,3
2016,2016-12-17,1717,12,4,17,6,Y,C,N,B,-,C,A,01,,10,G,Y,,,,B,N,F,A,1,1,0,0,21950.0,2,37.93406992,-122.3600099,4
2016,2016-12-14,114,12,4,1,3,N,A,N,A,H,C,-,,N,- ,C,,,,,E,Y,N,D,1,0,0,0,,5,37.91251522,-122.32033886,2
2016,2016-10-05,621,10,3,6,3,N,A,Y,A,H,C,A,01,S,03,D,,,,,E,Y,M,A,1,0,0,0,22350.0,2,37.94158755,-122.32387691,3
2016,2016-11-15,1810,11,3,18,2,N,B,N,A,H,B,N,60,S,11,G,Y,,,,B,N,N,A,1,1,0,0,21950.0,2,38.00815994,-121.87095991,3
2016,2016-11-14,636,11,3,6,1,Y,A,N,A,H,A,A,01,,10,G,Y,,,,B,N,N,A,1,1,0,0,21950.0,2,38.01635995,-121.90603986,3
2016,2016-11-08,2122,11,3,21,2,Y,A,N,A,H,C,A,07,,01,A,,,Y,,C,N,N,A,1,0,0,1,23152.0,2,38.0159099,-121.88263992,4
2016,2016-09-19,1200,9,3,12,1,N,A,N,A,H,A,A,01,N,09,B,,,,,C,Y,N,D,1,0,0,0,21801.0,2,37.93571501,-122.32524538,4
2016,2016-11-03,745,11,3,7,4,Y,A,N,A,H,A,-,,,10,G,Y,,,,B,N,N,D,1,1,0,0,21950.0,2,37.93851994,-122.36184996,2
2016,2016-11-28,826,11,3,8,1,N,B,N,A,H,A,C,02,E,03,E,,,Y,,I,Y,N,D,1,0,0,1,22350.0,1,37.96775,-122.37375,3
2016,2016-10-14,1846,10,3,18,5,Y,B,N,B,H,C,A,01,,01,E,,,,,C,Y,F,A,1,0,0,0,23152.0,2,37.91027991,-122.31596999,4
2016,2016-11-29,1632,11,3,16,2,N,A,N,A,H,A,A,07,W,03,C,,,,,C,N,N,A,1,0,0,0,22350.0,2,37.93571,-122.35436874,4
2016,2016-10-14,147,10,3,1,5,Y,A,N,A,H,C,D,22,,08,F,,,,,J,Y,N,D,1,0,0,0,22107.0,1,37.98723997,-122.33972996,4
2016,2016-10-11,2040,10,3,20,2,N,A,N,A,H,C,A,01,S,03,B,,,,,C,Y,N,A,1,0,0,0,22350.0,3,37.94141857,-122.36271791,4
2016,2016-11-13,1149,11,3,11,7,N,A,N,A,H,A,A,01,E,03,C,,,,,C,Y,N,A,1,0,0,0,22350.0,2,37.9343838,-122.34374121,4
2016,2016-11-18,1750,11,3,17,5,N,A,N,A,H,C,-,- ,W,22,D,,Y,,,G,N,N,A,1,0,1,0,,2,37.89967716,-122.31677742,3
2016,2016-10-15,1830,10,3,18,6,N,C,N,B,H,C,-,99,W,17,C,,Y,,,G,N,F,D,1,0,1,0,22109.0,2,38.01692866,-121.95245731,2
2017,2017-01-03,1720,1,4,17,2,Y,C,N,B,H,D,D,22,,03,E,,,,,I,Y,N,D,1,0,0,0,22350.0,1,38.02373991,-121.88712998,4
2016,2016-11-17,1203,11,3,12,4,N,A,N,A,H,A,D,22,N,10,G,Y,,,,B,N,F,A,1,1,0,0,21950.0,2,38.01771516,-121.88191611,4
2016,2016-12-19,817,12,4,8,1,N,A,N,A,H,A,A,01,N,03,C,,,,,D,N,N,A,1,0,0,0,22350.0,3,38.01506866,-121.89995898,4
2016,2016-12-13,522,12,4,5,2,Y,A,N,A,H,C,A,01,,09,D,,,,,C,Y,F,A,1,0,0,0,21453.0,2,38.00815994,-121.87095991,4
2016,2016-12-07,2230,12,4,22,3,N,C,N,B,H,C,N,60,E,11,G,Y,,,,B,N,N,A,1,1,0,0,21955.0,2,38.0078154,-121.86249375,2
2017,2017-01-09,800,1,4,8,1,N,A,N,A,H,A,A,01,S,10,D,Y,,,,B,N,N,A,1,1,0,0,21950.0,2,38.00384795,-122.29218768,4
2017,2017-01-07,2336,1,4,23,6,N,C,N,B,H,C,N,60,S,11,G,Y,,,,B,N,N,A,1,1,0,0,21955.0,2,38.02449317,-121.88683333,2
2016,2016-04-14,821,4,1,8,4,N,A,N,A,H,A,A,01,W,06,G,Y,,,,B,N,N,D,1,1,0,0,21951.0,2,37.93496541,-122.34205574,4
2016,2016-04-01,47,4,1,0,5,Y,A,N,A,H,C,-,,,03,C,,,,,E,N,N,D,1,0,0,0,22350.0,2,37.97442991,-122.33657999,3
2016,2016-03-15,2003,3,1,20,2,Y,A,N,A,H,C,-,,,12,F,,,,,C,Y,N,A,2,0,0,0,22450.0,2,37.93572988,-122.34754993,3
2016,2016-08-28,1900,8,2,19,7,Y,A,N,A,-,A,-,- ,,- ,A,Y,,,,B,N,N,D,1,1,0,0,,2,37.94147994,-122.34748994,4
2016,2016-08-24,1850,8,2,18,3,N,A,N,A,H,A,C,02,W,03,E,,,Y,,I,Y,N,D,1,0,0,1,22350.0,1,37.93786993,-122.32627987,3
2016,2016-03-27,1620,3,1,16,7,N,A,N,A,H,A,A,01,E,03,G,Y,,,,B,N,N,D,1,1,0,0,22350.0,2,37.95124698,-122.36856861,3
2017,2017-01-14,1106,1,4,11,6,N,A,N,A,H,A,D,22,S,03,C,,,,,C,Y,N,A,1,0,0,0,22350.0,3,37.95615732,-121.96891446,4
2016,2016-12-15,1334,12,4,13,4,N,C,N,A,H,A,-,,S,10,D,,Y,,,G,N,N,A,1,0,1,0,21950.0,2,37.94677137,-122.06040312,4
2016,2016-12-22,1254,12,4,12,4,Y,A,N,A,H,A,-,,,12,B,,,,,C,N,M,A,1,0,0,0,21453.0,2,37.94368703,-122.05623865,3
2016,2016-12-16,1553,12,4,15,5,N,A,N,A,H,A,-,,W,09,D,,Y,,,G,N,N,D,1,0,1,0,21801.0,2,37.94789817,-122.08309322,3
2016,2016-12-16,1501,12,4,15,5,Y,A,N,A,H,A,-,,,09,D,,,,,C,N,N,A,1,0,0,0,21801.0,2,37.94520989,-122.06182989,4
2016,2016-12-05,507,12,4,5,1,N,A,N,A,H,C,-,,S,07,C,,,,,E,Y,N,A,1,0,0,0,21658.0,3,37.96508754,-122.06241522,3
2016,2016-12-31,2222,12,4,22,6,N,A,N,A,H,C,A,01,S,01,B,,Y,,,G,Y,N,D,1,0,1,0,23152.0,2,37.97811591,-122.03518207,4
2016,2016-12-30,2005,12,4,20,5,N,A,N,A,H,D,-,,E,01,A,,,,,E,Y,N,D,1,0,0,0,23152.0,2,37.93450092,-122.07547849,4
2016,2016-11-27,1358,11,3,13,7,Y,A,N,A,H,A,A,01,,10,G,Y,,,,B,N,N,A,1,1,0,0,21950.0,2,37.94683991,-122.06039986,3
2017,2017-02-07,1746,2,4,17,2,Y,B,N,B,H,B,A,01,,03,G,Y,,,,B,N,N,D,1,1,0,0,22350.0,2,38.00859994,-122.28133991,4
2017,2017-02-27,1120,2,4,11,1,Y,A,N,A,H,A,A,01,,09,B,,,,,C,Y,N,D,1,0,0,0,21804.0,2,38.00358999,-121.84956985,4
2017,2017-01-13,1833,1,4,18,5,N,B,N,-,H,C,L,04,W,17,D,,Y,,,G,Y,N,D,1,0,1,0,21657.0,2,37.96295349,-122.0609067,4
2016,2016-10-08,500,10,3,5,6,N,A,N,A,H,A,A,01,N,01,E,,,,,I,Y,M,D,1,0,0,0,23152.0,1,37.96733644,-121.74823433,3
2017,2017-01-01,1340,1,4,13,7,Y,A,N,A,H,A,A,01,,09,G,,Y,,,G,N,N,D,1,0,1,0,21801.0,2,37.87267998,-122.02164993,3
2017,2017-01-04,2237,1,4,22,3,Y,C,N,B,H,C,-,- ,,12,D,,,,,C,Y,N,A,2,0,0,0,21453.0,2,37.90357999,-122.06517994,4
2016,2016-12-30,7,12,4,0,5,N,A,N,B,H,C,A,01,E,17,E,,,,,I,N,N,A,2,0,0,0,21658.0,1,38.02513961,-121.87888612,2
2017,2017-01-13,1537,1,4,15,5,N,A,N,A,H,A,A,01,E,17,E,,,,,I,Y,N,A,1,0,0,0,21658.0,1,38.01546663,-121.93498801,4
2016,2016-12-31,1210,12,4,12,6,N,B,Y,A,H,A,D,22,W,03,C,,,,,C,N,N,A,3,0,0,0,22350.0,3,37.98449397,-122.31558222,3
2017,2017-01-13,1451,1,4,14,5,Y,A,N,A,H,A,-,,,09,D,,,,,C,N,N,A,1,0,0,0,21801.0,2,37.94522998,-122.06424988,4
2017,2017-01-10,1840,1,4,18,2,Y,C,N,B,H,C,L,04,,05,D,,Y,,,C,N,N,A,1,0,1,0,21650.0,2,37.98027992,-122.05592987,4
2017,2017-01-16,2025,1,4,20,1,Y,A,N,A,H,C,A,01,,12,D,,,,,C,Y,N,A,3,0,0,0,21453.0,2,37.97106989,-122.04594994,4
2017,2017-01-11,1941,1,4,19,3,Y,A,N,A,H,C,A,08,,09,D,,,,,C,Y,N,D,1,0,0,0,21453.0,2,37.95465993,-122.04142988,4
2017,2017-01-08,21,1,4,0,7,Y,C,N,B,H,C,-,,,08,D,,,,,C,Y,N,D,2,0,0,0,22107.0,2,37.93328989,-122.06594991,4
2017,2017-01-15,339,1,4,3,7,N,E,N,B,H,C,A,01,N,01,A,,,,,E,Y,N,A,1,0,0,0,23152.0,3,37.97996188,-122.03505296,3
2017,2017-01-07,1833,1,4,18,6,Y,B,N,B,H,C,A,01,,01,D,,,,,C,Y,N,A,1,0,0,0,23152.0,2,37.94295993,-122.02894994,4
2017,2017-01-16,1239,1,4,12,1,Y,B,N,A,H,A,A,01,,22,E,,,,,I,Y,N,D,1,0,0,0,,2,37.83733991,-122.14622988,3
2017,2017-02-04,2248,2,4,22,6,N,A,N,A,H,C,A,01,E,01,E,,,,,I,Y,M,D,1,0,0,0,23152.0,1,37.9474085,-122.35352983,4
2017,2017-03-09,720,3,1,7,4,N,B,N,A,H,A,A,01,E,09,A,,,,,C,Y,N,A,1,0,0,0,21801.0,2,37.92527,-122.36880168,2
2017,2017-03-03,1906,3,1,19,5,Y,A,N,A,H,C,A,01,,12,D,,,,,C,Y,N,A,2,0,0,0,22450.0,2,38.00215993,-121.806,3
2017,2017-03-21,1052,3,1,10,2,Y,B,N,B,D,A,A,01,,03,C,,,,,C,N,N,A,1,0,0,0,22350.0,2,38.0076399,-121.85558987,4
2017,2017-03-27,1547,3,1,15,1,Y,A,N,A,H,A,A,01,,01,D,,,,,C,Y,N,A,1,0,0,0,23152.0,2,37.96175989,-121.7600499,2
2016,2016-09-26,727,9,3,7,1,Y,A,N,A,H,A,A,07,,09,D,,,,,C,Y,N,D,2,0,0,0,21802.0,2,37.86775995,-122.14541999,3
2016,2016-10-07,1123,10,3,11,5,Y,A,N,A,H,A,A,01,,08,E,,,,,I,Y,N,D,1,0,0,0,22107.0,1,37.89729998,-122.19217995,3
2016,2016-11-03,941,11,3,9,4,Y,A,N,A,H,A,L,04,,09,D,,Y,,,G,N,N,A,1,0,1,0,21804.0,2,37.80634884,-121.98651463,3
2016,2016-10-08,1034,10,3,10,6,N,A,N,A,H,A,-,,N,07,B,,,,,I,Y,N,D,1,0,0,0,21658.0,1,37.89193017,-122.09433007,3
2016,2016-08-31,1840,8,2,18,3,Y,A,N,A,H,A,-,,,09,D,,,,,C,Y,N,A,1,0,0,0,21801.0,2,37.88701996,-122.11802998,4
2017,2017-04-02,1713,4,1,17,7,Y,A,N,A,H,A,C,02,,12,-,,,Y,,C,N,N,A,1,0,0,0,21453.0,2,37.97496997,-121.98356999,3
2017,2017-01-06,1146,1,4,11,5,Y,A,N,A,H,A,A,08,,12,D,,,,,C,Y,N,A,1,0,0,0,21453.0,2,37.92554998,-121.69614989,3
2016,2016-12-07,2322,12,4,23,3,N,C,N,B,H,C,A,01,N,08,E,,,,,I,Y,N,D,1,0,0,0,22107.0,1,37.92524,-121.74233,4
2016,2016-12-25,1545,12,4,15,7,N,A,N,A,H,A,A,01,S,21,G,Y,,,,B,N,F,D,1,1,0,0,22106.0,2,37.92203,-121.72203,4
2016,2016-12-09,1340,12,4,13,5,N,B,N,A,H,A,-,- ,,03,F,,,,,I,Y,N,A,1,0,0,0,22350.0,1,37.92534989,-121.75252987,3
2016,2016-12-01,1153,12,4,11,4,N,A,N,A,H,A,A,07,N,03,E,,,,,I,Y,N,D,1,0,0,0,22350.0,1,37.94872934,-121.70624072,2
2016,2016-12-01,1513,12,4,15,4,N,A,N,A,H,A,N,60,,11,B,Y,,Y,,B,N,N,A,2,2,0,0,21954.0,3,37.93267998,-121.68688994,3
2016,2016-12-21,1834,12,4,18,3,N,A,N,A,H,C,A,01,S,03,C,,,,,C,Y,N,A,1,0,0,0,22350.0,2,37.8929322,-121.71976001,2
2016,2016-12-17,1450,12,4,14,6,Y,A,N,A,H,A,L,04,,09,D,,Y,,,G,N,N,D,1,0,1,0,21804.0,2,37.92799996,-121.69152986,3
2016,2016-12-27,1552,12,4,15,2,N,A,N,A,H,A,A,01,,08,B,,,,,C,N,N,A,1,0,0,0,22107.0,2,37.94503998,-121.70514996,4
2016,2016-10-26,702,10,3,7,3,Y,A,Y,A,H,C,A,07,,12,D,,,,,C,Y,N,A,3,0,0,0,21453.0,2,37.92526956,-121.73289141,2
2017,2017-01-04,412,1,4,4,3,Y,C,N,B,H,C,D,22,,12,A,,,,,C,Y,N,A,2,0,0,0,21453.0,2,37.92087994,-122.03442986,4
2016,2016-04-26,1445,4,1,14,2,Y,A,N,A,H,A,D,22,,09,D,,,,,C,Y,N,A,1,0,0,0,21802.0,2,37.9459499,-122.35014996,4
2016,2016-12-28,738,12,4,7,3,Y,A,Y,A,H,A,A,01,,12,D,,,,,C,Y,N,A,2,0,0,0,21453.0,2,37.99310507,-122.10352382,4
2016,2016-12-05,1454,12,4,14,1,N,F,N,A,H,A,A,01,W,03,B,,,,,C,Y,N,D,2,0,0,0,22350.0,2,37.97704211,-122.09721,4
2016,2016-12-19,839,12,4,8,1,Y,A,N,A,H,A,A,01,,04,C,,,,,C,Y,N,A,1,0,0,0,21703.0,2,37.9827499,-122.1163399,4
2017,2017-01-14,1800,1,4,18,6,Y,A,N,A,H,A,A,01,,10,G,Y,,,,B,N,N,A,1,1,0,0,21950.0,2,37.89327996,-122.05680986,4
2017,2017-01-20,1437,1,4,14,5,Y,B,N,B,H,A,A,01,,03,C,,,,,C,Y,N,D,1,0,0,0,22350.0,2,37.92087994,-122.03442986,4
2017,2017-01-20,852,1,4,8,5,Y,B,N,B,H,A,A,01,,10,G,Y,,,,B,N,N,D,1,1,0,0,21950.0,2,37.93282996,-122.03654997,4
2017,2017-01-03,1754,1,4,17,2,Y,A,N,A,H,A,A,01,,09,D,,,,,C,Y,N,A,1,0,0,0,21802.0,2,37.90506996,-122.06125996,4
2017,2017-01-21,909,1,4,9,6,Y,B,N,B,H,A,A,01,,08,E,,,,,I,Y,N,D,1,0,0,0,22107.0,1,37.91464989,-122.06569997,4
2016,2016-12-14,2500,12,4,25,3,N,C,N,B,H,C,L,04,N,08,C,,Y,,,E,N,N,D,1,0,1,0,22107.0,2,37.92822571,-122.3205644,3
2016,2016-12-06,950,12,4,9,2,N,A,N,A,H,A,A,07,W,04,C,,,,,C,Y,N,D,1,0,0,0,21703.0,2,37.91222353,-122.3064307,4
2016,2016-12-06,2147,12,4,21,2,Y,A,Y,A,H,C,A,01,,12,D,,,,,C,Y,N,A,3,0,0,0,21453.0,2,37.97305801,-122.31951374,4
2016,2016-12-16,1600,12,4,16,5,N,A,Y,A,H,A,N,60,S,00,G,Y,,,,B,N,N,D,1,1,0,0,21955.0,2,37.92469442,-122.31795607,4
2016,2016-09-20,1602,9,3,16,2,Y,A,N,A,H,A,A,01,,09,D,,,,,C,N,N,D,1,0,0,0,21802.0,2,37.9495799,-122.35014,4
2017,2017-01-23,2315,1,4,23,1,Y,B,Y,B,H,C,-,,,12,A,,,,,C,Y,N,A,2,0,0,0,21453.0,2,37.9479477,-122.05690795,4
2017,2017-01-25,748,1,4,7,3,N,A,N,A,H,A,-,,N,03,C,,,,,C,N,N,A,1,0,0,0,22350.0,2,37.97726263,-122.06568256,4
2016,2016-01-19,1615,1,4,16,2,Y,B,N,A,H,A,-,- ,,12,D,,,,,C,Y,N,A,1,0,0,0,21453.0,2,37.98262991,-122.33367993,3
2016,2016-04-28,2235,4,1,22,4,Y,A,N,A,H,C,A,01,,09,D,,,,,C,Y,N,A,2,0,0,0,21802.0,2,37.94956993,-122.35378994,4
2016,2016-03-07,925,3,1,9,1,Y,B,N,B,H,A,A,01,,05,D,,,,,C,N,N,D,1,0,0,0,21650.0,2,37.97540991,-122.33720997,4
2016,2016-02-06,1036,2,4,10,6,N,A,N,A,H,A,N,60,N,00,G,Y,,,,B,N,N,D,1,1,0,0,21954.0,2,37.93235322,-122.32342775,4
2016,2016-09-11,1421,9,3,14,7,N,A,N,A,H,A,A,07,W,08,A,,,,,C,Y,N,A,5,0,0,0,22107.0,2,37.98599384,-122.33566127,3
2016,2016-09-24,0,9,3,0,6,N,A,N,A,H,A,A,01,N,01,A,,,,,E,Y,N,D,1,0,0,0,23153.0,2,38.01710879,-122.14212644,3
2017,2017-01-25,609,1,4,6,3,N,A,N,A,H,D,N,60,E,11,G,Y,,,,B,N,N,D,1,1,0,0,21954.0,2,37.91276439,-122.06807611,3
2017,2017-01-25,1630,1,4,16,3,N,A,N,A,H,A,A,01,N,03,C,,,,,C,Y,N,A,1,0,0,0,22350.0,2,37.91578826,-122.07347,3
2017,2017-01-26,1831,1,4,18,4,Y,A,N,A,H,C,-,- ,,00,D,,,,,C,Y,N,A,1,0,0,0,,2,37.90812993,-122.05490992,4
2017,2017-01-07,800,1,4,8,6,Y,C,N,B,H,A,D,22,,10,G,Y,,,,B,N,N,A,1,1,0,0,21950.0,2,37.95465993,-122.04142988,3
2017,2017-01-17,2138,1,4,21,2,N,A,N,A,H,C,A,01,W,01,C,,,,,C,Y,N,A,1,0,0,0,23152.0,2,37.95462174,-121.96464083,4
2017,2017-01-19,812,1,4,8,4,N,B,N,B,H,A,A,01,E,09,D,,,,,C,Y,N,A,1,0,0,0,21453.0,2,37.93457477,-122.03318076,4
2017,2017-01-21,1837,1,4,18,6,N,C,N,B,H,C,A,01,W,09,C,,,,,C,Y,N,A,1,0,0,0,21804.0,2,37.95821566,-121.9741658,4
2017,2017-01-19,1748,1,4,17,4,Y,B,N,A,G,B,C,02,,06,D,,,Y,,C,N,N,A,1,0,0,1,21754.0,2,37.9735899,-122.02220998,3
2017,2017-01-19,920,1,4,9,4,Y,B,N,B,H,A,A,08,,09,D,,,,,C,Y,N,A,1,0,0,0,21453.0,2,37.9576899,-122.03710995,4
2017,2017-01-19,730,1,4,7,4,Y,B,N,B,H,A,A,01,,09,D,,,,,C,Y,N,A,2,0,0,0,21801.0,2,37.94261996,-122.0345099,3
2017,2017-01-12,2119,1,4,21,4,N,A,N,A,H,C,A,01,W,03,C,,,,,C,Y,N,A,2,0,0,0,22350.0,2,37.94891819,-122.04963261,4
2017,2017-01-31,1815,1,4,18,2,N,A,N,A,H,C,N,60,W,11,G,Y,,,,B,N,N,A,1,1,0,0,21954.0,2,37.96267996,-121.98698901,4
2017,2017-01-29,1750,1,4,17,7,N,A,N,A,H,C,A,07,S,08,-,,,,,C,Y,N,D,1,0,0,0,22107.0,2,37.96677411,-122.05510907,4
2017,2017-01-27,2357,1,4,23,5,Y,A,N,A,-,C,A,01,,01,A,,,,,C,Y,N,A,2,0,0,0,23152.0,2,37.97545996,-122.02870988,3
2017,2017-01-17,1804,1,4,18,2,N,A,N,A,H,C,A,01,E,03,C,,,,,C,N,N,D,1,0,0,0,22350.0,2,37.95324027,-121.96069944,4
2017,2017-01-22,1013,1,4,10,7,Y,B,N,B,H,A,A,01,,03,D,,,,,C,Y,N,A,2,0,0,0,22350.0,2,37.96007999,-122.03365998,3
2017,2017-01-16,1433,1,4,14,1,N,A,N,A,H,A,A,01,W,03,C,,,,,C,Y,N,D,1,0,0,0,22350.0,2,37.97924075,-122.04497911,4
2017,2017-01-10,1752,1,4,17,2,N,C,N,B,H,C,A,01,W,10,G,Y,,,,B,N,N,D,1,1,0,0,21950.0,2,37.97740211,-122.03475773,4
2016,2016-12-02,1415,12,4,14,5,Y,A,N,A,H,A,A,01,,03,C,,,,,C,N,N,A,1,0,0,0,22350.0,2,37.96154587,-121.74166203,4
2016,2016-12-30,1247,12,4,12,5,Y,A,N,A,H,A,A,01,,12,D,,,,,C,Y,N,A,1,0,0,0,21453.0,2,37.98159989,-122.03108986,4
2017,2017-02-03,1027,2,4,10,5,N,B,N,B,H,A,D,22,E,21,G,Y,,,,B,N,N,D,1,1,0,0,22106.0,2,37.94841293,-121.95635018,3
2017,2017-01-31,757,1,4,7,2,Y,B,N,A,H,A,F,21,,09,D,,,,Y,C,N,N,A,2,0,0,0,21802.0,2,37.96032989,-121.98048991,3
2017,2017-02-02,1027,2,4,10,4,Y,A,N,A,H,A,A,01,,09,D,,,,,C,Y,N,D,5,0,0,0,21801.0,4,37.9449999,-122.0156799,4
2016,2016-12-11,130,12,4,1,7,Y,A,N,A,H,C,A,01,,01,E,,,,,I,Y,F,D,2,0,0,0,23153.0,1,37.99208995,-122.13059989,3
2017,2017-01-06,1325,1,4,13,5,N,A,N,A,H,A,A,01,S,03,E,,,,,I,Y,N,D,1,0,0,0,22350.0,1,37.9961697,-122.13241137,4
2017,2017-01-26,925,1,4,9,4,N,A,N,A,H,A,-,,,03,C,,,,,C,Y,N,D,1,0,0,0,22350.0,2,38.00019555,-122.11554587,4
2016,2016-10-31,1835,10,3,18,1,Y,C,N,B,H,C,-,- ,,00,G,Y,,,,B,N,N,A,1,1,0,0,,2,37.93570999,-122.35422994,2
2016,2016-12-23,1359,12,4,13,5,Y,C,N,B,H,A,-,,,12,D,,,,,C,N,N,A,1,0,0,0,21453.0,2,37.95805991,-122.08379,4
2017,2017-01-10,1750,1,4,17,2,Y,-,N,-,-,-,A,01,,10,-,Y,,,,-,N,N,-,1,1,0,0,21950.0,2,37.95884997,-122.35666991,4
2017,2017-01-05,2309,1,4,23,4,Y,-,N,-,-,-,A,01,,03,C,,,,,C,N,M,A,1,0,0,0,22350.0,2,37.96321999,-122.35518993,4
2017,2017-01-11,1743,1,4,17,3,N,A,N,B,H,C,-,,S,03,C,,,,,C,Y,N,A,1,0,0,0,22350.0,3,37.94746559,-122.09013583,4
2017,2017-01-12,1432,1,4,14,4,Y,A,N,A,H,A,A,01,,10,G,Y,,,,B,N,N,A,1,1,0,0,21950.0,2,37.96709998,-122.06277991,4