ACCIDENT_YEAR,COLLISION_DATE,COLLISION_TIME,MONTH,SEASON,24HOURS,DAY_OF_WEEK,INTERSECTION,WEATHER_1,STATE_HWY_IND,ROAD_SURFACE,ROAD_COND_1,LIGHTING,STWD_VEHTYPE_AT_FAULT,CHP_VEHTYPE_AT_FAULT,DIRECTION,PCF_VIOL_CATEGORY,TYPE_OF_COLLISION,PEDESTRIAN_ACCIDENT,BICYCLE_ACCIDENT,MOTORCYCLE_ACCIDENT,TRUCK_ACCIDENT,MVIW,TOW_AWAY,HIT_AND_RUN,CONTROL_DEVICE,NUMBER_INJURED,COUNT_PED_INJURED,COUNT_BICYCLIST_INJURED,COUNT_MC_INJURED,PCF_VIOLATION,PARTY_COUNT,POINT_Y,POINT_X,COLLISION_SEVERITY
2017,2017-04-12,820,4,1,8,3,Y,B,N,B,H,A,A,07,,08,G,Y,,,,B,N,F,A,1,1,0,0,22107.0,2,37.96321999,-122.35518993,4
2017,2017-04-17,2137,4,1,21,1,N,C,N,B,-,C,N,60,S,11,G,Y,,,,B,N,N,A,2,2,0,0,21955.0,3,37.95822904,-122.3470976,3
2017,2017-04-02,2010,4,1,20,7,Y,A,N,A,H,C,A,07,,09,H,,Y,,,G,N,F,A,1,0,1,0,21802.0,2,38.00908553,-122.27015287,4
2017,2017-04-08,1846,4,1,18,6,Y,A,Y,A,H,A,-,,,03,C,,,,,C,N,F,A,1,0,0,0,22350.0,2,38.01422946,-122.25361657,4
2017,2017-04-05,838,4,1,8,3,Y,A,N,A,H,A,A,01,,12,D,,,,,C,Y,N,A,1,0,0,0,21453.0,2,37.97865994,-122.04189996,3
2017,2017-04-10,1949,4,1,19,1,N,A,N,A,H,C,D,22,S,08,D,,,,,C,Y,N,D,2,0,0,0,22107.0,2,37.93783892,-122.02423351,4
2017,2017-03-29,1547,3,1,15,3,Y,A,N,A,H,A,F,55,,03,C,,,,Y,C,Y,N,A,1,0,0,0,22350.0,2,38.0029799,-121.88536993,4
2017,2017-04-17,1449,4,1,14,1,N,B,N,A,H,A,A,01,E,03,C,,,,,D,Y,N,A,2,0,0,0,22350.0,3,38.00805464,-121.86367855,4
2017,2017-05-10,1522,5,1,15,3,N,A,N,A,H,A,D,22,W,03,C,,,,,C,Y,N,D,1,0,0,0,22350.0,2,37.9468041,-121.99300606,4
2017,2017-05-03,1730,5,1,17,3,N,A,N,A,H,A,D,22,W,09,B,,,Y,,C,Y,N,D,1,0,0,1,21801.0,2,38.01248925,-121.82956058,4
2017,2017-04-27,2013,4,1,20,4,N,A,N,A,H,C,A,01,S,01,C,,,,,B,Y,N,A,2,0,0,0,23152.0,2,37.9854121,-121.99565188,3
2016,2016-10-10,1757,10,3,17,1,N,A,N,A,H,A,A,01,S,03,C,,,,,C,N,N,A,1,0,0,0,22350.0,2,37.90525195,-122.30685637,4
2017,2017-03-20,1227,3,1,12,1,Y,B,N,B,H,A,A,01,,09,D,,,,,C,N,N,D,1,0,0,0,21802.0,2,37.93571999,-122.36766,4
2017,2017-03-27,1525,3,1,15,1,N,A,N,A,H,A,L,04,E,05,D,,Y,,Y,G,N,N,A,1,0,1,0,21650.0,2,37.9008037,-122.31131816,2
2017,2017-04-09,1834,4,1,18,7,N,A,N,A,H,A,-,,W,01,B,,,,,C,Y,N,A,1,0,0,0,23152.0,3,37.93462777,-122.3396393,4
2017,2017-03-20,1634,3,1,16,1,Y,C,N,B,H,A,A,01,,03,C,,,,,C,N,N,A,3,0,0,0,22350.0,2,37.94698998,-122.37183989,4
2017,2017-04-04,1530,4,1,15,2,N,A,N,-,H,A,A,07,S,03,C,,,,,C,N,N,A,1,0,0,0,22350.0,2,37.90707656,-122.30809437,4
2017,2017-03-10,1746,3,1,17,5,Y,A,N,A,H,A,A,01,,01,D,,,,,C,Y,N,A,4,0,0,0,23153.0,2,37.94366989,-122.33096989,3
2017,2017-04-13,1639,4,1,16,4,N,A,N,A,H,A,A,01,W,09,D,,,,,C,N,N,D,2,0,0,0,21802.0,2,37.97817164,-122.32881451,3
2017,2017-04-15,1905,4,1,19,6,Y,A,N,A,H,A,-,,,09,D,,,,,C,Y,N,A,1,0,0,0,21804.0,2,37.93823988,-122.34575,4
2017,2017-04-02,1346,4,1,13,7,Y,A,N,A,H,A,A,01,,09,-,,,,,C,Y,N,A,2,0,0,0,21804.0,2,37.91818998,-122.33677993,4
2017,2017-04-12,2135,4,1,21,3,Y,C,N,B,H,C,A,01,,03,C,,,,,C,N,N,A,3,0,0,0,22350.0,2,37.99003994,-122.32871987,4
2017,2017-04-07,1944,4,1,19,5,Y,B,N,A,H,C,A,07,,12,D,,,,,C,Y,N,A,1,0,0,0,21453.0,2,37.93845999,-122.34855989,4
2017,2017-04-08,2047,4,1,20,6,Y,A,N,A,H,C,A,01,,09,D,,,,,C,N,N,A,1,0,0,0,21802.0,3,37.93434997,-122.32965991,4
2017,2017-04-10,1218,4,1,12,1,N,A,N,A,H,A,A,01,W,09,D,,,Y,,C,Y,N,D,1,0,0,1,21804.0,2,37.92784909,-122.32904363,3
2017,2017-04-03,2030,4,1,20,1,N,A,N,A,H,C,-,,N,05,B,,,,,E,Y,N,D,1,0,0,0,21650.0,4,37.92841212,-122.32724244,4
2017,2017-03-24,300,3,1,3,5,Y,A,N,A,H,C,D,22,,03,E,,,,,I,N,N,A,1,0,0,0,22350.0,1,37.98105997,-121.80560991,4
2017,2017-02-27,1645,2,4,16,1,N,A,N,A,H,A,-,,E,01,C,,,,,C,Y,N,A,1,0,0,0,23152.0,3,37.95840689,-122.06085465,3
2017,2017-04-07,1727,4,1,17,5,Y,A,N,A,H,A,I,11,,12,B,,,,,C,Y,N,A,2,0,0,0,21453.0,2,37.98329992,-121.71417994,4
2017,2017-01-05,1507,1,4,15,4,Y,A,N,A,H,A,A,07,,03,C,,,,,C,N,M,A,1,0,0,0,22350.0,4,38.00222989,-121.83922991,4
2017,2017-01-29,2252,1,4,22,7,N,A,N,A,H,C,A,01,S,03,A,,,,,I,Y,N,D,1,0,0,0,22350.0,1,37.98606387,-121.85350163,4
2017,2017-04-14,1317,4,1,13,5,N,A,N,A,H,A,D,23,E,03,C,,,,,C,Y,N,A,1,0,0,0,22350.0,2,37.9276522,-122.01439941,4
2017,2017-02-11,1614,2,4,16,6,Y,A,N,A,H,A,A,01,,11,G,Y,,,,B,N,F,A,1,1,0,0,21954.0,2,37.9473999,-122.35013999,4
2017,2017-04-17,1259,4,1,12,1,N,B,N,B,H,A,D,22,,03,C,,,,,C,Y,N,A,1,0,0,0,22350.0,2,37.98183992,-122.01877992,4
2017,2017-04-19,1428,4,1,14,3,N,A,N,A,H,A,D,22,N,03,C,,,,,C,Y,N,D,1,0,0,0,22350.0,2,37.96826777,-121.97414855,4
2017,2017-04-26,1523,4,1,15,3,N,A,N,A,H,A,D,22,N,03,C,,,,,C,N,N,A,2,0,0,0,22350.0,2,37.99538398,-122.03077307,3
2017,2017-04-20,823,4,1,8,4,N,A,N,A,H,A,D,22,W,21,D,,,,,C,Y,N,D,1,0,0,0,22106.0,2,37.97487217,-121.99960648,4
2017,2017-03-25,1400,3,1,14,6,Y,A,N,A,H,A,A,81,,04,C,,,,,C,N,N,A,1,0,0,0,21703.0,2,37.76759992,-121.89833997,4
2017,2017-03-30,1012,3,1,10,4,N,A,N,A,H,A,A,08,W,08,E,,,,,I,Y,N,A,2,0,0,0,22107.0,1,37.753961,-121.90435799,4
2017,2017-03-23,821,3,1,8,4,Y,A,N,A,H,A,-,,,12,D,,,,,C,Y,N,A,2,0,0,0,21453.0,2,37.96130992,-122.07309992,4
2017,2017-03-12,1641,3,1,16,7,Y,A,N,A,H,A,A,01,,17,D,,,,,C,N,N,A,1,0,0,0,21100.0,2,37.96169993,-121.76348991,4
2017,2017-04-21,2230,4,1,22,5,N,A,N,A,H,C,A,01,N,01,A,,,,,C,Y,N,D,1,0,0,0,23152.0,2,37.9855633,-122.0115741,4
2017,2017-04-27,1413,4,1,14,4,Y,A,N,A,H,A,A,01,,10,G,Y,,,,B,N,N,A,1,1,0,0,21950.0,2,37.95465993,-122.04142988,4
2017,2017-04-14,2115,4,1,21,5,N,A,N,A,H,C,A,01,W,01,B,,,,,C,Y,N,D,1,0,0,0,23152.0,2,37.97044596,-122.01110224,4
2017,2017-04-18,1705,4,1,17,2,Y,A,N,A,H,A,A,07,,09,D,,,,,C,Y,N,D,2,0,0,0,21804.0,2,37.92742333,-122.02298284,4
2017,2017-04-21,1309,4,1,13,5,Y,A,N,A,H,A,A,01,,22,G,Y,,,,B,N,N,A,1,1,0,0,,2,37.89818998,-122.06026999,4
2017,2017-04-15,1047,4,1,10,6,Y,A,N,A,H,A,A,07,,03,C,,,,,C,N,F,A,1,0,0,0,22350.0,2,37.9275299,-122.01470997,4
2017,2017-04-21,1745,4,1,17,5,Y,A,N,A,H,A,A,01,,03,C,,,,,C,Y,N,A,1,0,0,0,22350.0,3,37.90812993,-122.05490992,4
2017,2017-04-07,1456,4,1,14,5,N,B,N,A,H,A,-,,S,07,B,,,,,E,Y,N,D,1,0,0,0,21658.0,2,37.93363,-122.08618,3
2017,2017-04-14,1407,4,1,14,5,Y,A,N,A,H,A,A,01,,09,D,,,,,C,N,N,D,1,0,0,0,21802.0,2,37.99947994,-121.80792995,4
2017,2017-04-13,1636,4,1,16,4,N,A,N,A,H,A,C,02,S,03,F,,,Y,,I,N,N,D,1,0,0,1,22350.0,1,37.98966625,-121.70080475,3
2017,2017-04-24,2030,4,1,20,1,N,A,N,A,H,C,A,08,S,- ,G,Y,,,,B,N,N,D,1,1,0,0,,2,37.99537355,-121.8470782,4
2017,2017-04-02,2034,4,1,20,7,Y,A,N,A,H,C,L,04,,11,G,,Y,,,G,N,N,A,1,0,1,0,21456.0,2,38.00222989,-121.83922991,4
2017,2017-04-25,530,4,1,5,2,Y,A,Y,A,H,B,A,01,,08,C,,,,,C,Y,F,D,1,0,0,0,22107.0,2,37.91460675,-122.06660204,4
2017,2017-05-01,1704,5,1,17,1,N,A,N,A,H,A,D,22,E,03,C,,,,,C,Y,N,A,2,0,0,0,22350.0,5,37.99797586,-121.87926754,4
2017,2017-05-07,1206,5,1,12,7,Y,A,N,A,H,A,D,22,,12,D,,,,,C,Y,N,A,1,0,0,0,21453.0,3,37.77861993,-121.97160988,3
2016,2016-12-08,1604,12,4,16,4,N,B,N,B,H,A,A,01,W,04,C,,,,,C,Y,N,A,1,0,0,0,21703.0,3,37.99798327,-121.88144088,4
2016,2016-10-28,902,10,3,9,5,N,C,N,B,H,A,A,01,N,08,D,,,,,C,N,N,A,1,0,0,0,22107.0,2,37.954262,-122.08813915,4
2017,2017-02-10,1132,2,4,11,5,Y,A,N,A,H,-,A,01,,09,D,,,,,C,N,N,A,2,0,0,0,21801.0,2,37.94204995,-122.32827986,4
2017,2017-04-22,13,4,1,0,6,Y,A,Y,A,H,C,A,01,,12,B,,,,,C,Y,N,A,1,0,0,0,21453.0,2,37.98449397,-122.31558222,3
2017,2017-04-15,2118,4,1,21,6,Y,A,N,A,H,C,-,,,00,-,,,,,C,N,F,A,5,0,0,0,21350.0,2,37.98690999,-122.31695999,4
2017,2017-04-12,1657,4,1,16,3,N,A,N,A,H,A,A,01,N,03,C,,,,,D,Y,N,D,1,0,0,0,22350.0,2,37.90896275,-122.30961568,2
2017,2017-04-01,144,4,1,1,6,N,A,N,A,H,C,-,,N,21,E,,,,,B,N,N,D,1,0,0,0,22106.0,1,37.92610412,-122.3361,3
2017,2017-04-22,2018,4,1,20,6,Y,A,N,A,H,C,A,01,,09,D,,,,,C,Y,N,A,1,0,0,0,21802.0,2,37.92549,-122.33168986,4
2017,2017-04-27,1818,4,1,18,4,N,A,N,A,-,A,A,01,S,05,A,,,,,C,N,N,D,1,0,0,0,21650.0,2,37.92525,-122.33989,4
2017,2017-04-05,1133,4,1,11,3,Y,A,N,A,H,A,N,60,,11,G,Y,,,,B,N,N,A,1,1,0,0,21950.0,2,37.92524997,-122.34766987,3
2017,2017-04-25,1640,4,1,16,2,N,A,N,A,H,A,A,01,W,04,C,,,,,C,Y,N,A,1,0,0,0,21703.0,2,37.92524178,-122.33956932,4
2017,2017-04-05,1737,4,1,17,3,N,B,N,A,H,A,A,01,N,03,E,,,,,I,Y,N,A,1,0,0,0,22350.0,1,37.93866597,-122.36312024,4
2017,2017-04-02,2018,4,1,20,7,Y,A,N,A,H,C,-,,,04,C,,,,,C,N,N,D,1,0,0,0,21703.0,2,37.92524992,-122.34665,4
2017,2017-04-28,1947,4,1,19,5,Y,A,N,A,H,A,A,01,,00,B,,,,,C,N,F,A,1,0,0,0,23103.0,4,37.93993992,-122.35146996,4
2017,2017-04-26,1804,4,1,18,3,N,B,N,A,H,A,-,- ,E,00,A,,,,,C,Y,N,D,2,0,0,0,,2,37.92208721,-122.33060073,3
2017,2017-04-26,1515,4,1,15,3,Y,A,N,A,H,A,A,01,,09,D,,,,,C,Y,N,D,1,0,0,0,21804.0,2,37.92937998,-122.35585,4
2017,2017-03-11,1715,3,1,17,6,Y,A,N,A,H,A,A,01,,12,D,,,,,C,Y,N,A,8,0,0,0,21453.0,4,37.92533994,-122.33429991,4
2017,2017-03-24,1912,3,1,19,5,N,B,N,B,-,A,-,,W,12,A,,,,,C,N,F,-,1,0,0,0,22450.0,2,37.94883976,-122.35209081,4
2017,2017-03-14,1621,3,1,16,2,Y,A,N,A,H,A,A,01,,09,D,,,,,C,N,N,D,1,0,0,0,21802.0,2,37.97892994,-122.3253099,4
2017,2017-04-14,1530,4,1,15,5,N,A,N,A,H,A,-,,,22,G,Y,,,,B,N,F,D,1,1,0,0,,2,37.93455007,-122.32470632,4
2017,2017-04-23,315,4,1,3,7,N,A,N,A,H,C,A,01,N,03,E,,,,,I,Y,N,D,1,0,0,0,22350.0,1,37.93572922,-122.36090052,4
2017,2017-04-29,356,4,1,3,6,Y,A,Y,A,H,C,-,,,12,B,,,,,C,Y,N,A,1,0,0,0,22450.0,2,37.8984733,-122.31263405,4
2017,2017-04-24,1211,4,1,12,1,Y,B,N,A,H,A,A,08,,12,D,,,,,C,Y,N,A,1,0,0,0,21453.0,2,37.93509994,-122.34293997,4
2017,2017-03-24,1141,3,1,11,5,N,C,N,B,H,A,D,22,S,08,E,,,,,I,Y,N,D,1,0,0,0,22107.0,1,37.95339614,-122.37357671,3
2017,2017-05-04,1752,5,1,17,4,N,A,N,A,H,A,-,,S,00,E,,,,,I,Y,N,D,1,0,0,0,22351.0,1,37.96616219,-122.35203149,3
2017,2017-05-01,2122,5,1,21,1,N,A,N,A,H,B,A,01,N,03,D,,,,,E,Y,N,D,1,0,0,0,22350.0,3,37.95994176,-122.35362476,4
2017,2017-04-27,1245,4,1,12,4,Y,A,N,A,H,A,A,01,,04,C,,,,,C,N,N,D,1,0,0,0,21703.0,2,37.96400993,-122.34539993,4
2017,2017-04-25,1627,4,1,16,2,Y,A,N,A,H,A,A,01,,09,D,,,,,C,Y,N,A,4,0,0,0,21802.0,2,37.95845997,-122.35475987,4
2017,2017-04-24,1733,4,1,17,1,Y,A,N,A,-,A,A,01,,08,G,Y,,,,B,N,N,D,1,1,0,0,22107.0,2,37.95100993,-122.35709999,2
2017,2017-04-25,1441,4,1,14,2,N,A,N,A,H,A,A,01,S,10,D,,Y,,,G,N,N,A,1,0,1,0,21950.0,2,37.96188948,-122.35590701,3
2017,2017-04-25,1633,4,1,16,2,N,A,N,A,H,A,A,01,W,03,C,,,,,C,N,N,A,3,0,0,0,22350.0,3,37.97313138,-122.02057851,3
2017,2017-05-01,1858,5,1,18,1,Y,A,N,A,H,A,A,07,,12,D,,,,,D,Y,N,A,1,0,0,0,21453.0,2,37.97143996,-122.05586989,3
2017,2017-05-02,2258,5,1,22,2,N,A,Y,A,H,C,A,01,N,12,D,,,,,C,Y,N,A,2,0,0,0,21453.0,2,38.00958279,-122.02497591,4
2017,2017-05-03,1736,5,1,17,3,N,A,N,A,H,A,A,07,W,03,C,,,,,C,Y,N,-,2,0,0,0,22350.0,2,37.95369333,-121.97824565,4
2017,2017-04-27,1910,4,1,19,4,Y,A,N,A,H,A,A,01,,03,A,,,,,I,Y,N,D,1,0,0,0,22350.0,1,37.97501998,-121.75462994,3
2017,2017-04-20,1420,4,1,14,4,Y,A,N,A,H,A,A,01,,12,D,,,,,C,Y,N,A,2,0,0,0,21453.0,2,37.96720991,-121.7968399,4
2017,2017-04-17,123,4,1,1,1,Y,A,N,B,H,C,A,07,,03,E,,,,,I,Y,N,D,1,0,0,0,22350.0,1,37.96647993,-121.74740989,3
2017,2017-04-27,1838,4,1,18,4,Y,A,N,A,H,A,L,04,,- ,D,,Y,,,G,N,N,A,1,0,1,0,,2,37.95726998,-121.75934996,4
2017,2017-05-05,1235,5,1,12,5,Y,A,N,A,H,A,A,07,,09,D,,,Y,,C,Y,N,A,1,0,0,1,21801.0,2,37.96032989,-121.98048991,4
2017,2017-05-05,1732,5,1,17,5,N,A,N,A,H,A,A,07,W,09,D,,,,,C,Y,N,D,1,0,0,0,21804.0,3,37.98061417,-122.02203503,4
2017,2017-05-03,2013,5,1,20,3,Y,A,N,A,H,C,A,01,,09,D,,,,,C,Y,N,B,3,0,0,0,21800.0,2,37.99487991,-121.78469988,4
2017,2017-05-05,1009,5,1,10,5,Y,A,N,A,H,A,A,01,,10,G,Y,,,,B,N,N,A,1,1,0,0,21950.0,2,37.76456988,-121.95839994,3
2017,2017-04-29,1455,4,1,14,6,Y,A,N,A,H,A,A,01,,12,D,,,,,C,Y,N,A,1,0,0,0,21453.0,2,38.00332994,-121.84585986,4
2017,2017-04-07,1532,4,1,15,5,Y,B,N,A,H,A,A,01,,08,B,,,,,C,N,F,D,2,0,0,0,22107.0,2,38.01080995,-121.79932989,4
2017,2017-04-30,1155,4,1,11,7,N,A,N,A,H,A,A,01,W,03,C,,,,,C,N,N,A,1,0,0,0,22350.0,2,37.95017611,-122.04781875,4
2017,2017-04-26,750,4,1,7,3,N,A,N,A,H,A,A,01,S,09,D,,,,,C,Y,N,D,1,0,0,0,21801.0,2,37.95565059,-122.04003976,4
2017,2017-04-26,1552,4,1,15,3,Y,B,N,A,H,A,D,22,,09,H,,,Y,,A,Y,N,A,1,0,0,1,21453.0,2,37.77593998,-121.97812995,2
2017,2017-03-29,2143,3,1,21,3,Y,A,N,A,H,C,A,01,,03,C,,,,,C,N,N,A,1,0,0,0,22350.0,2,37.98364993,-121.78443994,4
2017,2017-03-05,1108,3,1,11,7,Y,C,N,B,H,A,A,01,,03,C,,,,,C,Y,N,A,1,0,0,0,22350.0,2,37.99487991,-121.78469988,4
2017,2017-04-08,2152,4,1,21,6,N,A,N,A,H,C,A,01,W,03,C,,,,,C,N,N,A,3,0,0,0,22350.0,2,38.01532,-121.94439472,4
2017,2017-04-25,1700,4,1,17,2,N,B,N,A,H,A,A,01,S,03,C,,,,,C,Y,F,D,2,0,0,0,22350.0,2,38.03174598,-121.89057155,4
2017,2017-04-26,2053,4,1,20,3,N,A,N,A,H,C,-,- ,E,18,A,,,,,E,Y,N,D,2,0,0,0,,3,38.02310527,-121.92662635,3
2017,2017-04-14,1738,4,1,17,5,N,A,N,A,H,A,C,02,N,03,C,,,Y,,C,Y,N,A,1,0,0,1,22350.0,2,37.77899694,-121.92279099,4
2017,2017-04-26,738,4,1,7,3,N,C,N,B,H,A,A,01,N,09,D,,,,,C,Y,N,D,1,0,0,0,21804.0,2,37.76993999,-121.97681986,3
2017,2017-04-08,2355,4,1,23,6,N,A,N,A,H,C,A,01,N,07,E,,,,,I,Y,N,D,1,0,0,0,21658.0,1,37.76788898,-121.89966322,3
2017,2017-04-03,1815,4,1,18,1,N,A,N,A,H,A,A,01,S,09,D,,,,,C,Y,N,D,2,0,0,0,21802.0,2,38.01322707,-122.12254968,3
2017,2017-04-21,1812,4,1,18,5,Y,A,N,A,H,A,L,04,,05,D,,Y,,,G,N,N,A,1,0,1,0,21650.0,2,37.99385992,-122.10059998,3
2017,2017-04-07,1633,4,1,16,5,N,A,N,A,H,A,A,01,S,10,G,Y,,,,B,N,N,A,1,1,0,0,21950.0,2,37.99882324,-122.13210124,4
2017,2017-04-12,1716,4,1,17,3,Y,A,N,A,H,A,A,01,,17,A,,,,,I,Y,N,D,1,0,0,0,21658.0,1,37.98372989,-122.09090986,3
2017,2017-04-29,1623,4,1,16,6,Y,A,N,A,H,A,-,,,- ,F,,,,,I,N,N,D,1,0,0,0,,1,37.96026996,-122.11029991,2
2017,2017-04-30,310,4,1,3,7,Y,A,N,A,H,C,A,01,,08,E,,,,,I,Y,N,D,1,0,0,0,22107.0,1,37.95789997,-122.09264999,4
2017,2017-04-26,1907,4,1,19,3,N,A,N,A,H,B,A,01,S,03,C,,,,,C,Y,N,A,1,0,0,0,22350.0,3,37.99883419,-122.13210009,4
2017,2017-04-29,1910,4,1,19,6,N,A,N,A,H,A,A,01,N,03,C,,,,,E,Y,N,D,1,0,0,0,22350.0,2,37.92180217,-121.74513398,3
2017,2017-04-28,1721,4,1,17,5,N,A,N,A,H,A,A,01,W,03,C,,,,,C,N,N,A,1,0,0,0,22350.0,2,37.96184267,-122.00834852,4
2017,2017-05-09,1405,5,1,14,2,Y,A,N,A,H,A,A,01,,09,D,,,,,C,Y,N,A,1,0,0,0,21453.0,2,37.96476994,-121.99276994,3
2017,2017-04-10,2025,4,1,20,1,N,A,N,A,H,B,A,01,W,03,C,,,,,C,N,N,A,2,0,0,0,22350.0,2,37.9712527,-122.04522166,4
2017,2017-05-12,2054,5,1,20,5,N,A,N,A,H,C,N,60,E,11,G,Y,,,,B,N,N,D,1,1,0,0,21955.0,2,37.97724196,-122.03514666,4
2017,2017-05-12,734,5,1,7,5,N,A,N,A,H,A,C,02,E,03,C,,,Y,,C,Y,N,A,1,0,0,1,22350.0,2,37.98127689,-122.01995899,3
2017,2017-05-10,1748,5,1,17,3,Y,A,N,A,H,A,A,01,,09,D,,,,,C,Y,N,A,2,0,0,0,21801.0,2,37.97873995,-122.03716989,4
2017,2017-05-10,1550,5,1,15,3,Y,A,N,A,H,A,A,01,,12,-,,,,,C,Y,N,A,1,0,0,0,21453.0,2,37.97120994,-122.04227997,4
2017,2017-05-03,1407,5,1,14,3,N,A,N,A,H,A,A,01,N,03,C,,,,,C,N,N,A,2,0,0,0,22350.0,2,37.95566625,-122.33591192,4
2017,2017-05-07,1750,5,1,17,7,N,A,N,A,H,A,A,01,W,08,B,,,,,E,Y,N,D,1,0,0,0,22107.0,4,37.95221419,-121.97699745,3
2017,2017-04-17,1506,4,1,15,1,Y,B,N,B,H,A,A,01,,09,D,,,,,C,N,N,D,1,0,0,0,21802.0,2,37.9355699,-122.34633988,4
2016,2016-05-13,1359,5,1,13,5,Y,A,N,A,H,A,D,22,,09,-,,,,,C,N,N,A,1,0,0,0,21801.0,2,37.9251999,-122.35586992,4
2016,2016-03-12,2027,3,1,20,6,N,C,N,B,H,C,D,22,S,03,C,,,,,C,N,N,D,2,0,0,0,22350.0,2,37.94376682,-122.34749,4
2017,2017-04-15,720,4,1,7,6,N,A,N,A,H,A,A,01,S,03,E,,,,,I,Y,N,D,1,0,0,0,22350.0,1,37.94413432,-121.71441176,4
2017,2017-04-15,959,4,1,9,6,N,A,N,A,H,A,L,04,W,17,G,,Y,,,B,N,N,A,1,0,1,0,21208.0,2,37.94514,-121.70835686,3
2017,2017-04-22,2141,4,1,21,6,Y,A,N,A,H,C,A,01,,12,D,,,,,C,N,N,A,2,0,0,0,21453.0,2,37.94512994,-121.71441986,4
2017,2017-04-24,1555,4,1,15,1,Y,B,N,A,H,A,A,01,,22,C,,,,,C,N,N,A,1,0,0,0,,2,37.96157998,-121.71406999,4
2017,2017-04-09,1420,4,1,14,7,N,A,N,A,H,A,A,01,S,03,C,,,,,C,N,N,A,1,0,0,0,22350.0,2,37.94775519,-121.72342828,4
2017,2017-04-21,1514,4,1,15,5,N,A,N,A,H,A,A,01,E,03,C,,,,,C,Y,N,D,1,0,0,0,22350.0,3,37.96159,-121.71827369,4
2017,2017-04-05,929,4,1,9,3,N,A,N,A,H,A,A,01,W,08,D,,,,,C,Y,N,A,1,0,0,0,22107.0,2,37.92535614,-121.75338631,3
2017,2017-04-26,816,4,1,8,3,N,B,N,A,H,A,A,01,S,03,C,,,,,C,Y,N,D,1,0,0,0,22350.0,2,37.93950706,-121.71449835,4
2017,2017-04-19,1409,4,1,14,3,N,A,N,A,H,A,A,01,E,03,C,,,,,C,Y,N,D,1,0,0,0,22350.0,3,37.9252373,-121.74147005,4
2017,2017-04-15,1118,4,1,11,6,N,A,N,A,H,A,-,,W,08,B,,,,,C,Y,N,D,1,0,0,0,22107.0,2,37.93987669,-121.73814744,4
2016,2016-05-10,1038,5,1,10,2,N,A,N,A,H,A,A,08,S,04,C,,,Y,,C,Y,N,D,1,0,0,1,21703.0,3,37.90649877,-122.30769814,3
2017,2017-05-01,744,5,1,7,1,Y,A,N,A,H,A,A,01,,09,D,,,,,C,N,N,A,1,0,0,0,21801.0,2,37.92556995,-122.32715987,4
2017,2017-05-03,1333,5,1,13,3,Y,A,N,A,H,A,L,04,,12,-,,Y,,,G,,N,A,1,0,1,0,22450.0,2,37.93407996,-122.36090986,3
2017,2017-05-07,1606,5,1,16,7,N,A,N,A,H,A,-,,,08,A,,,,,I,Y,N,D,2,0,0,0,22107.0,1,37.91840143,-122.37374783,3
2016,2016-04-01,2026,4,1,20,5,N,A,N,A,H,C,N,60,N,11,G,Y,,,,B,N,F,A,1,1,0,0,21955.0,2,37.93461937,-122.3561882,3
2017,2017-04-21,517,4,1,5,5,N,A,N,A,H,C,A,,S,03,B,,,,,E,Y,N,D,1,0,0,0,22350.0,2,37.97096038,-122.33300956,4
2017,2017-04-16,1854,4,1,18,7,N,C,N,B,H,A,-,,,00,D,,,,,C,N,N,A,2,0,0,0,21453.0,2,37.93315989,-122.32992996,4
2017,2017-04-25,2147,4,1,21,2,Y,A,N,A,H,C,-,- ,,12,D,,,,,C,N,N,A,2,0,0,0,21453.0,2,37.93845999,-122.34855989,3
2017,2017-04-29,349,4,1,3,6,N,A,N,A,H,C,A,01,S,08,E,,,,,I,Y,N,A,1,0,0,0,22107.0,1,37.92515068,-122.33804778,2
2017,2017-04-20,1357,4,1,13,4,Y,A,N,A,H,A,A,07,,03,C,,,,,C,N,N,A,1,0,0,0,22350.0,2,37.95057999,-122.34096999,4
2017,2017-04-20,1438,4,1,14,4,Y,A,N,A,H,A,A,01,,12,D,,,,,C,Y,N,A,2,0,0,0,21453.0,2,37.93994996,-122.35998993,4
2016,2016-03-30,1528,3,1,15,3,Y,A,N,A,H,A,A,07,,12,F,,,,,C,Y,N,A,4,0,0,0,21453.0,2,37.93406992,-122.3600099,3
2016,2016-03-10,1925,3,1,19,4,N,C,N,B,H,C,N,60,E,11,G,Y,,,,B,N,N,A,1,1,0,0,21953.0,2,37.93571861,-122.35997536,4
2016,2016-03-30,1329,3,1,13,3,Y,A,N,A,H,A,A,01,,05,D,,,,,E,Y,M,D,2,0,0,0,21650.0,2,37.94524999,-122.34747994,4
2016,2016-03-12,1229,3,1,12,6,Y,B,N,B,H,A,A,01,,09,A,,,,,C,Y,N,A,4,0,0,0,21800.0,2,37.93995998,-122.34749998,2
2017,2017-05-29,1147,5,1,11,1,Y,A,N,A,H,A,-,- ,,18,C,,,,,D,Y,N,A,1,0,0,0,,3,37.95478999,-122.3310199,4
2017,2017-02-06,1902,2,4,19,1,Y,C,N,B,H,C,A,01,,09,D,,,,,C,N,N,A,1,0,0,0,21802.0,2,37.93993992,-122.35146996,4
2017,2017-05-12,1841,5,1,18,5,Y,A,N,A,H,A,A,07,,09,D,,,,,C,Y,N,A,1,0,0,0,21802.0,3,37.77494994,-121.99155988,4
2017,2017-05-07,1456,5,1,14,7,N,A,N,A,H,A,-,,E,09,D,,,,,C,N,N,D,1,0,0,0,21804.0,2,37.93665209,-122.05945398,4
2017,2017-05-09,1653,5,1,16,2,N,A,N,A,H,A,-,,S,04,D,,,,,D,N,M,A,1,0,0,0,21703.0,2,37.97564246,-122.06491475,4