ACCIDENT_YEAR,COLLISION_DATE,COLLISION_TIME,MONTH,SEASON,24HOURS,DAY_OF_WEEK,INTERSECTION,WEATHER_1,STATE_HWY_IND,ROAD_SURFACE,ROAD_COND_1,LIGHTING,STWD_VEHTYPE_AT_FAULT,CHP_VEHTYPE_AT_FAULT,DIRECTION,PCF_VIOL_CATEGORY,TYPE_OF_COLLISION,PEDESTRIAN_ACCIDENT,BICYCLE_ACCIDENT,MOTORCYCLE_ACCIDENT,TRUCK_ACCIDENT,MVIW,TOW_AWAY,HIT_AND_RUN,CONTROL_DEVICE,NUMBER_INJURED,COUNT_PED_INJURED,COUNT_BICYCLIST_INJURED,COUNT_MC_INJURED,PCF_VIOLATION,PARTY_COUNT,POINT_Y,POINT_X,COLLISION_SEVERITY
2017,2017-06-11,1753,6,2,17,7,Y,B,N,A,H,A,A,01,,12,A,,,,,C,Y,M,A,1,0,0,0,21453.0,3,38.0121699,-121.86584996,4
2017,2017-05-17,1653,5,1,16,3,N,A,N,A,H,A,N,60,,11,G,Y,,,,B,N,N,D,1,1,0,0,21954.0,2,37.93766999,-122.34753987,4
2017,2017-06-06,133,6,2,1,2,N,A,N,A,H,C,A,01,E,03,C,,,,,C,Y,N,A,1,0,0,0,22350.0,2,38.0232288,-121.9120574,4
2017,2017-06-01,1327,6,2,13,4,N,A,N,A,H,A,A,01,S,02,C,,,,,C,Y,N,D,1,0,0,0,22400.0,2,38.03249663,-121.89028969,4
2017,2017-06-17,1139,6,2,11,6,Y,A,N,A,H,A,A,01,,09,D,,,Y,,C,N,N,A,1,0,0,1,21802.0,2,38.02180989,-121.89303988,4
2017,2017-05-04,1638,5,1,16,4,N,A,N,A,H,A,A,01,E,03,A,,,,,I,Y,N,D,1,0,0,0,22350.0,1,37.93082,-122.36193266,4
2017,2017-05-06,1426,5,1,14,6,Y,A,Y,A,H,A,A,01,,12,D,,,,,C,Y,N,A,1,0,0,0,21453.0,2,37.7800515,-121.97682742,2
2017,2017-03-28,1907,3,1,19,2,Y,A,N,A,H,B,-,,,09,B,,,,,C,Y,N,D,1,0,0,0,21803.0,3,37.97910509,-122.33183473,4
2017,2017-04-20,1645,4,1,16,4,N,A,Y,A,H,A,A,01,S,04,C,,,,,C,Y,N,A,1,0,0,0,21703.0,2,37.90561358,-122.30496584,4
2017,2017-04-26,1433,4,1,14,3,Y,A,Y,A,H,A,A,01,,17,D,,,,,C,Y,N,A,1,0,0,0,21461.0,2,37.99667753,-121.78878191,4
2017,2017-06-01,1600,6,2,16,4,N,A,Y,A,H,A,A,07,E,04,C,,,,,C,Y,N,A,3,0,0,0,21703.0,3,37.7734434,-121.97352738,4
2017,2017-05-25,1420,5,1,14,4,Y,A,N,A,H,A,A,07,,12,D,,,,,C,Y,N,A,2,0,0,0,21453.0,2,37.87924,-122.0754799,3
2017,2017-04-23,124,4,1,1,7,Y,A,N,A,H,C,A,01,,01,A,,,,,I,Y,N,D,1,0,0,0,23152.0,1,37.98833997,-121.85560994,4
2017,2017-06-02,1601,6,2,16,5,Y,A,N,A,H,A,D,22,,12,D,,,,,C,Y,N,A,1,0,0,0,21453.0,2,37.94266996,-121.93099995,4
2017,2017-06-05,1157,6,2,11,1,Y,A,Y,A,H,A,D,22,,21,C,,,,,C,N,N,A,2,0,0,0,22106.0,2,37.89653297,-122.07857893,4
2017,2017-05-27,1625,5,1,16,6,Y,A,N,A,H,A,D,22,,09,A,,,,,C,Y,N,A,2,0,0,0,21801.0,2,37.90065992,-122.06028997,4
2017,2017-06-09,1230,6,2,12,5,N,A,N,A,H,A,A,07,S,03,C,,,,,C,Y,N,D,1,0,0,0,22350.0,2,37.98877498,-122.00387309,4
2017,2017-06-02,1125,6,2,11,5,N,A,N,A,H,A,A,07,E,21,B,,,,,C,Y,N,A,1,0,0,0,22106.0,3,37.98682603,-122.03928177,4
2017,2017-05-31,624,5,1,6,3,Y,A,N,A,H,A,A,01,,12,D,,,,,C,Y,N,A,2,0,0,0,21453.0,2,37.97974992,-122.04766994,4
2017,2017-05-25,1858,5,1,18,4,Y,A,N,A,H,A,A,01,,12,D,,,,,C,Y,N,A,3,0,0,0,21453.0,2,37.97994999,-122.02445991,3
2017,2017-05-20,53,5,1,0,6,Y,A,N,A,H,C,D,22,,12,D,,,,,C,Y,N,A,3,0,0,0,21453.0,2,37.98163994,-122.03326999,4
2017,2017-06-12,1308,6,2,13,1,N,A,N,A,H,A,A,01,E,09,D,,,,,C,Y,N,D,1,0,0,0,21804.0,3,37.95066154,-122.04712444,3
2017,2017-06-10,1653,6,2,16,6,N,A,N,A,H,A,D,22,N,10,A,Y,,,,B,N,N,A,1,1,0,0,21950.0,2,37.97112039,-122.04592234,4
2017,2017-05-09,1030,5,1,10,2,N,B,N,A,H,A,G,25,W,12,H,,,,Y,F,Y,N,A,1,0,0,0,22451.0,2,37.92519633,-122.33876134,4
2017,2017-05-22,151,5,1,1,1,N,A,N,A,H,D,-,,E,03,C,,,,,E,N,N,D,1,0,0,0,22350.0,3,38.02011544,-122.13302683,4
2017,2017-05-26,1421,5,1,14,5,N,A,N,A,H,A,C,02,,03,H,,,Y,,J,N,N,D,1,0,0,1,22350.0,1,37.98831472,-122.13904649,4
2017,2017-05-09,1530,5,1,15,2,Y,A,N,A,H,A,A,01,,03,C,,,,,C,Y,N,A,1,0,0,0,22350.0,2,37.96002997,-122.09431987,3
2017,2017-05-11,623,5,1,6,4,N,A,N,A,H,A,A,01,E,08,A,,,Y,,C,Y,N,D,1,0,0,1,22107.0,2,,,2
2017,2017-05-19,1503,5,1,15,5,N,A,N,A,H,A,A,01,N,10,G,Y,,,,B,N,N,D,1,1,0,0,21950.0,2,38.01407037,-122.13480982,4
2017,2017-05-02,1558,5,1,15,2,N,A,N,A,H,A,D,22,N,05,A,,,,,D,Y,N,D,2,0,0,0,21650.0,4,37.96968756,-122.10219269,2
2017,2017-05-24,824,5,1,8,3,Y,A,N,A,H,A,A,01,,03,C,,,,,C,N,N,D,1,0,0,0,22350.0,2,37.9860199,-122.12752989,4
2017,2017-05-07,2004,5,1,20,7,Y,A,N,A,H,-,-,- ,,09,B,,,,,C,Y,N,D,1,0,0,0,21801.0,3,37.92525993,-122.34199999,3
2017,2017-04-22,2134,4,1,21,6,Y,A,N,A,H,C,-,- ,,00,G,Y,,,,B,Y,N,A,1,1,0,0,,2,37.9753,-122.03159997,2
2017,2017-05-07,1454,5,1,14,7,Y,A,N,A,H,A,A,07,,09,D,,,,,C,Y,N,D,2,0,0,0,21802.0,5,37.94365995,-122.34317991,4
2017,2017-05-11,1218,5,1,12,4,Y,A,N,A,H,A,A,01,,09,D,,,,,C,N,N,D,1,0,0,0,21802.0,2,37.93405992,-122.36765989,4
2017,2017-05-10,835,5,1,8,3,N,B,N,A,H,A,A,01,N,03,C,,,,,C,N,N,A,2,0,0,0,22350.0,2,37.93089785,-122.37808687,4
2017,2017-05-11,1519,5,1,15,4,Y,A,N,A,H,A,A,01,,21,G,Y,,,,B,N,N,A,1,1,0,0,22106.0,2,37.9251999,-122.35586992,4
2017,2017-05-11,1752,5,1,17,4,Y,A,N,A,H,A,A,01,,09,D,,,,,D,Y,N,A,1,0,0,0,21802.0,4,37.94365998,-122.33557999,4
2017,2017-05-31,1238,5,1,12,3,Y,A,N,A,H,A,A,01,,03,C,,,,,C,Y,N,A,1,0,0,0,22350.0,2,37.92632997,-122.07353998,4
2017,2017-05-30,805,5,1,8,2,Y,A,N,A,H,A,-,- ,,00,D,,,Y,,C,Y,N,D,1,0,0,1,,2,37.90930991,-122.05084994,2
2017,2017-05-09,1518,5,1,15,2,N,A,N,A,H,A,A,01,S,09,D,,,,,C,N,N,A,1,0,0,0,21804.0,2,37.97433731,-121.79917073,3
2017,2017-06-05,831,6,2,8,1,Y,A,N,A,H,A,A,01,,09,D,,,,,C,Y,N,D,1,0,0,0,21804.0,2,37.90498999,-122.06368995,4
2017,2017-06-03,1450,6,2,14,6,N,A,N,A,H,A,C,02,W,03,E,,,Y,,I,Y,N,D,1,0,0,1,22350.0,1,37.9846513,-121.84430366,2
2017,2017-02-26,2125,2,4,21,7,Y,C,N,B,H,C,N,60,,11,G,Y,,,,B,N,N,A,1,1,0,0,21955.0,2,37.99558989,-121.80723999,3
2017,2017-02-04,1436,2,4,14,6,N,A,N,A,H,A,A,01,S,03,C,,,,,C,Y,N,D,1,0,0,0,22350.0,2,38.00878024,-121.83213414,3
2017,2017-05-05,819,5,1,8,5,Y,A,N,A,H,A,A,01,,12,D,,,,,D,Y,N,A,1,0,0,0,21453.0,2,37.92082988,-122.31739986,3
2017,2017-05-10,1937,5,1,19,3,Y,A,N,A,H,A,A,01,,10,G,Y,,,,B,N,N,D,1,1,0,0,21950.0,2,37.92095996,-122.31981993,2
2017,2017-05-16,1513,5,1,15,2,N,B,N,A,H,A,L,04,E,09,D,,Y,,,G,N,N,A,1,0,1,0,21802.0,2,,,4
2017,2017-06-04,2113,6,2,21,7,Y,A,N,A,H,C,A,01,,10,G,Y,,,,B,N,N,A,1,1,0,0,21950.0,2,37.73011991,-121.93102992,2
2017,2017-05-16,830,5,1,8,2,Y,A,N,A,H,A,A,01,,12,D,,,,,D,Y,N,A,1,0,0,0,21453.0,3,37.994958,-122.120109,4
2017,2017-03-22,1927,3,1,19,3,Y,B,N,A,H,B,A,01,,00,D,,,,,C,N,N,A,3,0,0,0,21453.0,2,37.94035994,-122.32745997,4
2017,2017-06-08,932,6,2,9,4,Y,C,N,B,H,A,A,01,,03,B,,,,,C,N,N,A,1,0,0,0,22350.0,3,37.99155999,-122.30043995,4
2017,2017-06-09,2119,6,2,21,5,N,A,N,A,H,C,L,04,W,09,E,,Y,,,G,N,N,D,1,0,1,0,21804.0,2,37.99148326,-122.30170683,4
2017,2017-04-02,1111,4,1,11,7,Y,A,N,A,H,A,A,01,,08,D,,,,,C,Y,N,A,1,0,0,0,22107.0,2,38.00743999,-121.81377993,4
2017,2017-05-18,830,5,1,8,4,Y,A,N,A,H,A,A,07,,12,G,Y,,,,B,N,N,A,1,1,0,0,21453.0,2,37.928016,-122.360022,3
2017,2017-05-10,1726,5,1,17,3,N,A,N,A,H,A,A,01,W,08,C,,,,,C,N,N,A,1,0,0,0,22107.0,2,37.96830267,-121.78672593,4
2017,2017-05-26,1928,5,1,19,5,Y,A,N,A,H,A,A,01,,09,A,,,,,C,Y,N,A,2,0,0,0,21801.0,2,37.96164993,-122.0656199,4
2017,2017-05-02,1016,5,1,10,2,Y,A,N,A,H,A,A,01,,03,C,,,,,C,Y,N,A,1,0,0,0,22350.0,2,37.99487991,-121.78469988,4
2017,2017-06-03,1836,6,2,18,6,N,A,N,A,H,A,-,- ,W,22,C,,Y,,,G,N,N,D,1,0,1,0,,2,37.94796623,-122.06606686,4
2017,2017-06-08,856,6,2,8,4,N,B,N,B,H,A,-,,S,09,D,,,,,C,N,N,D,1,0,0,0,21804.0,2,37.93483481,-122.05973155,4
2017,2017-06-18,2302,6,2,23,7,N,A,N,A,H,C,-,,N,01,E,,,,,I,Y,N,D,1,0,0,0,23152.0,1,37.94977425,-122.06426,3
2017,2017-06-20,2103,6,2,21,2,N,A,N,A,H,C,A,01,W,01,B,,,,,E,Y,F,D,1,0,0,0,23152.0,2,37.98644108,-121.77929811,4
2017,2017-06-02,2246,6,2,22,5,Y,A,Y,A,H,C,A,01,,12,D,,,,,C,Y,N,A,1,0,0,0,21453.0,2,37.99804861,-121.80359715,4
2017,2017-06-17,1218,6,2,12,6,Y,A,N,A,H,A,A,01,,08,A,,,Y,,C,Y,N,D,1,0,0,1,22107.0,2,37.99069994,-121.77981992,2
2017,2017-06-18,1742,6,2,17,7,Y,A,N,A,H,A,A,01,,01,D,,,,,C,Y,F,D,3,0,0,0,23152.0,2,37.9941,-121.81733986,3
2017,2017-05-18,1918,5,1,19,4,Y,A,N,A,H,A,-,- ,,00,G,Y,,,,B,N,F,D,1,1,0,0,,2,38.0049099,-121.80063986,3
2017,2017-05-22,910,5,1,9,1,Y,A,N,A,H,A,D,22,,12,D,,,,,C,Y,N,A,2,0,0,0,21453.0,3,37.93654989,-122.33361989,4
2017,2017-05-01,1410,5,1,14,1,N,A,N,A,H,A,A,01,W,03,G,,,,,B,N,N,D,1,0,0,0,22350.0,5,37.99538431,-122.3028418,2
2017,2017-06-15,1524,6,2,15,4,N,A,N,A,H,A,A,01,W,03,B,,,,,C,N,N,A,1,0,0,0,22350.0,2,38.00764,-121.85559,4
2017,2017-06-22,1951,6,2,19,4,N,A,N,A,H,A,A,01,N,09,D,,,,,C,N,N,A,1,0,0,0,21801.0,2,38.01118992,-121.81376992,4
2017,2017-04-14,149,4,1,1,5,Y,A,N,A,H,C,-,- ,,- ,D,,,,,C,N,N,A,1,0,0,0,,2,37.96155992,-121.74164988,4
2017,2017-05-12,1726,5,1,17,5,N,A,N,A,H,A,A,07,W,09,D,,,,,C,Y,N,D,2,0,0,0,21804.0,3,37.94672315,-121.69776078,4
2017,2017-05-17,1310,5,1,13,3,N,A,N,A,H,A,A,01,W,08,D,,,,,C,Y,N,A,2,0,0,0,22107.0,2,37.93665277,-121.69686018,3
2017,2017-05-14,1237,5,1,12,7,Y,A,N,A,H,A,D,22,,03,C,,,,,C,N,N,D,1,0,0,0,22350.0,2,37.93707998,-121.69627,4
2017,2017-05-03,2500,5,1,25,3,N,A,N,A,H,A,D,22,S,01,C,,,,,C,N,N,A,1,0,0,0,23152.0,2,37.96156,-121.7326,4
2017,2017-05-21,1658,5,1,16,7,Y,A,N,A,H,A,A,07,,09,D,,,,,C,N,N,A,3,0,0,0,21453.0,2,37.92554998,-121.69614989,4
2017,2017-05-27,1945,5,1,19,6,N,A,N,A,H,A,A,07,N,08,E,,,,,I,Y,N,D,1,0,0,0,22107.0,1,37.91990782,-121.74106248,3
2016,2016-09-19,815,9,3,8,1,Y,A,N,A,H,A,A,01,,10,G,Y,,,,B,N,N,D,1,1,0,0,21950.0,2,37.91960991,-122.31833996,4
2016,2016-07-20,515,7,2,5,3,N,A,N,A,H,D,-,- ,S,00,H,,Y,,,G,N,N,D,1,0,1,0,,1,37.92169418,-122.29610862,2
2017,2017-05-18,1753,5,1,17,4,Y,A,N,A,H,A,A,07,,09,D,,,,,C,Y,N,D,1,0,0,0,21802.0,2,37.95037997,-121.99694989,4
2017,2017-05-31,1607,5,1,16,3,Y,A,N,A,H,A,A,01,,09,D,,,,,C,Y,N,D,2,0,0,0,21801.0,2,37.94566994,-122.01468997,4
2017,2017-05-31,1445,5,1,14,3,N,A,N,A,C,A,-,- ,S,18,E,,Y,,,G,N,N,D,1,0,1,0,,2,37.94290384,-122.02890009,3
2017,2017-06-11,1437,6,2,14,7,N,A,N,A,H,A,A,01,N,08,D,,Y,,,G,N,N,D,1,0,1,0,22107.0,2,37.96107494,-122.03258827,3
2017,2017-06-08,1435,6,2,14,4,N,B,N,A,H,A,A,01,E,03,B,,,,,C,Y,N,D,1,0,0,0,22350.0,3,37.97793887,-121.99369043,3
2017,2017-06-06,2033,6,2,20,2,Y,A,N,A,H,C,L,04,,05,D,,Y,,,G,N,N,A,1,0,1,0,21650.0,2,37.96237992,-121.98616999,4
2017,2017-06-01,1640,6,2,16,4,N,A,N,A,H,A,A,07,W,03,C,,,,,C,Y,N,D,2,0,0,0,22350.0,3,37.95279702,-121.95946706,4
2017,2017-06-01,1407,6,2,14,4,N,A,N,A,H,A,A,01,N,09,D,,,,,C,Y,N,D,2,0,0,0,21801.0,3,37.97823496,-122.03975986,4
2017,2017-06-02,1728,6,2,17,5,N,A,N,A,H,A,A,07,N,03,C,,,,,C,Y,N,A,1,0,0,0,22350.0,3,37.97642194,-122.03549176,4
2017,2017-06-02,1510,6,2,15,5,N,A,N,A,H,A,A,01,W,03,C,,,,,C,N,N,D,1,0,0,0,22350.0,2,37.93750974,-122.02744053,4
2017,2017-06-19,822,6,2,8,1,Y,A,N,A,H,A,A,01,,12,D,,,,,C,Y,N,A,2,0,0,0,21453.0,2,37.96407995,-122.03165987,4
2017,2017-06-17,1218,6,2,12,6,Y,A,N,A,H,A,C,02,,12,D,,,Y,,C,N,N,A,1,0,0,1,22450.0,2,37.94407989,-121.95485996,2
2017,2017-06-16,1420,6,2,14,5,Y,A,N,A,D,A,A,01,,10,B,Y,,,,B,N,N,A,1,1,0,0,21950.0,2,37.96476994,-121.99276994,4
2017,2017-06-05,2100,6,2,21,1,Y,A,N,A,H,C,L,04,,12,D,,Y,,,G,N,N,A,1,0,1,0,22450.0,2,37.97444993,-122.02519987,3
2017,2017-06-15,1814,6,2,18,4,Y,A,N,A,H,A,A,07,,01,D,,,,,C,Y,N,A,2,0,0,0,23152.0,3,37.97106989,-122.04594994,3
2017,2017-06-01,1746,6,2,17,4,N,A,N,A,H,A,A,01,N,00,C,,,,,C,Y,N,D,3,0,0,0,23350.0,3,37.96097751,-121.94463609,3
2017,2017-04-04,430,4,1,4,2,N,A,N,A,H,C,A,01,W,01,C,,,,,E,Y,N,D,1,0,0,0,23152.0,3,37.99167382,-121.80106518,4
2017,2017-06-11,1427,6,2,14,7,Y,A,N,A,H,A,A,01,,09,D,,,Y,,C,Y,N,B,1,0,0,1,21804.0,2,37.95878994,-121.94797995,4
2017,2017-06-05,2129,6,2,21,1,Y,A,N,A,H,C,A,01,,09,A,,,,,C,Y,N,A,1,0,0,0,21801.0,2,37.95474997,-122.35690988,4
2017,2017-06-03,1431,6,2,14,6,Y,A,N,A,H,A,A,01,,08,D,,Y,,,G,N,N,D,1,0,1,0,22107.0,3,37.95574988,-122.34733992,3
2017,2017-06-02,140,6,2,1,5,N,A,N,A,H,C,A,01,N,03,C,,,,,C,N,F,D,3,0,0,0,22350.0,2,37.96801052,-122.34670317,4
2017,2017-05-24,1459,5,1,14,3,N,A,N,A,H,A,A,01,E,08,B,,,,,C,Y,N,D,1,0,0,0,22107.0,2,38.02947568,-121.90387548,4
2017,2017-05-15,1935,5,1,19,1,Y,A,N,A,H,A,A,01,,12,D,,,,,C,Y,F,A,2,0,0,0,22450.0,2,38.02944998,-121.89356992,3
2017,2017-05-13,1644,5,1,16,6,N,A,N,A,H,A,N,60,W,11,G,Y,,,,B,N,N,D,1,1,0,0,21950.0,2,38.00232,-121.9006,4
2017,2017-06-07,927,6,2,9,3,Y,A,Y,A,H,A,A,08,,09,D,,,,,C,Y,N,A,3,0,0,0,21453.0,2,38.01273495,-121.87110615,4
2017,2017-06-07,1418,6,2,14,3,N,A,N,A,H,A,A,01,W,03,E,,,,,I,Y,N,A,1,0,0,0,22350.0,1,38.00928303,-121.87738692,3
2016,2016-12-13,1443,12,4,14,2,Y,B,N,B,H,A,-,,,12,D,,,,,C,Y,F,A,1,0,0,0,21453.0,2,37.97644989,-122.32832,4
2017,2017-06-12,1934,6,2,19,1,Y,A,N,A,H,B,A,01,,12,G,Y,,,,B,N,N,D,1,1,0,0,22450.0,2,37.93868997,-121.93339991,4
2017,2017-04-06,2150,4,1,21,4,N,C,N,B,H,C,A,01,S,00,C,,,,,C,Y,M,A,1,0,0,0,23123.0,2,37.93964822,-121.69622507,4
2017,2017-04-12,944,4,1,9,3,N,B,N,A,H,A,A,01,E,08,B,,,,,C,Y,N,A,1,0,0,0,22107.0,2,37.92539,-121.73609438,4
2017,2017-04-09,1103,4,1,11,7,N,A,N,A,H,A,L,04,W,03,C,,Y,,,E,N,N,A,1,0,1,0,22350.0,2,37.94490887,-122.3205207,3
2017,2017-07-19,958,7,2,9,3,N,A,N,A,H,A,A,01,S,03,C,,,,,C,N,N,A,1,0,0,0,22350.0,2,37.77657858,-121.96112858,4
2017,2017-07-13,1158,7,2,11,4,N,A,N,A,H,A,A,01,N,09,D,,,,,C,Y,N,D,2,0,0,0,21804.0,2,37.78534632,-121.98045392,3
2017,2017-07-12,1957,7,2,19,3,N,A,N,A,H,A,A,01,W,03,C,,,,,C,Y,N,A,2,0,0,0,22350.0,2,37.76997306,-121.90908519,3
2017,2017-07-10,1545,7,2,15,1,N,A,N,A,H,A,A,01,N,07,E,,,,,I,Y,N,D,1,0,0,0,21658.0,1,37.75783693,-121.92007899,3
2017,2017-07-09,1937,7,2,19,7,Y,A,N,A,H,A,A,01,,10,G,Y,,,,B,N,N,A,1,1,0,0,21950.0,2,37.77513995,-121.98024993,4
2017,2017-07-14,1731,7,2,17,5,N,A,N,A,H,A,A,01,W,01,C,,,,,E,Y,N,A,1,0,0,0,23152.0,2,37.74985651,-121.95484349,3
2017,2017-06-22,927,6,2,9,4,N,A,N,A,H,A,A,01,S,03,C,,,,,C,Y,N,A,1,0,0,0,22350.0,2,37.9499988,-121.69603,4
2017,2017-06-13,1841,6,2,18,2,N,A,N,A,H,B,A,01,N,03,E,,,,,I,Y,N,A,1,0,0,0,22350.0,1,37.92568779,-121.69068964,3
2017,2017-05-29,1251,5,1,12,1,N,A,N,A,H,A,A,01,S,03,C,,,,,C,N,F,A,1,0,0,0,22350.0,2,37.94399046,-121.72361187,4
2017,2017-05-13,1022,5,1,10,6,N,A,N,A,H,A,A,07,N,03,C,,,,,C,N,N,D,2,0,0,0,22350.0,2,37.93237137,-121.69291104,4
2017,2017-05-20,1835,5,1,18,6,N,A,N,A,H,A,A,08,W,01,C,,,,,C,Y,F,D,1,0,0,0,23153.0,2,37.92548,-121.69653132,4
2017,2017-05-14,1412,5,1,14,7,N,A,N,A,H,A,A,01,N,09,D,,,,,C,Y,N,D,1,0,0,0,21800.0,2,37.95014622,-121.70926624,4
2017,2017-06-28,1817,6,2,18,3,Y,A,N,A,H,A,A,01,,08,B,,,Y,,C,N,N,A,1,0,0,1,22107.0,3,37.97982996,-121.81424997,4
2017,2017-06-08,1617,6,2,16,4,Y,C,N,B,H,B,A,01,,09,D,,,,,C,Y,N,A,1,0,0,0,21802.0,2,37.94364996,-122.34543994,4
2017,2017-06-07,654,6,2,6,3,N,B,N,A,H,A,A,01,W,03,C,,,,,C,N,N,A,1,0,0,0,22350.0,2,37.93656418,-122.3337225,4
2017,2017-05-16,1340,5,1,13,2,Y,B,N,A,H,A,A,01,,12,D,,,,,C,Y,N,A,1,0,0,0,21453.0,2,37.94658995,-121.70032988,4
2017,2017-01-01,211,1,4,2,7,-,-,N,A,H,C,-,,,01,C,,,,,E,Y,N,D,2,0,0,0,23152.0,2,37.91249992,-122.32030999,4
2017,2017-06-09,1601,6,2,16,5,N,A,N,A,H,A,-,- ,S,03,C,,,,,C,N,M,D,1,0,0,0,22350.0,2,37.77989688,-121.97322688,4
2017,2017-06-24,1203,6,2,12,6,N,A,N,A,H,A,A,01,N,03,E,,,,,I,Y,N,D,1,0,0,0,22350.0,1,37.75351857,-121.9091278,4
2017,2017-06-17,2043,6,2,20,6,N,A,N,A,H,B,A,01,N,01,E,,,,,-,,N,D,1,0,0,0,23153.0,1,38.01581493,-122.25807599,3
2017,2017-06-23,1017,6,2,10,5,Y,A,Y,A,H,A,A,01,,12,D,,,,,C,Y,N,A,1,0,0,0,21453.0,2,37.77458646,-121.97385214,4
2017,2017-06-22,1645,6,2,16,4,N,A,N,A,H,A,A,08,W,04,C,,,,,C,Y,N,A,1,0,0,0,21703.0,2,37.77288658,-121.99118139,4
2017,2017-06-15,1557,6,2,15,4,Y,A,N,A,H,A,A,01,,12,D,,,,,C,Y,N,A,2,0,0,0,21453.0,3,37.91482998,-122.01953995,3
2017,2017-06-11,1442,6,2,14,7,N,A,N,A,H,A,L,04,S,17,D,,Y,,,G,N,N,D,1,0,1,0,21208.0,2,37.92324208,-122.06365567,2
2017,2017-06-23,1642,6,2,16,5,N,A,N,A,H,A,A,01,E,04,C,,,,,C,N,N,A,1,0,0,0,21703.0,2,37.90823041,-122.05479194,4
2017,2017-06-17,2350,6,2,23,6,Y,A,Y,A,H,C,A,01,,03,H,,,,,C,Y,F,A,2,0,0,0,22350.0,3,37.98454124,-122.31556203,3
2017,2017-06-10,1259,6,2,12,6,N,A,N,A,H,A,A,01,E,09,D,,,Y,,C,Y,N,D,1,0,0,1,21804.0,2,38.00344311,-122.31469235,2
2017,2017-04-08,20,4,1,0,6,Y,C,N,B,H,C,A,01,,12,B,,,,,C,Y,F,D,1,0,0,0,22450.0,2,37.92946989,-122.33088988,4
2017,2017-06-28,955,6,2,9,3,N,A,N,A,H,A,A,07,E,12,B,,,,,C,Y,N,A,2,0,0,0,21453.0,2,38.00787387,-121.86915368,4
2017,2017-06-20,1224,6,2,12,2,N,A,N,A,H,A,I,09,N,21,E,,,,,I,N,N,A,1,0,0,0,22106.0,1,37.96047923,-122.34267154,4
2017,2017-06-25,1354,6,2,13,7,Y,A,N,A,H,A,A,01,,12,-,,,,,C,N,F,A,1,0,0,0,22450.0,2,38.03035995,-121.88419991,4
2017,2017-07-02,1529,7,2,15,7,N,A,N,-,H,A,A,01,S,03,C,,,,,C,Y,N,D,2,0,0,0,22350.0,2,37.99681434,-122.04237659,4
2017,2017-07-05,1629,7,2,16,3,N,A,N,A,H,A,A,01,N,04,C,,,,,C,Y,N,A,3,0,0,0,21703.0,2,37.73693482,-121.95119577,3
2017,2017-07-04,1709,7,2,17,2,N,A,N,A,H,A,A,01,W,08,C,,,,,C,N,N,A,2,0,0,0,22107.0,2,37.76269998,-121.95719,4
2017,2017-07-07,36,7,2,0,5,N,A,N,A,H,C,A,01,S,01,C,,,,,C,Y,N,D,1,0,0,0,23152.0,2,37.95321117,-122.33358259,3
2017,2017-06-27,2012,6,2,20,2,Y,A,N,A,H,B,A,01,,10,G,Y,,,,B,N,N,A,1,1,0,0,21950.0,2,37.95898996,-122.34872998,3
2017,2017-06-14,1632,6,2,16,3,N,A,N,A,H,A,A,01,N,08,D,,,,,C,N,N,D,2,0,0,0,22107.0,2,37.96085706,-122.34613983,4
2017,2017-06-23,1906,6,2,19,5,Y,A,N,A,H,A,-,,,09,A,,,,,C,N,N,A,2,0,0,0,21802.0,2,37.94798,-122.07015993,3
2017,2017-06-08,2352,6,2,23,4,N,C,N,B,H,D,-,,S,01,C,,,,,C,Y,M,D,1,0,0,0,23152.0,2,37.95824562,-122.06102416,4
2017,2017-05-16,2307,5,1,23,2,N,A,N,A,H,C,C,03,E,03,E,,,Y,,I,N,N,D,1,0,0,1,22350.0,1,37.9782325,-122.32709292,4
2017,2017-06-29,613,6,2,6,4,Y,A,N,A,H,A,A,01,,12,D,,,,,C,Y,N,A,1,0,0,0,21453.0,2,37.90812993,-122.05490992,4
2017,2017-06-28,939,6,2,9,3,Y,A,N,A,H,A,A,01,,12,D,,,,,C,N,N,A,2,0,0,0,21453.0,2,37.9883499,-121.78195999,3
2017,2017-04-14,2156,4,1,21,5,N,A,N,A,H,-,A,01,E,01,D,,,,,C,Y,N,D,1,0,0,0,23152.0,2,37.97080816,-122.0123747,3
2017,2017-06-28,1606,6,2,16,3,Y,A,N,A,H,A,A,08,,09,D,,,,,C,Y,N,A,2,0,0,0,21801.0,2,37.99776063,-122.04204977,4
2017,2017-06-27,2201,6,2,22,2,Y,A,N,A,H,C,A,01,,08,D,,,,,C,Y,N,-,1,0,0,0,22107.0,2,37.9851699,-122.01213994,4
2017,2017-06-24,917,6,2,9,6,-,A,N,A,H,A,A,01,,08,B,,,,,E,N,N,D,1,0,0,0,22107.0,3,37.94811196,-121.9590354,4
2017,2017-06-30,1130,6,2,11,5,Y,A,N,A,H,A,D,22,,03,C,,,,,C,Y,N,A,1,0,0,0,22350.0,2,37.7609599,-121.94535986,4
2017,2017-04-14,2029,4,1,20,5,N,A,N,A,H,C,N,60,W,11,G,Y,,,,B,Y,N,A,0,0,0,0,21954.0,2,38.01533,-121.94198944,1
2017,2017-03-19,2246,3,1,22,7,N,B,N,A,H,C,N,60,W,11,G,Y,,,,B,N,F,A,0,0,0,0,21954.0,2,37.94221058,-122.01982661,1
2017,2017-05-09,2156,5,1,21,2,N,A,N,A,H,C,C,02,N,01,E,,,Y,,I,Y,N,D,0,0,0,0,23152.0,1,37.96316717,-122.01288123,1
2017,2017-05-08,2321,5,1,23,1,N,A,N,A,H,C,C,02,E,01,A,,,Y,,I,Y,N,D,0,0,0,0,23152.0,1,38.02276728,-122.12509405,1