ACCIDENT_YEAR,COLLISION_DATE,COLLISION_TIME,MONTH,SEASON,24HOURS,DAY_OF_WEEK,INTERSECTION,WEATHER_1,STATE_HWY_IND,ROAD_SURFACE,ROAD_COND_1,LIGHTING,STWD_VEHTYPE_AT_FAULT,CHP_VEHTYPE_AT_FAULT,DIRECTION,PCF_VIOL_CATEGORY,TYPE_OF_COLLISION,PEDESTRIAN_ACCIDENT,BICYCLE_ACCIDENT,MOTORCYCLE_ACCIDENT,TRUCK_ACCIDENT,MVIW,TOW_AWAY,HIT_AND_RUN,CONTROL_DEVICE,NUMBER_INJURED,COUNT_PED_INJURED,COUNT_BICYCLIST_INJURED,COUNT_MC_INJURED,PCF_VIOLATION,PARTY_COUNT,POINT_Y,POINT_X,COLLISION_SEVERITY
2017,2017-07-15,1955,7,2,19,6,N,A,N,A,H,A,D,22,S,01,G,Y,,,,B,Y,N,A,0,0,0,0,23152.0,5,37.95882015,-122.04111871,1
2017,2017-06-12,1912,6,2,19,1,Y,A,N,A,H,A,C,02,,08,E,,,Y,,I,Y,N,A,0,0,0,0,22107.0,1,37.81607989,-121.96837987,1
2018,2018-02-18,1851,2,4,18,7,Y,A,N,A,H,C,L,04,,11,G,,Y,,,G,Y,N,A,0,0,0,0,21456.0,2,37.97312927246094,-122.04138946533205,1
2017,2017-05-18,2241,5,1,22,4,Y,A,N,A,H,C,D,22,,12,B,,,,,C,Y,N,A,3,0,0,0,22450.0,4,37.94364996,-122.34543994,3
2017,2017-06-21,1359,6,2,13,3,N,A,N,A,H,A,L,04,N,09,D,,Y,,,G,N,N,D,1,0,1,0,21804.0,2,37.95558377,-121.948995,4
2017,2017-07-18,1529,7,2,15,2,Y,A,Y,A,H,A,A,01,,04,C,,,,,C,Y,N,A,3,0,0,0,21703.0,3,37.92541896,-122.31849922,4
2017,2017-07-01,1822,7,2,18,6,Y,A,N,A,H,A,D,22,,08,B,,,,,C,N,N,D,1,0,0,0,22107.0,2,37.93077998,-122.00911998,4
2017,2017-07-05,1057,7,2,10,3,Y,A,N,A,H,A,D,22,,09,D,,,,,C,Y,N,D,2,0,0,0,21801.0,2,37.91928994,-122.08728991,4
2017,2017-06-28,1749,6,2,17,3,N,A,N,A,H,A,A,01,,01,E,,,,,I,Y,N,D,2,0,0,0,23152.0,1,37.95250842,-122.35704482,3
2017,2017-07-07,1620,7,2,16,5,N,A,N,A,H,A,A,01,E,03,C,,,,,C,N,N,A,1,0,0,0,22350.0,3,37.97662315,-122.03393131,4
2017,2017-07-03,1016,7,2,10,1,N,A,N,A,H,A,D,22,N,08,B,,,,,C,N,N,D,1,0,0,0,22107.0,2,37.96997294,-122.0465571,4
2017,2017-07-02,1350,7,2,13,7,Y,A,N,A,H,A,D,22,,17,D,,,,,C,N,N,A,2,0,0,0,21451.0,2,37.97106989,-122.04594994,4
2017,2017-05-30,1456,5,1,14,2,Y,A,N,A,H,A,L,04,,05,D,,Y,,,G,N,N,A,1,0,1,0,21650.0,2,38.00504996,-121.7646399,3
2017,2017-06-26,1550,6,2,15,1,Y,A,N,A,H,A,-,,,09,D,,,,,C,Y,N,A,1,0,0,0,21801.0,2,37.92632997,-122.07353998,4
2017,2017-06-23,855,6,2,8,5,Y,A,N,A,D,B,-,,,03,F,,,,,A,N,N,A,1,0,0,0,22350.0,1,37.9583799,-122.06105993,3
2017,2017-06-25,1709,6,2,17,7,Y,A,Y,A,G,A,N,60,,11,A,Y,,,,B,Y,N,A,1,1,0,0,21955.0,2,37.9479477,-122.05690795,2
2017,2017-06-20,230,6,2,2,2,Y,A,N,A,H,C,A,07,,12,D,,,,,C,Y,N,D,2,0,0,0,22450.0,3,37.96665998,-121.7915599,3
2017,2017-06-10,21,6,2,0,6,Y,A,N,A,H,C,A,01,,12,D,,,,,C,Y,N,D,1,0,0,0,21453.0,2,37.97926623,-121.74362895,3
2017,2017-06-26,2111,6,2,21,1,N,-,N,A,H,C,-,,E,04,C,,,,,C,Y,N,A,2,0,0,0,21703.0,2,37.94534,-122.05817873,4
2017,2017-06-20,1327,6,2,13,2,Y,-,N,A,H,A,A,01,,05,A,,,,,C,Y,N,A,2,0,0,0,21460.0,2,37.96473992,-122.01855993,3
2017,2017-07-04,1820,7,2,18,2,N,A,N,A,H,A,L,04,N,05,A,,Y,,,G,N,N,D,1,0,1,0,21650.0,2,37.94988562,-122.01789656,4
2017,2017-07-06,1206,7,2,12,4,Y,A,N,A,H,A,A,01,,09,D,,,,,C,Y,N,D,2,0,0,0,21801.0,2,37.95150989,-121.97651988,4
2017,2017-06-08,920,6,2,9,4,N,C,N,B,H,A,A,01,W,09,D,,,,,C,Y,N,A,1,0,0,0,21801.0,2,37.94633777,-122.36612822,4
2017,2017-04-26,1922,4,1,19,3,Y,A,N,A,H,B,A,01,,01,D,,,,,C,Y,F,A,1,0,0,0,23153.0,2,37.93073994,-122.34764987,4
2017,2017-06-10,1208,6,2,12,6,Y,A,N,A,H,A,A,01,,09,D,,,,,D,Y,N,A,2,0,0,0,21806.0,5,37.93519988,-122.34371993,4
2017,2017-06-08,1705,6,2,17,4,Y,A,N,A,H,A,J,48,,12,D,,,,,C,Y,N,A,2,0,0,0,22450.0,2,37.92557,-121.67793986,3
2017,2017-07-17,1029,7,2,10,1,Y,A,N,A,H,A,A,01,,21,C,,,,,C,N,N,A,1,0,0,0,22106.0,2,37.95209989,-121.95751992,4
2017,2017-05-05,820,5,1,8,5,Y,A,N,A,H,A,A,01,,08,D,,Y,,,G,N,F,D,1,0,1,0,22107.0,2,37.92024994,-122.31836994,4
2017,2017-05-14,1959,5,1,19,7,Y,A,N,A,H,A,-,- ,,00,G,Y,,,,B,N,N,A,1,1,0,0,,2,37.96169993,-121.76348991,3
2017,2017-05-22,1857,5,1,18,1,Y,A,N,A,H,A,A,01,,03,C,,,Y,,C,Y,N,D,1,0,0,1,22350.0,2,37.9331099,-121.77801986,2
2017,2017-05-15,1755,5,1,17,1,Y,A,N,A,H,A,A,01,,09,D,,,,,C,Y,N,A,1,0,0,0,21801.0,2,37.98824995,-121.80739994,4
2017,2017-05-05,1514,5,1,15,5,Y,A,N,A,H,A,A,01,,08,D,,,,,C,Y,N,A,1,0,0,0,22107.0,3,38.00489999,-121.79809987,4
2017,2017-06-24,1718,6,2,17,6,N,A,N,A,H,A,A,01,N,04,C,,,,,C,Y,N,D,1,0,0,0,21703.0,3,37.84021656,-122.12694069,3
2017,2017-06-07,1313,6,2,13,3,Y,B,N,A,H,A,A,01,,03,E,,,,,I,Y,N,A,1,0,0,0,22350.0,1,37.976166,-122.3421885,4
2017,2017-07-07,1441,7,2,14,5,Y,A,N,A,H,A,A,01,,17,D,,,Y,,C,Y,N,A,1,0,0,1,21457.0,2,37.89327996,-122.05680986,4
2017,2017-07-11,1410,7,2,14,2,N,A,N,A,H,A,A,07,W,03,C,,,,,C,N,N,D,1,0,0,0,22350.0,3,37.9114299,-122.04617994,4
2017,2017-07-07,1010,7,2,10,5,Y,A,N,A,H,A,A,01,,09,D,,,,,C,Y,N,D,1,0,0,0,21802.0,2,37.92535992,-122.02780993,4
2017,2017-07-07,2109,7,2,21,5,Y,A,N,A,H,C,-,- ,,18,-,Y,,,,B,N,N,A,1,1,0,0,,2,37.83722995,-122.13492996,4
2017,2017-07-16,1625,7,2,16,7,N,A,N,A,H,A,A,07,N,03,C,,,,,C,N,N,A,1,0,0,0,22350.0,2,37.97630761,-122.03540204,4
2017,2017-07-11,1216,7,2,12,2,N,A,N,A,H,A,D,22,S,09,-,,,,,C,Y,N,A,1,0,0,0,21801.0,3,37.9714394,-122.03249708,4
2017,2017-07-05,2150,7,2,21,3,N,A,N,A,H,C,C,02,E,01,C,,,Y,,C,Y,N,A,1,0,0,1,23152.0,2,37.96483577,-121.99248058,3
2017,2017-07-18,1207,7,2,12,2,N,A,N,A,H,A,A,01,W,03,C,,,,,C,Y,N,A,1,0,0,0,22350.0,2,37.97735317,-121.99144354,3
2017,2017-05-31,810,5,1,8,3,N,A,Y,A,H,A,D,22,N,08,C,,,,,C,N,N,A,1,0,0,0,22107.0,2,38.01045806,-122.01916529,4
2017,2017-07-03,1655,7,2,16,1,N,A,N,A,H,A,A,07,E,21,C,,,,,C,N,N,A,2,0,0,0,22106.0,2,37.96966125,-122.05073326,4
2017,2017-07-08,955,7,2,9,6,Y,A,N,A,H,A,A,08,,03,-,,,,,C,N,N,A,1,0,0,0,22350.0,2,37.97819989,-122.03062996,4
2017,2017-07-05,1633,7,2,16,3,N,A,N,A,H,A,L,04,S,07,D,,Y,,,G,N,N,A,0,0,0,0,21658.0,2,37.95995582,-122.03353955,1
2017,2017-07-09,1309,7,2,13,7,N,A,N,A,H,A,A,01,E,01,A,,,,,C,Y,N,D,2,0,0,0,23152.0,2,37.96447731,-122.04641861,2
2017,2017-07-11,1330,7,2,13,2,N,A,N,A,H,A,A,01,W,09,D,,,,,C,Y,N,D,2,0,0,0,21804.0,3,37.97017676,-122.00974845,4
2017,2017-07-13,1508,7,2,15,4,N,A,N,A,H,A,A,01,S,09,-,,,,,C,Y,N,D,1,0,0,0,21804.0,2,38.01119941,-122.04108873,3
2017,2017-07-13,1735,7,2,17,4,Y,A,N,A,H,A,A,07,,12,D,,,,,C,N,N,A,2,0,0,0,21453.0,2,37.97621995,-122.03222993,4
2017,2017-07-16,1851,7,2,18,7,N,A,N,A,H,A,A,08,N,08,B,,,,,C,Y,N,D,2,0,0,0,22107.0,2,37.95528505,-122.04055363,4
2017,2017-06-06,800,6,2,8,2,Y,A,N,A,H,A,A,01,,09,D,,Y,,,G,N,N,A,1,0,1,0,21801.0,2,37.8352899,-122.13036992,4
2017,2017-06-15,1530,6,2,15,4,Y,A,N,A,H,A,A,01,,09,D,,,,,C,Y,N,D,2,0,0,0,21802.0,2,38.01472991,-122.13654992,4
2017,2017-06-05,1140,6,2,11,1,Y,A,N,A,H,A,A,01,,08,H,,Y,,,G,N,N,A,1,0,1,0,22107.0,2,37.95789997,-122.09264999,4
2017,2017-06-01,1511,6,2,15,4,N,A,N,A,-,A,L,04,N,05,A,,Y,,,G,N,N,A,1,0,1,0,21650.0,2,37.93839566,-122.36005762,4
2017,2017-06-01,815,6,2,8,4,N,B,N,A,-,A,-,,S,10,-,Y,,,,A,N,F,A,1,1,0,0,21950.0,2,37.93405626,-122.36001008,4
2017,2017-06-19,1518,6,2,15,1,Y,A,N,A,H,A,A,01,,09,-,,,,,C,Y,N,A,5,0,0,0,21802.0,2,37.93994999,-122.34951998,4
2017,2017-06-30,419,6,2,4,5,Y,A,N,A,H,C,A,01,,08,E,,,,,J,Y,N,D,1,0,0,0,22107.0,1,37.90618999,-122.06431987,4
2017,2017-06-20,1748,6,2,17,2,N,A,N,A,H,A,A,01,N,09,H,,Y,,,G,N,N,A,1,0,1,0,21801.0,2,38.00592614,-121.8934952,3
2017,2017-06-17,1552,6,2,15,6,N,A,N,A,H,A,A,01,E,08,C,,,,,C,N,N,A,1,0,0,0,22107.0,2,37.77364387,-121.91803342,4
2017,2017-06-19,1718,6,2,17,1,Y,A,N,A,H,A,A,01,,09,A,,,,,C,Y,N,A,1,0,0,0,21803.0,2,37.76759992,-121.89833997,4
2017,2017-06-05,1048,6,2,10,1,Y,A,N,A,H,A,A,07,,09,D,,,,,C,N,N,D,2,0,0,0,21802.0,2,37.90529992,-122.30688993,3
2017,2017-05-18,1716,5,1,17,4,Y,A,N,A,H,A,A,01,,09,-,,,,,C,Y,N,D,1,0,0,0,21804.0,2,37.92839993,-122.34252989,4
2017,2017-05-29,2100,5,1,21,1,N,A,N,A,H,C,-,,S,03,H,,,,,-,N,N,D,2,0,0,0,22350.0,1,37.92308071,-122.33850364,2
2017,2017-06-19,1101,6,2,11,1,Y,A,N,A,H,A,A,01,,12,D,,,Y,,C,Y,N,A,1,0,0,1,21453.0,2,37.97865994,-122.04189996,2
2017,2017-05-20,2224,5,1,22,6,Y,A,N,A,H,C,-,,,08,A,,,,,C,Y,F,D,3,0,0,0,22107.0,2,37.93087994,-122.34198993,4
2017,2017-06-05,2140,6,2,21,1,Y,A,N,A,H,C,-,,,12,D,,,,,C,Y,N,A,1,0,0,0,21453.0,2,37.93572988,-122.34754993,4
2017,2017-06-20,844,6,2,8,2,N,A,Y,A,H,A,A,01,S,09,G,Y,,,,B,Y,N,A,2,1,0,0,21453.0,2,37.89888735,-122.3017997,3
2017,2017-06-02,1901,6,2,19,5,N,A,N,A,H,A,N,60,N,11,G,Y,,,,B,N,N,A,1,1,0,0,21954.0,2,37.93439072,-122.33601115,3
2017,2017-06-02,108,6,2,1,5,Y,A,N,A,H,C,-,,,12,D,,,,,D,Y,N,A,1,0,0,0,21453.0,2,37.93845999,-122.34855989,4
2017,2017-05-14,1942,5,1,19,7,N,A,N,A,H,B,N,60,E,11,G,Y,,,,B,N,N,D,1,1,0,0,21955.0,2,38.00436768,-121.83509767,2
2017,2017-07-07,1510,7,2,15,5,Y,A,N,A,H,A,A,01,,08,H,,,,,C,N,N,A,1,0,0,0,22107.0,2,38.01596999,-122.13883995,4
2017,2017-07-07,1000,7,2,10,5,Y,A,N,A,H,A,A,01,,08,D,Y,,,,B,N,F,A,1,1,0,0,22107.0,2,37.97916994,-121.76462991,2
2017,2017-07-11,742,7,2,7,2,Y,A,N,A,H,A,A,01,,12,D,,,,,A,Y,N,A,2,0,0,0,21457.0,2,38.00415,-121.78753986,3
2017,2017-07-06,2209,7,2,22,4,N,A,N,A,H,C,A,01,W,03,A,,,,,J,N,N,A,1,0,0,0,22350.0,1,38.00506512,-121.76183709,2
2017,2017-07-14,2019,7,2,20,5,N,A,N,A,H,A,A,01,N,01,C,,,,,C,N,M,D,2,0,0,0,23152.0,3,37.98860805,-121.83989172,4
2017,2017-07-15,1255,7,2,12,6,N,A,N,A,H,A,A,01,E,03,C,,,,,C,N,N,A,1,0,0,0,22350.0,4,37.96174,-121.7368596,4
2017,2017-09-05,1136,9,3,11,2,N,A,N,A,H,A,F,27,S,09,D,,,,Y,C,Y,N,D,1,0,0,0,21804.0,2,37.92348558,-122.36587709,4
2018,2018-02-09,1835,2,4,18,5,N,A,N,A,H,C,A,01,W,05,A,,,,,C,Y,N,A,1,0,0,0,21651.0,2,37.97357177734375,-121.97915649414062,2
2017,2017-12-04,1819,12,4,18,1,N,A,N,A,H,C,L,04,N,03,C,,Y,,Y,E,N,N,D,1,0,1,0,22350.0,2,37.9625941,-121.97789592,3
2017,2017-11-07,755,11,3,7,2,N,A,N,A,H,A,A,01,E,09,B,,,,,C,Y,N,D,3,0,0,0,21804.0,2,38.02106322,-121.90299925,4
2017,2017-10-22,1605,10,3,16,7,N,A,N,A,H,A,-,- ,W,00,D,,,,,C,N,N,D,1,0,0,0,,2,37.96445022,-121.99144647,4
2017,2017-07-05,1820,7,2,18,3,N,A,N,A,H,A,-,,N,09,D,,,,,C,N,N,D,1,0,0,0,21804.0,2,37.96506975,-122.05786559,4
2017,2017-07-06,1737,7,2,17,4,Y,A,N,A,H,A,-,,,03,C,,,,,C,N,N,D,1,0,0,0,22350.0,2,37.93965992,-122.08192992,4
2017,2017-07-07,1240,7,2,12,5,N,A,N,A,H,A,A,07,S,08,B,,,,,C,Y,N,D,1,0,0,0,22107.0,2,37.92704828,-122.01427917,4
2017,2017-07-14,524,7,2,5,5,Y,A,N,A,H,D,A,01,,03,A,,,,,E,Y,N,D,1,0,0,0,22350.0,2,37.9032299,-122.05236,3
2017,2017-07-10,2203,7,2,22,1,N,A,N,A,H,C,A,01,E,01,A,,,,,I,Y,N,-,1,0,0,0,23152.0,1,37.94151385,-121.99724,3
2017,2017-06-26,1638,6,2,16,1,Y,A,N,A,H,A,-,,,09,A,,,,,C,Y,N,D,1,0,0,0,21801.0,2,37.94792992,-122.07770998,2
2017,2017-07-13,1706,7,2,17,4,Y,A,N,A,H,A,A,01,,08,F,,,,,E,Y,N,D,1,0,0,0,22107.0,3,37.86842949,-122.07513034,3
2017,2017-07-14,1232,7,2,12,5,N,A,N,A,H,A,A,08,W,03,C,,,,,C,Y,N,A,1,0,0,0,22350.0,2,37.90656,-122.05952202,4
2017,2017-07-16,1158,7,2,11,7,N,A,N,A,H,A,-,,E,06,B,,Y,,,G,N,N,A,1,0,1,0,21750.0,2,37.91325135,-122.04355453,4
2017,2017-06-29,2146,6,2,21,4,N,A,N,A,H,C,A,01,N,05,E,,,,,I,Y,F,D,1,0,0,0,21651.0,1,37.91871605,-122.32940626,3
2017,2017-07-19,951,7,2,9,3,Y,A,N,A,H,A,A,01,,08,D,,Y,,,G,N,N,A,1,0,1,0,22107.0,2,37.90676999,-122.06148997,4
2017,2017-06-23,1728,6,2,17,5,Y,A,N,-,H,A,A,07,,09,-,,,Y,,C,N,F,D,1,0,0,1,21801.0,2,37.9355699,-122.34633988,4
2017,2017-06-26,528,6,2,5,1,Y,A,N,A,H,A,A,01,,12,D,,,,,C,Y,F,A,1,0,0,0,21453.0,2,37.93565993,-122.32757991,4
2017,2017-07-02,1504,7,2,15,7,N,A,N,A,H,A,A,01,S,08,E,,,,,I,Y,N,A,1,0,0,0,22107.0,1,38.00007263,-121.88705,3
2017,2017-07-03,1720,7,2,17,1,N,A,N,A,H,A,A,01,E,06,G,Y,,,,B,N,N,D,1,1,0,0,21755.0,2,38.01850177,-121.95973954,3
2017,2017-07-11,726,7,2,7,2,N,A,N,A,H,A,A,07,W,10,G,Y,,,,B,Y,N,A,1,1,0,0,21950.0,2,38.01533,-121.94282272,4
2017,2017-06-20,1747,6,2,17,2,N,A,N,A,H,A,A,01,S,09,A,,,,,C,Y,N,A,1,0,0,0,21801.0,2,38.02147993,-121.88772999,4
2017,2017-06-21,1911,6,2,19,3,Y,A,N,A,H,B,-,- ,,09,D,,,,,C,N,N,D,1,0,0,0,21802.0,2,37.93683991,-122.36468986,4
2017,2017-06-05,504,6,2,5,1,N,A,N,A,H,D,A,01,W,05,A,,,,,C,N,N,D,2,0,0,0,21650.0,2,38.02950005,-121.91212632,3
2017,2017-06-10,1548,6,2,15,6,N,A,N,A,H,A,A,01,S,04,C,,,,,C,N,N,A,2,0,0,0,21703.0,2,38.01322212,-121.89542674,4
2017,2017-07-16,1958,7,2,19,7,Y,-,N,-,-,-,A,01,,09,D,,,,,C,N,N,A,1,0,0,0,21803.0,2,37.97229997,-122.35180994,4
2017,2017-07-10,1437,7,2,14,1,Y,A,N,A,H,A,A,01,,12,D,,,,,-,Y,N,A,1,0,0,0,21453.0,2,37.96858,-122.34532994,4
2017,2017-07-09,1451,7,2,14,7,Y,A,N,A,H,A,A,01,,12,C,,,,,D,N,N,A,1,0,0,0,21453.0,3,37.96336992,-122.34551999,4
2017,2017-07-19,1653,7,2,16,3,Y,-,N,-,-,-,L,04,,05,D,,Y,,,G,N,N,D,1,0,1,0,21202.0,2,37.97236994,-122.34458997,3
2017,2017-07-11,1057,7,2,10,2,-,-,N,-,-,-,A,01,S,03,-,,,,,-,N,N,-,2,0,0,0,22350.0,2,37.95488507,-122.34736143,4
2017,2017-07-07,2021,7,2,20,5,N,A,N,A,-,B,A,01,W,01,C,,,,,C,Y,N,D,1,0,0,0,23152.0,2,37.95805992,-122.35291998,4
2017,2017-07-17,1545,7,2,15,1,Y,A,N,A,H,A,L,04,,05,G,,Y,,,C,N,N,A,1,0,1,0,21650.0,2,37.94361997,-121.94189987,3
2017,2017-06-12,640,6,2,6,1,N,A,N,-,-,-,-,,N,07,B,,Y,,,G,N,F,D,1,0,1,0,21658.0,2,,,2
2017,2017-03-07,1231,3,1,12,2,Y,A,N,A,H,A,A,01,,09,A,,,,,C,Y,N,D,1,0,0,0,21801.0,2,37.97892994,-122.3253099,4
2017,2017-03-24,1610,3,1,16,5,N,C,N,B,H,A,A,07,E,01,C,,,,,C,Y,N,A,3,0,0,0,23153.0,2,37.92525,-122.34763532,4
2017,2017-03-25,1544,3,1,15,6,N,B,N,A,H,A,A,07,E,04,C,,,,,C,N,N,A,1,0,0,0,21703.0,2,37.97644588,-122.3282334,4
2017,2017-03-08,602,3,1,6,3,N,B,N,A,H,B,L,04,S,05,D,,Y,,,G,N,N,A,1,0,1,0,21202.0,2,37.93081,-122.37791,3
2017,2017-03-07,1730,3,1,17,2,N,A,N,A,H,B,-,,S,08,G,Y,,,,B,N,F,D,1,1,0,0,22107.0,2,37.93255387,-121.70684941,3
2017,2017-03-31,1306,3,1,13,5,N,A,N,A,H,A,C,02,,12,D,,,Y,,C,Y,N,D,1,0,0,1,22450.0,2,37.99867989,-122.31020996,3
2017,2017-05-14,417,5,1,4,7,N,A,N,A,H,A,A,01,N,01,B,,,,,E,Y,N,D,1,0,0,0,23152.0,2,37.93871443,-122.36575386,3
2017,2017-05-10,2106,5,1,21,3,N,A,N,A,H,A,A,01,N,03,B,,,,,C,Y,N,D,1,0,0,0,22350.0,3,38.00325478,-121.88525927,4
2017,2017-07-23,1515,7,2,15,7,Y,A,N,A,H,A,D,22,,04,C,,,,,C,Y,F,D,2,0,0,0,21703.0,3,38.00481,-121.82452998,4
2017,2017-04-10,2122,4,1,21,1,N,A,N,A,H,C,B,07,W,08,B,,,,,C,Y,N,D,1,0,0,0,22107.0,3,38.0112,-121.81145094,4
2017,2017-06-28,1552,6,2,15,3,N,A,N,A,-,-,N,60,E,11,B,Y,,,,B,N,N,D,1,1,0,0,21954.0,2,37.97891058,-122.33154327,4
2017,2017-06-08,719,6,2,7,4,N,C,N,B,H,A,A,01,W,03,E,,,,,I,N,N,D,1,0,0,0,22350.0,1,,,4
2017,2017-04-26,815,4,1,8,3,Y,A,N,A,H,A,A,07,,12,G,,Y,,,G,N,M,A,1,0,1,0,21453.0,2,37.7745699,-121.96486996,4
2017,2017-05-31,2228,5,1,22,3,N,A,N,A,H,C,A,01,W,09,-,,,,,C,Y,F,A,2,0,0,0,21801.0,2,37.92941911,-122.34392077,3
2017,2017-05-27,1836,5,1,18,6,N,A,N,A,H,A,A,01,E,01,D,,,,,C,Y,N,A,2,0,0,0,23153.0,2,37.93843,-122.36568531,4
2017,2017-07-15,1551,7,2,15,6,N,A,N,A,H,A,A,08,N,03,C,,,,,-,N,N,A,1,0,0,0,22350.0,2,37.9527304,-122.04417128,4
2017,2017-07-19,1637,7,2,16,3,N,A,N,A,H,A,C,02,W,03,C,,,Y,,C,N,N,A,1,0,0,1,22350.0,2,37.96894116,-122.00573489,3
2017,2017-07-25,1842,7,2,18,2,N,A,N,A,H,A,A,07,W,03,C,,,,,C,N,N,A,1,0,0,0,22350.0,2,,,4
2017,2017-04-30,27,4,1,0,7,Y,A,N,A,H,C,A,01,,09,D,,,,,C,Y,N,A,3,0,0,0,21801.0,2,37.92520998,-122.33811989,3
2017,2017-07-23,16,7,2,0,7,Y,A,N,A,H,C,A,01,,08,D,,,,,C,Y,N,A,1,0,0,0,22107.0,2,37.96064996,-122.03292992,3
2017,2017-07-22,2039,7,2,20,6,N,A,N,-,H,A,A,01,W,08,B,,,,,C,N,N,A,1,0,0,0,22107.0,2,37.97696883,-122.03618357,4
2017,2017-07-12,1653,7,2,16,3,N,A,N,A,H,A,D,22,S,03,C,,,,,C,Y,N,D,3,0,0,0,22350.0,4,38.00447413,-121.99931439,4
2017,2017-07-15,1742,7,2,17,6,Y,A,N,A,H,A,D,22,,12,C,,,,,C,Y,N,A,1,0,0,0,22450.0,2,37.98474992,-122.28059995,4
2017,2017-07-16,1020,7,2,10,7,N,A,N,A,H,A,N,60,E,11,G,Y,,,,B,N,N,D,1,1,0,0,21955.0,2,37.95255686,-121.95880472,3
2017,2017-07-20,448,7,2,4,4,N,A,N,A,H,C,A,01,S,12,G,Y,,,,B,N,N,A,1,1,0,0,21453.0,2,37.97686528,-122.03597939,2
2017,2017-07-11,2211,7,2,22,2,N,A,N,A,H,C,A,01,E,08,C,,,,,E,Y,N,D,2,0,0,0,22107.0,2,37.97063299,-122.02804165,3
2017,2017-07-10,2249,7,2,22,1,Y,A,N,A,H,C,A,07,,09,D,,,,,C,Y,N,D,2,0,0,0,21801.0,2,37.95916997,-121.97724993,3
2017,2017-06-23,1848,6,2,18,5,N,A,N,A,H,A,A,01,W,08,A,,,,,C,Y,N,D,1,0,0,0,22107.0,2,37.95636692,-121.79327021,4
2017,2017-06-28,1707,6,2,17,3,N,-,N,A,H,A,-,- ,W,08,A,,,,,I,Y,N,D,1,0,0,0,22107.0,1,37.98020774,-121.81761176,4
2017,2017-06-03,1906,6,2,19,6,Y,A,N,A,H,A,A,01,,08,G,Y,,,,B,N,N,D,1,1,0,0,22107.0,2,37.99898991,-121.83490999,4
2017,2017-06-14,2343,6,2,23,3,N,A,N,A,H,C,A,07,E,08,E,,,,,I,Y,N,D,1,0,0,0,22107.0,1,37.92535,-121.75063396,3
2017,2017-06-16,1958,6,2,19,5,N,A,N,A,H,A,A,01,S,08,D,,,,,E,Y,N,D,1,0,0,0,22107.0,2,37.91061181,-121.75041606,3
2017,2017-06-01,1013,6,2,10,4,N,A,N,A,D,A,A,01,E,03,C,,,,,C,N,N,A,2,0,0,0,22350.0,2,37.96156,-121.72835331,3
2017,2017-06-06,640,6,2,6,2,N,A,N,A,H,A,-,,S,08,E,,,,,I,Y,N,D,1,0,0,0,22107.0,1,37.92806387,-121.71449915,4
2017,2017-06-15,125,6,2,1,4,N,A,N,A,H,C,A,01,W,01,A,,,,,C,Y,N,D,3,0,0,0,23153.0,2,37.93987387,-121.73819929,4
2017,2017-06-10,326,6,2,3,6,N,A,N,A,H,C,A,01,W,01,A,,,,,I,Y,N,D,1,0,0,0,23152.0,2,37.76587,-121.95043,3
2017,2017-06-28,1012,6,2,10,3,Y,A,N,A,H,A,D,22,,09,D,,,,,C,Y,N,A,1,0,0,0,21801.0,2,37.94351999,-121.73770991,4
2017,2017-07-01,1749,7,2,17,6,N,A,N,A,H,A,A,81,N,08,C,,,Y,,C,N,N,D,1,0,0,1,22107.0,2,37.77607846,-121.97778386,3
2017,2017-03-27,1524,3,1,15,1,N,A,N,A,H,A,-,,S,05,C,,,,,E,Y,N,D,1,0,0,0,21650.0,2,37.76603359,-121.97775267,4
2017,2017-06-16,1318,6,2,13,5,N,A,N,A,H,A,D,22,E,08,D,,,,,C,Y,N,A,1,0,0,0,22107.0,2,37.96159,-121.69930392,4
2017,2017-06-30,1736,6,2,17,5,N,A,N,A,H,A,A,08,N,03,C,,,,,C,Y,N,D,1,0,0,0,22350.0,2,,,4
2017,2017-06-22,1353,6,2,13,4,N,A,N,A,H,A,D,22,E,03,C,,,,,C,N,N,A,1,0,0,0,22350.0,2,37.94426717,-121.72339378,4
2017,2017-06-12,1730,6,2,17,1,Y,A,N,D,H,A,A,01,,09,D,,,,,C,N,N,D,2,0,0,0,21802.0,2,37.93500993,-121.72367996,4
2017,2017-06-21,1024,6,2,10,3,Y,A,N,A,H,A,D,22,,12,D,,,,,C,Y,N,A,1,0,0,0,21453.0,2,37.93268995,-121.71450998,4
2017,2017-05-18,1615,5,1,16,4,Y,A,N,A,H,A,D,22,,03,C,,,,,C,N,N,A,1,0,0,0,22350.0,2,37.93264996,-121.7236899,4
2017,2017-04-10,1545,4,1,15,1,N,A,N,A,H,A,-,,N,08,G,Y,,,,B,N,F,D,1,1,0,0,22107.0,2,37.94732702,-121.69619941,3
2017,2017-07-01,1237,7,2,12,6,N,A,N,A,H,A,-,,N,03,H,,,,,I,Y,N,D,1,0,0,0,22350.0,1,38.01227802,-122.27816999,4
2017,2017-06-15,1240,6,2,12,4,N,A,N,A,H,A,C,02,E,05,E,,,Y,,I,Y,N,D,1,0,0,1,21651.0,1,37.90317921,-122.30016324,3
2017,2017-06-09,1802,6,2,18,5,N,A,N,A,-,A,L,04,N,03,E,,Y,,,I,N,N,D,1,0,1,0,22350.0,1,37.91078006,-122.37392217,2
2017,2017-06-23,1544,6,2,15,5,N,A,N,A,H,A,A,01,W,03,C,,,,,C,Y,N,B,1,0,0,0,22350.0,2,38.01546061,-121.92829224,3
2017,2017-06-27,1738,6,2,17,2,N,A,N,A,H,A,-,- ,E,18,H,,Y,,,-,N,N,D,1,0,1,0,,1,37.90388169,-122.29775051,3