ACCIDENT_YEAR,COLLISION_DATE,COLLISION_TIME,MONTH,SEASON,24HOURS,DAY_OF_WEEK,INTERSECTION,WEATHER_1,STATE_HWY_IND,ROAD_SURFACE,ROAD_COND_1,LIGHTING,STWD_VEHTYPE_AT_FAULT,CHP_VEHTYPE_AT_FAULT,DIRECTION,PCF_VIOL_CATEGORY,TYPE_OF_COLLISION,PEDESTRIAN_ACCIDENT,BICYCLE_ACCIDENT,MOTORCYCLE_ACCIDENT,TRUCK_ACCIDENT,MVIW,TOW_AWAY,HIT_AND_RUN,CONTROL_DEVICE,NUMBER_INJURED,COUNT_PED_INJURED,COUNT_BICYCLIST_INJURED,COUNT_MC_INJURED,PCF_VIOLATION,PARTY_COUNT,POINT_Y,POINT_X,COLLISION_SEVERITY
2018,2018-03-12,802,3,1,8,1,Y,A,N,A,H,A,L,04,,17,D,,Y,,,G,N,N,A,1,0,1,0,21461.0,2,37.9117317199707,-122.06008911132812,3
2018,2018-03-01,1400,3,1,14,4,Y,A,N,A,H,A,A,07,,12,D,,,,,C,Y,N,A,4,0,0,0,21453.0,3,37.924560546875,-122.02365112304688,3
2018,2018-03-01,805,3,1,8,4,Y,C,N,B,H,A,A,01,,12,D,,,,,C,Y,N,A,1,0,0,0,21453.0,2,37.75926971435546,-121.90550231933594,3
2018,2018-03-06,1940,3,1,19,2,Y,A,N,A,H,C,A,01,,00,A,,,,,C,Y,N,A,1,0,0,0,24153.0,2,37.722930908203125,-121.94229888916016,4
2018,2018-01-05,1507,1,4,15,5,Y,B,N,B,H,A,L,04,,11,G,,Y,,,G,N,N,A,1,0,1,0,21950.0,2,37.990631103515625,-121.69728088378906,4
2018,2018-01-20,1552,1,4,15,6,N,A,N,A,H,A,A,01,S,11,G,Y,,,,B,N,F,A,2,2,0,0,21950.0,3,38.000194549560554,-121.80606842041016,2
2017,2017-12-21,1713,12,4,17,4,Y,A,N,A,H,C,A,08,,10,G,Y,,,,B,Y,N,A,1,1,0,0,21950.0,2,37.92651991,-122.31935987,4
2017,2017-12-31,1443,12,4,14,7,Y,B,N,A,H,A,A,07,,04,C,,,,,C,Y,N,D,2,0,0,0,21703.0,2,37.91140989,-122.30304996,4
2018,2018-03-11,1446,3,1,14,7,Y,A,N,A,H,A,A,01,,08,A,,,,,C,Y,N,A,2,0,0,0,22107.0,2,37.93610000610352,-122.03018951416016,4
2018,2018-03-12,1749,3,1,17,1,Y,A,N,B,H,A,A,07,,12,D,,,,,C,Y,N,A,1,0,0,0,21453.0,2,37.94969177246094,-121.96083831787108,4
2018,2018-03-12,2216,3,1,22,1,N,B,N,A,H,C,N,60,E,11,G,Y,,,,B,N,N,D,1,1,0,0,21954.0,2,37.97107696533203,-122.01332092285156,3
2018,2018-03-13,1715,3,1,17,2,N,B,N,B,H,A,-,,E,07,B,,,,,C,Y,N,-,3,0,0,0,21658.0,2,37.97740173339844,-122.02710723876952,4
2018,2018-02-20,2029,2,4,20,2,Y,A,N,A,H,C,A,01,,09,D,,,,,C,Y,N,A,1,0,0,0,21453.0,2,37.95209884643555,-121.95751953125,4
2018,2018-02-22,1951,2,4,19,4,Y,B,N,B,H,-,A,01,,12,D,,,,,C,N,N,A,1,0,0,0,21453.0,2,37.96546173095703,-122.05712127685548,4
2018,2018-03-15,2054,3,1,20,4,N,C,N,B,H,C,A,01,N,03,F,,,,,-,Y,N,D,1,0,0,0,22350.0,1,37.733264923095696,-121.9110870361328,3
2018,2018-03-06,236,3,1,2,2,N,A,N,A,H,C,A,01,S,01,E,,,,,I,Y,N,D,1,0,0,0,23153.0,1,37.754127502441406,-121.9622802734375,2
2018,2018-03-07,1505,3,1,15,3,Y,A,N,A,H,A,L,04,,12,D,,Y,,,-,N,N,A,1,0,1,0,22450.0,2,37.753548,-121.947582,3
2018,2018-03-02,732,3,1,7,5,Y,-,N,A,H,A,A,01,,12,H,,,,,C,Y,N,A,2,0,0,0,21453.0,2,37.76253128051758,-121.9570770263672,3
2018,2018-02-24,1132,2,4,11,6,Y,A,N,A,H,A,A,01,,09,D,,,,,C,Y,N,D,1,0,0,0,21803.0,2,38.00608825683594,-122.1021728515625,3
2018,2018-02-16,2115,2,4,21,5,Y,A,N,A,H,C,-,- ,,00,H,,,,,C,Y,N,A,2,0,0,0,,2,38.0064811706543,-122.13089752197266,3
2018,2018-02-06,1122,2,4,11,2,N,A,N,A,H,A,A,01,S,08,A,,,,,C,Y,N,D,3,0,0,0,22107.0,2,37.99455261230469,-122.13172912597656,3
2018,2018-02-14,836,2,4,8,3,Y,A,N,A,H,A,A,01,,08,G,Y,,,,B,N,N,D,1,1,0,0,22107.0,2,38.00120162963867,-122.13343048095705,3
2018,2018-01-16,1619,1,4,16,2,N,A,N,A,H,A,A,01,S,- ,A,,,,,C,Y,N,A,2,0,0,0,,5,38.005619049072266,-121.83538818359376,2
2018,2018-01-16,1113,1,4,11,2,Y,B,N,A,H,A,A,01,,12,D,,,,,C,N,N,A,1,0,0,0,21453.0,2,37.97114944458008,-121.78230285644533,4
2018,2018-01-09,1616,1,4,16,2,Y,D,N,A,H,A,A,01,,09,A,,,,,C,Y,N,A,1,0,0,0,21804.0,2,38.00231170654297,-121.82714080810548,4
2018,2018-03-11,738,3,1,7,7,Y,B,N,A,H,A,A,01,,01,B,,,,,C,Y,N,A,2,0,0,0,23153.0,2,37.9600715637207,-122.32917785644533,3
2018,2018-02-24,1848,2,4,18,6,N,A,N,A,H,B,A,07,E,01,A,,,,,C,Y,N,D,2,0,0,0,23152.0,2,37.96128845214844,-122.33695220947266,4
2018,2018-03-12,1315,3,1,13,1,N,A,N,A,H,A,-,,S,09,D,,,,,C,Y,N,D,1,0,0,0,21804.0,3,37.97139739990234,-122.34218597412108,3
2018,2018-02-08,1818,2,4,18,4,Y,A,N,A,H,C,-,,,09,A,,,,,C,Y,N,A,1,0,0,0,21801.0,2,37.96165084838867,-122.06562042236328,4
2018,2018-02-13,1529,2,4,15,2,N,A,N,A,H,A,-,,W,09,B,,,,,C,N,N,D,1,0,0,0,21804.0,2,37.97562026977539,-122.06527709960938,2
2018,2018-03-06,1400,3,1,14,2,N,A,N,A,H,A,-,,N,03,C,,,,,C,Y,N,D,2,0,0,0,22350.0,3,37.967098236083984,-122.06278228759766,3
2018,2018-03-06,1050,3,1,10,2,Y,A,N,A,H,A,-,,,03,C,,,,,C,N,N,B,1,0,0,0,22350.0,2,37.951709747314446,-122.06022644042967,3
2018,2018-02-23,1504,2,4,15,5,Y,A,N,A,H,A,-,- ,,09,D,,,,,C,Y,N,D,1,0,0,0,21804.0,2,37.97159957885742,-122.06504821777344,4
2018,2018-02-19,108,2,4,1,1,N,A,N,A,H,C,-,,N,07,E,,,,,I,Y,N,D,1,0,0,0,21658.0,1,37.95366668701172,-122.06024169921876,2
2018,2018-01-07,1451,1,4,14,7,Y,B,N,A,H,A,A,07,,03,D,,,,,C,Y,N,A,4,0,0,0,22350.0,2,37.73751831054688,-121.92539215087892,2
2017,2017-10-03,900,10,3,9,2,Y,A,N,A,H,A,A,01,,12,G,Y,,,,B,N,M,A,1,1,0,0,21453.0,2,37.96169993,-121.76348991,4
2017,2017-10-03,1630,10,3,16,2,N,A,N,A,H,A,A,01,E,03,E,,,,,I,N,N,D,1,0,0,0,22350.0,1,37.98039226,-121.81730386,3
2018,2018-03-17,1752,3,1,17,6,Y,A,N,B,H,A,A,01,,01,D,,,,,C,Y,N,A,3,0,0,0,23152.0,2,38.00490951538086,-121.81004333496094,2
2018,2018-02-04,1500,2,4,15,7,Y,A,N,A,H,A,A,07,,08,E,,,,,I,Y,N,A,1,0,0,0,22107.0,2,37.986961364746094,-121.78579711914062,4
2018,2018-01-28,815,1,4,8,7,N,A,N,A,H,A,A,01,E,03,C,,,,,E,Y,N,D,1,0,0,0,22350.0,2,37.96638488769531,-121.7654266357422,4
2018,2018-03-15,1058,3,1,10,4,N,B,N,B,H,A,A,07,N,09,D,,,,,C,N,N,A,1,0,0,0,21804.0,2,37.954193115234375,-122.05175018310548,4
2018,2018-02-27,2052,2,4,20,2,N,B,N,A,H,C,D,22,W,03,C,,,,,C,Y,N,A,1,0,0,0,22350.0,3,37.9480857849121,-121.9784927368164,4
2018,2018-03-10,1719,3,1,17,6,N,A,N,A,H,A,-,,E,01,C,,,,,D,Y,N,A,1,0,0,0,23152.0,3,37.9434814453125,-122.060546875,4
2018,2018-03-14,1042,3,1,10,3,N,C,N,B,H,A,A,01,S,07,B,,,,,C,Y,N,A,1,0,0,0,21658.0,3,38.01156997680664,-122.0234375,4
2018,2018-03-15,1935,3,1,19,4,N,B,N,B,H,C,A,01,N,09,A,,,,,C,Y,N,A,1,0,0,0,21801.0,2,37.98622131347656,-122.01914978027344,2
2018,2018-03-16,811,3,1,8,5,Y,C,N,B,H,A,A,01,,17,D,,,,,C,Y,N,D,1,0,0,0,21209.0,3,37.97771835327149,-122.0083465576172,4
2018,2018-03-17,130,3,1,1,6,N,B,N,A,-,C,A,08,N,08,E,,,,,I,Y,N,D,1,0,0,0,22107.0,1,37.95107650756836,-122.00559997558594,3
2018,2018-03-07,1609,3,1,16,3,N,A,N,A,H,A,A,01,E,03,C,,,,,C,N,N,A,1,0,0,0,22350.0,3,37.92642974853516,-122.06169128417967,4
2018,2018-03-20,1613,3,1,16,2,N,B,N,B,H,A,A,08,S,08,E,,,,,I,Y,N,A,2,0,0,0,22107.0,1,37.924110412597656,-122.03791046142578,4
2018,2018-03-15,1703,3,1,17,4,Y,B,N,B,H,A,A,07,,09,D,,,,,C,Y,N,A,4,0,0,0,21801.0,3,37.90174102783203,-122.06195831298828,4
2018,2018-03-05,1823,3,1,18,1,N,A,N,A,H,C,A,01,E,09,D,,,,,C,Y,N,D,4,0,0,0,21801.0,2,37.95551681518555,-122.04022979736328,4
2018,2018-03-19,943,3,1,9,1,Y,A,N,A,H,A,-,- ,,12,D,,,,,C,Y,N,A,1,0,0,0,22450.0,2,37.926639556884766,-122.02490234375,4
2018,2018-03-12,1053,3,1,10,1,N,A,N,A,H,A,A,07,E,03,C,,,,,C,Y,N,A,1,0,0,0,22350.0,2,37.96111297607422,-121.9826431274414,4
2018,2018-03-09,1605,3,1,16,5,Y,A,N,A,H,A,-,,,09,D,,,,,C,Y,N,A,1,0,0,0,21804.0,2,37.93075942993164,-122.08666229248048,3
2018,2018-03-19,1539,3,1,15,1,Y,B,N,A,H,A,-,- ,,00,D,,,,,C,N,N,A,1,0,0,0,,2,37.94533920288086,-122.06047058105467,3
2018,2018-03-03,744,3,1,7,6,N,B,N,A,H,A,-,,E,07,B,,,,,C,Y,N,A,1,0,0,0,21658.0,4,37.94791030883789,-122.08191680908205,2
2018,2018-03-14,2012,3,1,20,3,Y,A,N,A,H,C,L,04,,05,D,,Y,,,G,N,N,A,1,0,1,0,21650.0,2,37.9480094909668,-122.06028747558594,4
2018,2018-03-02,1311,3,1,13,5,N,B,N,B,H,A,-,,N,03,E,,,,,I,Y,N,A,1,0,0,0,22350.0,1,37.96261978149414,-122.06138610839844,3
2018,2018-03-28,926,3,1,9,3,Y,A,N,A,H,A,A,01,,04,-,,,,,C,N,N,-,1,0,0,0,21703.0,2,37.927528381347656,-122.01470947265624,4
2018,2018-03-05,1255,3,1,12,1,Y,A,N,A,H,A,-,,,12,D,,,,,C,Y,N,A,1,0,0,0,21453.0,4,37.974891662597656,-122.0680923461914,4
2017,2017-11-07,1722,11,3,17,2,N,A,N,A,A,B,A,07,E,03,G,Y,,,,B,N,F,D,1,1,0,0,22350.0,2,37.97192,-121.77801,3
2018,2018-03-27,1509,3,1,15,2,Y,A,N,A,H,A,A,01,,12,D,,,,,C,Y,N,A,2,0,0,0,21453.0,2,38.01883,-121.87104,4
2018,2018-03-02,2208,3,1,22,5,N,C,N,B,H,C,A,01,N,03,A,,,,,E,Y,M,D,1,0,0,0,22350.0,4,38.022903442382805,-121.87987518310548,3
2018,2018-03-08,1545,3,1,15,4,Y,A,Y,A,H,A,-,- ,,12,D,,,,,C,Y,N,A,1,0,0,0,21453.0,2,37.981666564941406,-122.04196166992188,4
2018,2018-04-18,708,4,1,7,3,Y,B,N,A,H,A,A,01,,09,D,,,,,C,N,N,A,1,0,0,0,21802.0,2,37.97332000732422,-121.97870635986328,4
2018,2018-03-31,2113,3,1,21,6,N,A,N,A,H,C,A,01,S,01,A,,,,,C,Y,F,D,2,0,0,0,23152.0,2,37.99799346923828,-122.13224792480467,3
2018,2018-03-15,320,3,1,3,4,-,A,N,A,H,C,A,01,,- ,-,,,,,C,N,N,-,1,0,0,0,,1,37.99681091308594,-122.1324462890625,3
2018,2018-03-12,841,3,1,8,1,N,A,N,A,H,A,A,01,S,03,E,,,,,I,Y,N,D,1,0,0,0,22350.0,1,37.99303817749024,-122.10065460205078,4
2018,2018-04-10,1342,4,1,13,2,N,B,N,A,H,A,-,,N,03,C,,,,,C,N,N,A,1,0,0,0,22350.0,3,37.94708633422852,-122.06037902832033,4
2018,2018-04-09,1133,4,1,11,1,N,A,N,A,H,A,-,,S,07,-,,,,,C,Y,N,D,2,0,0,0,21658.0,3,37.96026992797852,-122.34231567382812,4
2018,2018-03-01,1559,3,1,15,4,Y,C,N,B,H,A,A,01,,03,C,,,,,C,Y,N,A,1,0,0,0,22350.0,3,37.83852005004882,-122.12612152099608,3
2018,2018-02-21,1952,2,4,19,3,Y,A,N,A,H,C,A,01,,12,D,,,,,C,N,N,A,2,0,0,0,21453.0,2,37.96849060058594,-122.05248260498048,4
2017,2017-12-29,1907,12,4,19,5,N,A,N,A,H,C,C,02,W,01,E,,,Y,,I,Y,N,A,1,0,0,1,23152.0,1,37.93753745,-121.68514976,3
2018,2018-02-17,1323,2,4,13,6,Y,A,N,A,H,A,A,01,,09,D,,Y,,,G,Y,N,D,1,0,1,0,21801.0,2,37.84737014770508,-122.10861206054688,4
2018,2018-03-23,2216,3,1,22,5,Y,B,Y,A,H,C,A,07,,12,D,,,,,C,Y,N,A,1,0,0,0,21453.0,2,37.780052185058594,-121.9768295288086,4
2018,2018-02-28,1925,2,4,19,3,N,A,N,A,H,C,A,07,E,01,B,,,,,E,Y,N,D,1,0,0,0,23152.0,2,37.90373992919922,-122.29253387451172,4
2018,2018-03-14,2228,3,1,22,3,N,A,N,A,H,C,A,08,W,03,C,,,,,C,N,N,A,1,0,0,0,22350.0,2,37.992572784423835,-122.04949951171876,4
2018,2018-01-08,1816,1,4,18,1,N,C,N,B,H,C,-,- ,E,18,E,,,,,I,Y,N,D,1,0,0,0,,1,37.96955490112305,-122.04615020751952,3
2018,2018-01-31,1802,1,4,18,3,N,A,Y,A,H,A,A,01,S,12,D,,,,,C,N,N,A,1,0,0,0,21453.0,2,38.01045989990234,-122.0191650390625,2
2018,2018-03-21,2125,3,1,21,3,Y,C,N,B,H,C,-,- ,,12,A,,,,,C,Y,N,A,1,0,0,0,21453.0,2,37.96961975097656,-122.0467529296875,4
2018,2018-02-10,1637,2,4,16,6,Y,A,N,A,H,A,A,01,,10,G,Y,,,,B,N,N,A,1,1,0,0,21950.0,2,37.9615592956543,-121.7416534423828,3
2018,2018-03-13,1944,3,1,19,2,Y,A,N,A,H,C,N,60,,11,G,Y,,,,B,N,N,A,1,1,0,0,21456.0,2,37.98506927490234,-121.80593872070312,4
2017,2017-11-15,349,11,3,3,3,N,A,N,A,H,D,A,01,S,03,F,,,,,A,Y,N,D,3,0,0,0,22350.0,1,37.94180936,-121.77358949,4
2017,2017-11-06,1549,11,3,15,1,N,B,N,A,H,A,A,01,S,08,D,,Y,,,G,N,N,D,1,0,1,0,22107.0,2,37.94030795,-122.02650426,4
2018,2018-03-15,340,3,1,3,4,N,B,N,A,H,C,A,07,N,12,D,,,,,C,Y,N,A,2,0,0,0,21453.0,3,37.95169448852539,-122.33287048339844,2
2018,2018-03-01,1142,3,1,11,4,Y,A,N,A,H,A,-,- ,,00,A,,,,,C,Y,N,A,1,0,0,0,,3,,,3
2018,2018-03-16,1400,3,1,14,5,Y,A,N,C,C,A,A,01,,09,D,,,,,C,Y,N,A,1,0,0,0,21802.0,2,37.968276,-122.339476,4
2018,2018-03-17,459,3,1,4,6,Y,A,N,A,H,C,A,01,,03,D,,,,,C,Y,N,D,4,0,0,0,22350.0,2,37.953399658203125,-122.3473892211914,4
2018,2018-01-19,1656,1,4,16,5,N,A,N,A,H,A,A,01,N,08,E,,,,,I,Y,N,D,1,0,0,0,22107.0,1,37.759471893310554,-121.96814727783205,3
2018,2018-03-20,1720,3,1,17,2,Y,C,N,B,H,A,A,01,,03,B,,,,,D,N,N,D,1,0,0,0,22350.0,2,37.736831665039055,-121.95111846923828,4
2018,2018-03-21,1500,3,1,15,3,Y,B,N,A,H,A,L,04,,05,D,,Y,,,A,N,N,A,1,0,1,0,21651.0,2,37.76211929321289,-121.94673919677734,2
2018,2018-03-18,239,3,1,2,7,N,A,N,A,H,C,A,01,N,08,A,,,,,I,Y,N,A,1,0,0,0,22107.0,1,37.971435546875,-122.04574584960938,4
2018,2018-03-03,1152,3,1,11,6,-,B,N,B,H,A,A,07,,08,D,,,,,C,Y,N,D,2,0,0,0,22107.0,2,37.93669128417969,-122.05433654785156,4
2018,2018-03-07,245,3,1,2,3,-,A,N,A,H,C,A,07,N,08,E,,,,,I,Y,N,D,1,0,0,0,22107.0,1,37.95562744140625,-122.06033325195312,3
2018,2018-03-14,1523,3,1,15,3,Y,B,N,A,H,A,A,01,,01,B,,,,,E,Y,N,D,1,0,0,0,23152.0,3,38.00936126708984,-122.2558135986328,4
2018,2018-01-29,1457,1,4,14,1,N,A,N,A,H,A,A,01,S,09,D,,,Y,,C,Y,N,D,1,0,0,0,21801.0,2,38.0176010131836,-121.8819580078125,3
2018,2018-02-24,1725,2,4,17,6,N,A,N,A,H,A,A,01,E,09,A,,,Y,,C,Y,N,D,1,0,0,1,21801.0,2,38.01532745361328,-121.94319152832033,4
2018,2018-03-28,2037,3,1,20,3,N,A,N,A,H,C,-,,N,01,F,,,,,-,Y,N,D,1,0,0,0,23152.0,1,37.75787353515625,-121.96678161621094,3
2018,2018-02-17,1002,2,4,10,6,N,A,N,A,H,A,A,01,N,21,G,Y,,,,B,N,F,A,1,1,0,0,22106.0,2,38.01568984985352,-121.89003753662108,2
2018,2018-03-27,1700,3,1,17,2,Y,A,N,A,H,A,A,07,,09,A,,,,,C,Y,N,D,1,0,0,0,21801.0,2,37.92536163330078,-122.0278091430664,4
2018,2018-03-12,1306,3,1,13,1,N,A,N,A,H,A,A,07,E,21,H,,,,,C,N,F,A,1,0,0,0,22106.0,2,37.90822982788086,-122.05479431152344,4
2018,2018-04-02,1537,4,1,15,1,N,A,N,A,H,A,A,01,S,09,D,,,,,C,Y,N,D,3,0,0,0,21804.0,2,37.9095115661621,-122.06217193603516,3
2018,2018-03-28,530,3,1,5,3,Y,A,N,A,H,C,A,01,,12,B,,,,,C,Y,N,A,1,0,0,0,21453.0,2,37.765819549560554,-121.95208740234376,4
2018,2018-03-08,1256,3,1,12,4,Y,A,N,A,H,A,A,01,,12,D,,,,,C,Y,N,A,2,0,0,0,21453.0,2,37.754878997802734,-121.90825653076172,4
2018,2018-03-22,1828,3,1,18,4,N,A,N,A,H,A,-,- ,E,03,C,,,,,E,Y,N,D,1,0,0,0,22350.0,2,37.776100158691406,-121.97772979736328,4
2018,2018-03-06,1130,3,1,11,2,Y,A,N,A,H,A,A,01,,11,G,Y,,,,B,N,F,D,1,1,0,0,21950.0,2,38.022071838378906,-121.8874969482422,4
2018,2018-04-03,1206,4,1,12,2,Y,A,N,A,H,A,F,55,,00,-,,,,Y,C,Y,N,A,1,0,0,0,21502.0,2,38.01396942138672,-122.03308868408205,3
2018,2018-03-22,819,3,1,8,4,N,B,N,B,-,A,A,01,S,03,C,,,,,E,Y,N,D,1,0,0,0,22350.0,2,37.987213134765625,-122.04181671142578,4
2018,2018-03-29,142,3,1,1,4,Y,A,N,A,H,C,A,01,,12,D,,,,,C,Y,N,A,1,0,0,0,21453.0,2,37.97819900512695,-122.03063201904295,4
2018,2018-03-30,2055,3,1,20,5,Y,A,N,A,H,C,A,01,,22,E,,,,,I,Y,N,D,1,0,0,0,,1,37.94351959228516,-121.95330047607422,3
2018,2018-03-16,2022,3,1,20,5,-,A,N,A,H,D,A,07,,08,C,,,,,C,N,N,A,1,0,0,0,21460.0,2,38.004365,-122.041489,4
2018,2018-03-07,1857,3,1,18,3,N,A,N,A,H,C,A,01,S,03,H,,Y,,,G,N,F,D,1,0,1,0,22350.0,2,37.95653533935546,-122.04314422607422,3
2018,2018-03-27,1733,3,1,17,2,N,A,N,-,H,A,A,01,E,07,B,,,,,C,N,N,D,1,0,0,0,21658.0,2,37.97098159790039,-122.0129852294922,4
2018,2018-04-01,1936,4,1,19,7,Y,A,N,A,H,C,A,01,,12,D,,,,,C,N,N,A,1,0,0,0,21453.0,2,37.97312927246094,-122.04138946533205,4
2018,2018-03-27,1029,3,1,10,2,N,A,N,A,H,A,A,01,N,21,B,,,,,C,N,M,D,1,0,0,0,22106.0,2,37.96218490600586,-122.04914093017578,4
2018,2018-04-06,2110,4,1,21,5,Y,C,N,B,H,C,-,- ,,12,D,,,,,C,Y,N,A,3,0,0,0,21453.0,2,37.97513961791992,-122.03447723388672,4
2018,2018-04-02,1451,4,1,14,1,Y,A,N,A,H,A,L,04,,17,D,,Y,,,G,N,N,D,1,0,1,0,21200.0,2,37.9440803527832,-121.9548568725586,3
2018,2018-04-06,2043,4,1,20,5,N,C,N,B,H,C,A,07,N,08,A,,,,,C,Y,N,D,1,0,0,0,22107.0,2,37.971378326416016,-122.04578399658205,4
2018,2018-03-31,2110,3,1,21,6,Y,A,N,A,H,C,-,- ,,09,D,,,,,C,Y,N,A,1,0,0,0,21803.0,2,37.984909057617195,-122.0209503173828,4
2018,2018-03-28,2037,3,1,20,3,N,A,N,A,H,C,A,01,N,01,C,,,,,E,Y,N,D,2,0,0,0,23152.0,4,37.96257781982422,-121.99080657958984,3
2018,2018-03-23,2340,3,1,23,5,N,A,Y,A,H,C,A,01,E,01,A,,,,,C,Y,N,A,3,0,0,0,23152.0,3,37.998046875,-121.80359649658205,2
2018,2018-03-04,1126,3,1,11,7,N,A,N,A,H,A,C,02,W,03,H,,,Y,,A,Y,N,D,1,0,0,1,22350.0,1,37.985137939453125,-121.84526824951172,4
2018,2018-03-01,1542,3,1,15,4,Y,A,N,A,H,A,-,- ,,- ,D,,,,,C,Y,N,A,2,0,0,0,,2,37.97114944458008,-121.78230285644533,4
2018,2018-03-03,1944,3,1,19,6,N,B,N,A,H,C,A,01,E,08,E,,,,,I,Y,N,A,1,0,0,0,22107.0,1,38.01227951049805,-121.79677581787108,4
2018,2018-03-24,2202,3,1,22,6,Y,B,N,B,H,C,A,01,,09,D,,,,,C,Y,N,D,1,0,0,0,21804.0,2,38.011260986328125,-121.82343292236328,4
2018,2018-03-03,330,3,1,3,6,N,C,N,B,H,C,-,,N,01,E,,,,,I,Y,N,D,1,0,0,0,23152.0,1,37.989990234375,-121.80771636962892,2
2018,2018-03-31,905,3,1,9,6,N,A,N,A,H,A,N,60,N,11,G,Y,,,,B,Y,N,D,1,1,0,0,21950.0,2,37.96139907836913,-121.80303192138672,2
2018,2018-04-09,2354,4,1,23,1,Y,A,N,A,H,C,A,01,,09,A,,,,,D,Y,N,A,4,0,0,0,21801.0,2,37.894580841064446,-122.06185150146484,4
2018,2018-04-10,1357,4,1,13,2,N,B,N,A,H,A,A,01,N,08,C,,,,,E,Y,N,D,1,0,0,0,22107.0,2,37.86503601074219,-122.0721435546875,3
2018,2018-04-06,840,4,1,8,5,N,B,N,B,H,A,A,01,W,01,C,,,,,E,Y,N,D,1,0,0,0,23152.0,2,37.9256706237793,-122.01390838623048,3
2018,2018-02-27,1443,2,4,14,2,N,A,N,A,H,A,A,01,S,03,C,,,,,C,N,N,D,1,0,0,0,22350.0,3,37.97598648071289,-121.80134582519533,4
2018,2018-02-11,155,2,4,1,7,N,A,N,A,H,C,-,- ,N,00,G,Y,,,,B,N,F,D,1,1,0,0,,2,38.00194549560546,-121.82283782958984,2
2018,2018-04-15,1530,4,1,15,7,N,B,N,A,H,A,A,01,W,00,E,,,,,I,Y,N,D,2,0,0,0,23107.0,1,38.041290283203125,-122.18729400634766,3
2018,2018-02-04,1438,2,4,14,7,N,A,N,A,H,A,A,01,N,03,E,,,,,I,Y,N,D,1,0,0,0,22350.0,1,37.97099304199219,-121.76105499267578,4
2018,2018-02-21,1352,2,4,13,3,Y,A,N,A,H,A,A,01,,03,C,,,,,C,N,N,D,1,0,0,0,22350.0,2,38.01118850708008,-121.81716918945312,4
2018,2018-08-17,945,8,2,9,5,Y,A,N,A,H,A,A,01,,12,D,,,,,C,Y,N,A,1,0,0,0,21453.0,2,37.94797897338867,-122.064208984375,3
2018,2018-03-10,700,3,1,7,6,N,-,N,-,-,-,-,,N,03,-,,,,,-,N,N,-,1,0,0,0,22350.0,1,,,3
2018,2018-04-26,1649,4,1,16,4,N,A,N,A,H,A,A,01,E,07,B,,,Y,,C,N,N,D,1,0,0,1,21658.0,3,37.908367156982415,-122.05449676513672,4
2018,2018-04-25,1743,4,1,17,3,N,A,Y,A,H,A,A,08,N,03,C,,,,,C,Y,N,D,3,0,0,0,22350.0,4,37.91489410400391,-122.06603240966795,4
2018,2018-03-06,2028,3,1,20,2,N,A,N,A,H,C,A,01,W,22,C,,,,,C,N,N,A,1,0,0,0,,2,38.01567840576172,-121.89003753662108,4
2018,2018-03-25,1046,3,1,10,7,N,A,N,A,H,A,A,07,S,03,C,,,,,C,Y,N,D,1,0,0,0,22350.0,2,37.99038696289063,-121.8959732055664,4
2018,2018-03-29,1438,3,1,14,4,N,A,N,A,H,A,A,01,W,12,D,,,,,C,Y,N,A,1,0,0,0,21453.0,2,38.027923583984375,-121.88522338867188,4
2018,2018-04-17,1741,4,1,17,2,N,A,N,A,H,A,D,22,S,03,C,,,,,C,N,N,A,1,0,0,0,22350.0,2,37.9944725036621,-122.03143310546876,4
2018,2018-05-02,1052,5,1,10,3,Y,A,N,A,H,A,D,22,,03,C,,,,,C,N,N,A,2,0,0,0,22350.0,2,37.956409454345696,-122.03897857666016,4
2018,2018-04-19,811,4,1,8,4,N,A,N,A,H,A,D,22,N,03,C,,,,,C,Y,N,A,5,0,0,0,22350.0,5,37.97042465209961,-121.97156524658205,3
2018,2018-04-14,1227,4,1,12,6,N,A,N,A,H,A,A,01,N,03,-,,,,,C,N,M,-,1,0,0,0,22350.0,2,37.9901237487793,-122.00563049316406,4
2018,2018-04-14,1101,4,1,11,6,Y,A,N,A,H,A,A,07,,09,A,,,,,C,Y,N,A,2,0,0,0,21453.0,2,37.95676803588867,-121.95140838623048,3