ACCIDENT_YEAR,COLLISION_DATE,COLLISION_TIME,MONTH,SEASON,24HOURS,DAY_OF_WEEK,INTERSECTION,WEATHER_1,STATE_HWY_IND,ROAD_SURFACE,ROAD_COND_1,LIGHTING,STWD_VEHTYPE_AT_FAULT,CHP_VEHTYPE_AT_FAULT,DIRECTION,PCF_VIOL_CATEGORY,TYPE_OF_COLLISION,PEDESTRIAN_ACCIDENT,BICYCLE_ACCIDENT,MOTORCYCLE_ACCIDENT,TRUCK_ACCIDENT,MVIW,TOW_AWAY,HIT_AND_RUN,CONTROL_DEVICE,NUMBER_INJURED,COUNT_PED_INJURED,COUNT_BICYCLIST_INJURED,COUNT_MC_INJURED,PCF_VIOLATION,PARTY_COUNT,POINT_Y,POINT_X,COLLISION_SEVERITY
2018,2018-04-01,1852,4,1,18,7,Y,A,N,A,H,A,A,01,,03,E,,,,,I,N,M,D,1,0,0,0,22350.0,1,37.991069793701165,-122.09429931640624,3
2018,2018-05-03,1634,5,1,16,4,N,A,N,A,H,A,A,01,S,03,C,,,,,C,Y,N,A,1,0,0,0,22350.0,3,37.95242691040039,-121.97332000732422,4
2018,2018-05-02,1431,5,1,14,3,Y,A,N,A,H,A,A,01,,12,D,,,Y,,C,Y,N,A,1,0,0,0,21453.0,4,37.97507858276367,-122.02751922607422,3
2018,2018-05-17,1931,5,1,19,4,N,A,N,A,H,A,N,60,S,11,-,Y,,,,B,N,F,A,1,1,0,0,21954.0,2,37.95416259765625,-122.08792877197266,3
2018,2018-05-22,1221,5,1,12,2,Y,A,Y,A,H,A,-,,,12,D,,,,,C,Y,F,A,1,0,0,0,21453.0,2,37.947948455810554,-122.0569076538086,4
2018,2018-05-22,1506,5,1,15,2,N,A,N,A,H,A,-,,W,08,B,,,,,C,Y,N,D,1,0,0,0,22107.0,2,37.94797134399414,-122.06948089599608,4
2018,2018-05-01,1647,5,1,16,2,N,A,N,A,H,A,A,07,W,08,D,,,,,C,N,N,D,3,0,0,0,22103.0,2,37.96671295166016,-122.02550506591795,4
2018,2018-05-11,1200,5,1,12,5,N,A,N,A,H,A,A,01,S,09,D,,,,,C,Y,N,A,2,0,0,0,21801.0,2,37.977500915527344,-122.06088256835938,4
2018,2018-05-10,1636,5,1,16,4,Y,A,N,A,H,A,A,01,,10,A,Y,,,,B,N,N,A,1,1,0,0,21950.0,2,37.97312927246094,-122.04138946533205,2
2018,2018-05-02,754,5,1,7,3,N,A,N,A,H,A,A,01,W,07,C,,,,,C,Y,N,D,1,0,0,0,21658.0,4,37.983341217041016,-122.01551818847656,2
2018,2018-05-16,1815,5,1,18,3,Y,A,N,A,H,A,A,07,,12,A,,,,,C,Y,N,A,3,0,0,0,21453.0,2,37.97201919555664,-122.04054260253906,3
2018,2018-05-16,2026,5,1,20,3,Y,A,N,A,H,B,A,01,,12,D,,,,,C,N,N,A,1,0,0,0,21453.0,2,37.94969177246094,-121.96083831787108,4
2018,2018-05-16,1535,5,1,15,3,N,A,N,A,H,A,A,01,E,00,A,Y,,,,B,N,F,D,1,1,0,0,23103.0,2,37.98448181152344,-122.03539276123048,2
2018,2018-05-11,2120,5,1,21,5,Y,A,N,-,H,C,A,01,,12,D,,,,,C,Y,N,A,1,0,0,0,21453.0,2,37.96831893920898,-122.0311279296875,4
2018,2018-05-19,1236,5,1,12,6,N,A,N,A,H,A,N,60,E,11,G,Y,,,,B,N,N,A,1,1,0,0,21955.0,2,37.97086334228516,-122.0430145263672,4
2018,2018-05-21,1455,5,1,14,1,Y,A,N,A,H,A,A,01,,12,D,,,,,C,Y,N,A,1,0,0,0,21453.0,2,37.95145034790039,-121.95600128173828,4
2018,2018-04-30,2120,4,1,21,1,Y,A,N,A,H,D,A,07,,03,-,,,,,A,Y,N,D,3,0,0,0,22350.0,1,37.97896957397461,-122.35057067871094,3
2018,2018-04-20,919,4,1,9,5,N,A,N,A,H,A,L,04,N,22,C,,Y,,,E,N,N,A,1,0,1,0,,2,37.93927001953125,-122.06090545654295,2
2018,2018-03-22,535,3,1,5,4,Y,C,N,B,H,C,A,01,,11,G,Y,,,,B,N,N,A,1,1,0,0,21950.0,2,37.96963119506836,-121.79065704345705,3
2018,2018-03-20,1757,3,1,17,2,Y,B,N,B,H,A,A,01,,09,B,,,,,C,Y,N,A,4,0,0,0,21804.0,3,38.004920959472656,-121.78240966796876,2
2018,2018-03-18,12,3,1,0,7,Y,A,N,B,H,C,A,01,,03,A,,,,,I,Y,N,D,3,0,0,0,22350.0,1,37.976119995117195,-121.75486755371094,4
2018,2018-03-11,51,3,1,0,7,N,A,N,A,H,C,A,01,W,08,A,,,,,I,Y,N,D,1,0,0,0,22107.0,1,37.98318099975586,-121.832763671875,2
2018,2018-03-07,1725,3,1,17,3,Y,A,N,A,H,A,A,01,,09,D,,Y,,,G,N,N,D,1,0,1,0,21801.0,2,37.98329162597656,-121.83914184570312,4
2018,2018-04-15,44,4,1,0,7,N,B,N,A,H,C,A,01,W,01,C,,,,,E,Y,N,D,1,0,0,0,23152.0,3,37.97367477416992,-122.0225067138672,4
2018,2018-05-12,1400,5,1,14,6,Y,A,N,A,H,A,D,,,04,C,,,,,C,N,N,A,2,0,0,0,21703.0,2,37.9119987487793,-122.06543731689452,4
2018,2018-05-20,2310,5,1,23,7,N,A,N,A,H,C,J,48,S,03,A,,,,,E,Y,N,D,1,0,0,0,22350.0,4,37.96726989746094,-122.03254699707033,3
2018,2018-04-20,1319,4,1,13,5,N,-,N,-,-,-,L,04,E,03,-,,Y,,,-,N,N,-,1,0,1,0,22350.0,1,37.983783721923835,-122.08171081542967,2
2018,2018-05-11,1325,5,1,13,5,N,A,N,A,D,A,A,08,W,04,C,,,,,C,Y,N,A,1,0,0,0,21703.0,2,37.76130294799805,-121.96105194091795,4
2018,2018-05-27,1714,5,1,17,7,Y,A,N,A,H,A,A,01,,05,A,,,,,C,Y,N,A,1,0,0,0,21650.0,3,37.9976806640625,-121.78611755371094,4
2018,2018-04-28,2032,4,1,20,6,Y,A,N,A,H,C,J,48,,22,D,,,,,C,Y,N,A,2,0,0,0,,3,38.013301849365234,-122.27329254150392,2
2018,2018-04-30,823,4,1,8,1,N,A,N,A,H,A,D,22,W,- ,G,Y,,,,B,N,N,D,1,1,0,0,,2,,,3
2018,2018-05-22,659,5,1,6,2,N,A,N,A,H,A,A,01,W,08,E,,,,,I,Y,N,D,1,0,0,0,22107.0,1,37.994571685791016,-122.10653686523438,3
2018,2018-03-03,125,3,1,1,6,N,A,N,B,H,C,A,01,S,03,E,,,,,I,Y,N,A,1,0,0,0,22350.0,1,,,3
2018,2018-03-17,1023,3,1,10,6,N,A,N,A,H,A,A,01,N,03,C,,,,,C,Y,N,D,1,0,0,0,22350.0,2,37.84025955200195,-122.12694549560548,4
2018,2018-05-19,2047,5,1,20,6,N,A,N,A,H,D,A,01,N,08,F,,,,,I,Y,N,D,4,0,0,0,22107.0,1,38.00933456420898,-121.73229217529295,3
2018,2018-05-06,1416,5,1,14,7,Y,A,N,A,H,A,A,01,,12,D,,,,,C,N,N,A,2,0,0,0,21453.0,2,37.9830207824707,-121.73251342773438,4
2018,2018-03-06,1512,3,1,15,2,N,A,N,A,H,A,A,01,W,21,G,Y,,,,B,N,M,D,1,1,0,0,22106.0,2,38.01118850708008,-121.81745147705078,4
2018,2018-01-22,815,1,4,8,1,Y,A,N,B,H,A,A,01,,08,A,,,,,C,Y,M,D,1,0,0,0,22107.0,2,37.98516082763672,-121.80429077148438,4
2018,2018-02-09,2236,2,4,22,5,Y,A,N,A,H,C,F,56,,09,D,,,Y,Y,C,N,N,D,1,0,0,1,21804.0,2,38.004898071289055,-121.8060302734375,4
2018,2018-05-14,1614,5,1,16,1,N,A,N,A,H,A,A,08,N,08,B,,,,,E,Y,N,D,1,0,0,0,22107.0,4,37.90542221069336,-122.29451751708984,4
2018,2018-04-12,1603,4,1,16,4,N,A,Y,A,H,A,A,01,N,04,C,,,,,C,Y,N,A,1,0,0,0,21703.0,2,38.01598358154297,-121.99210357666016,4
2018,2018-04-27,1439,4,1,14,5,Y,A,N,A,H,A,L,04,,05,D,,Y,,,G,N,N,A,1,0,1,0,21202.0,2,37.99808120727539,-121.84264373779295,4
2018,2018-04-19,1926,4,1,19,4,N,A,N,A,H,A,A,01,E,09,D,,,Y,,C,N,N,D,1,0,0,1,21804.0,2,38.00490951538086,-121.79957580566406,2
2018,2018-04-12,751,4,1,7,4,N,B,N,A,H,A,A,01,W,09,D,,,,,C,Y,N,D,3,0,0,0,21802.0,2,38.00490951538086,-121.79938507080078,4
2018,2018-05-04,2035,5,1,20,5,N,A,N,A,H,C,A,01,E,04,C,,,,,C,N,N,A,1,0,0,0,21703.0,3,38.01194763183594,-121.89043426513672,4
2018,2018-05-02,626,5,1,6,3,N,A,N,A,H,A,A,01,W,03,C,,,,,C,Y,N,A,1,0,0,0,22350.0,2,37.77957534790039,-121.96923065185548,4
2018,2018-04-04,1731,4,1,17,3,Y,B,N,A,H,A,A,01,,09,D,,,,,C,Y,N,A,2,0,0,0,21802.0,3,37.754928588867195,-121.96277618408205,3
2018,2018-01-12,2325,1,4,23,5,Y,B,N,A,H,C,A,01,,12,G,Y,,,,B,N,N,A,1,1,0,0,21453.0,2,38.00915145874024,-121.87496948242188,2
2018,2018-02-18,4,2,4,0,7,Y,A,N,A,H,C,A,01,,17,D,,,,,C,Y,M,D,1,0,0,0,24250.0,2,37.95756149291992,-121.77928161621094,4
2017,2017-09-30,1409,9,3,14,6,N,A,N,A,H,A,A,01,W,03,C,,Y,,,G,N,F,D,1,0,1,0,22350.0,2,38.0105,-121.79951358,2
2018,2018-02-09,314,2,4,3,5,N,A,N,A,H,C,A,01,S,03,C,,,,,C,N,M,A,1,0,0,0,22350.0,2,37.99488067626953,-121.78469848632812,4
2017,2017-12-12,1140,12,4,11,2,N,A,N,A,H,C,A,07,N,01,A,,,,,I,N,M,D,1,0,0,0,23152.0,1,37.97136529,-121.76205315,3
2018,2018-05-12,1107,5,1,11,6,N,A,N,A,H,A,-,,N,03,F,,,,,-,Y,N,D,2,0,0,0,22350.0,2,37.76919937133789,-121.89810943603516,4
2018,2018-05-18,1434,5,1,14,5,N,A,N,A,H,A,A,01,W,03,C,,,,,C,N,N,D,1,0,0,0,22350.0,2,37.92049026489258,-122.03534698486328,4
2018,2018-05-13,1653,5,1,16,7,N,A,N,A,H,A,A,01,E,03,C,,,,,C,N,F,A,1,0,0,0,22350.0,2,37.92754364013672,-122.01467895507812,4
2018,2018-05-16,901,5,1,9,3,Y,A,N,A,H,A,A,01,,03,A,,,,,C,Y,N,A,1,0,0,0,22350.0,3,37.730838775634766,-121.92978668212892,4
2018,2018-05-05,1452,5,1,14,6,Y,A,N,A,H,A,A,01,,04,C,,,,,C,N,N,D,1,0,0,0,21703.0,2,37.95555114746094,-122.33574676513672,4
2018,2018-04-26,824,4,1,8,4,N,B,N,A,H,A,N,60,W,11,G,Y,,,,B,N,N,D,1,1,0,0,21950.0,2,38.00701904296875,-122.25511932373048,2
2018,2018-05-09,1319,5,1,13,3,Y,A,N,A,H,A,D,22,,12,A,,,,,C,Y,N,A,1,0,0,0,21453.0,2,37.90557861328125,-122.06964111328124,4
2018,2018-05-25,1115,5,1,11,5,N,B,N,A,H,A,A,07,S,09,D,,,,,C,Y,N,A,1,0,0,0,21804.0,2,37.77907180786133,-121.96312713623048,4
2018,2018-05-17,756,5,1,7,4,Y,A,N,A,H,A,L,04,,05,A,,Y,,,-,N,N,A,1,0,1,0,21650.0,2,37.78807830810546,-121.94644165039062,4
2018,2018-05-22,808,5,1,8,2,Y,B,N,A,H,A,A,01,,08,D,,,,,C,Y,N,A,2,0,0,0,22107.0,3,37.74509048461913,-121.9569091796875,4
2018,2018-05-09,732,5,1,7,3,Y,A,N,A,H,A,-,,,09,D,,,,,C,Y,N,D,1,0,0,0,21802.0,2,37.9658203125,-122.07479095458984,4
2018,2018-05-16,2053,5,1,20,3,N,A,N,A,H,C,-,,N,05,C,,Y,,,G,N,F,D,1,0,1,0,21650.0,2,37.94832992553711,-122.0642318725586,2
2018,2018-05-01,1637,5,1,16,2,Y,A,N,A,H,A,-,,,12,A,,,,,C,Y,N,A,2,0,0,0,21453.0,2,37.974891662597656,-122.0680923461914,3
2018,2018-04-24,1707,4,1,17,2,N,A,N,A,H,A,A,01,S,03,C,,,,,C,N,N,A,3,0,0,0,22350.0,2,37.99945068359375,-121.8059310913086,4
2018,2018-02-28,1814,2,4,18,3,Y,C,N,B,H,C,A,01,,12,D,,,,,C,Y,N,A,1,0,0,0,21453.0,2,37.9615592956543,-121.73259735107422,4
2018,2018-05-23,1704,5,1,17,3,N,B,N,A,H,A,A,07,E,03,C,,,,,C,Y,N,D,2,0,0,0,22350.0,4,37.9259147644043,-122.01819610595705,3
2018,2018-05-17,1859,5,1,18,4,N,A,N,A,H,A,L,04,E,12,F,,Y,,,A,N,N,A,1,0,1,0,21453.0,1,37.7807731628418,-121.97382354736328,3
2018,2018-05-24,920,5,1,9,4,N,B,N,A,H,A,A,01,W,08,B,,,,,C,N,N,A,1,0,0,0,22107.0,2,37.76542663574219,-121.9526596069336,4
2018,2018-05-21,1502,5,1,15,1,Y,A,N,A,H,A,-,,,08,A,,,,,-,Y,N,D,1,0,0,0,22107.0,1,37.77413177490234,-121.90886688232422,4
2018,2018-05-25,1535,5,1,15,5,N,A,N,A,H,A,A,01,E,03,C,,,,,C,Y,N,D,2,0,0,0,22350.0,3,37.920944213867195,-122.03427886962892,4
2018,2018-05-19,2111,5,1,21,6,Y,B,N,A,H,C,A,01,,09,D,,,,,C,Y,N,A,2,0,0,0,21802.0,2,37.892608642578125,-122.06108856201172,4
2018,2018-05-18,1806,5,1,18,5,Y,A,N,A,H,A,-,,,09,D,,,,,C,N,N,D,2,0,0,0,21801.0,2,37.90499114990234,-122.06369018554688,4
2016,2016-09-29,1140,9,3,11,4,N,A,N,A,H,A,A,07,E,03,C,,,,,C,N,N,A,1,0,0,0,22350.0,2,37.77900362,-121.970615,4
2018,2018-04-25,1020,4,1,10,3,N,A,N,A,H,A,A,01,W,00,A,,,,,C,Y,N,D,4,0,0,0,21650.0,2,38.00454711914063,-121.78408813476562,4
2018,2018-05-26,1450,5,1,14,6,Y,A,N,A,H,A,A,01,,08,B,,Y,,,G,N,N,A,1,0,1,0,22107.0,2,37.83528900146485,-122.13037109375,4
2018,2018-05-12,1148,5,1,11,6,N,A,N,A,H,A,A,01,E,03,C,,,,,C,Y,N,D,2,0,0,0,22350.0,3,37.91155624389648,-122.04624176025392,4
2018,2018-05-18,1551,5,1,15,5,-,A,N,A,H,A,A,01,,09,-,,,,,C,Y,N,D,1,0,0,0,21801.0,2,37.9263916015625,-122.06256103515624,4
2018,2018-05-11,1313,5,1,13,5,Y,A,N,A,H,A,A,01,,12,D,,,,,C,N,N,A,3,0,0,0,21453.0,2,37.97114944458008,-121.78230285644533,3
2018,2018-06-05,909,6,2,9,2,N,A,N,A,H,A,A,71,N,03,C,,,,,C,Y,N,A,1,0,0,0,22350.0,2,37.76845932006836,-121.95493316650392,4
2018,2018-06-03,1248,6,2,12,7,N,A,N,A,H,A,-,,S,01,A,,,,,C,Y,N,D,2,0,0,0,23152.0,2,37.73435974121094,-121.92456817626952,4
2018,2018-06-02,1442,6,2,14,6,Y,A,N,A,H,A,A,01,,07,E,,,,,I,Y,N,A,1,0,0,0,21658.0,1,37.75399017333984,-121.90154266357422,3
2018,2018-06-01,1521,6,2,15,5,N,A,N,A,H,A,D,22,N,03,C,,,,,C,N,N,A,2,0,0,0,22350.0,2,37.97775268554688,-122.00997924804688,4
2018,2018-05-19,1808,5,1,18,6,Y,A,N,A,H,A,-,,,01,C,,,,,C,N,M,A,2,0,0,0,23152.0,2,37.754878997802734,-121.90825653076172,4
2018,2018-05-16,1302,5,1,13,3,N,A,N,A,H,A,A,01,S,09,D,,,,,C,Y,N,D,1,0,0,0,21804.0,3,37.77473068237305,-121.95970916748048,4
2018,2018-05-24,1942,5,1,19,4,N,A,N,A,H,B,A,01,N,09,D,,,,,C,Y,N,A,1,0,0,0,21801.0,2,37.7733154296875,-121.97484588623048,4
2018,2018-04-26,1500,4,1,15,4,N,A,N,A,H,A,A,01,W,10,B,Y,,,,B,N,M,A,1,1,0,0,21950.0,2,37.95210647583008,-121.9575424194336,4
2018,2018-06-01,1920,6,2,19,5,N,A,N,A,H,A,A,01,W,10,G,Y,,,,B,N,N,A,2,2,0,0,21950.0,3,37.95464324951172,-122.04145050048828,3
2018,2018-04-24,1430,4,1,14,2,N,A,N,A,H,A,L,04,S,05,D,,Y,,,G,N,N,D,1,0,1,0,21650.0,2,37.90792846679688,-122.29884338378906,3
2018,2018-05-25,1320,5,1,13,5,Y,A,N,A,H,A,A,01,,03,C,,,,,C,Y,N,D,2,0,0,0,22350.0,2,37.95574951171875,-122.34734344482422,4
2018,2018-05-16,808,5,1,8,3,Y,A,N,A,H,A,A,01,,03,C,,,,,C,Y,N,D,1,0,0,0,22350.0,3,37.965198516845696,-122.35389709472656,4
2018,2018-04-26,1838,4,1,18,4,N,A,N,A,H,A,A,01,E,04,C,,,,,C,N,N,D,1,0,0,0,21703.0,2,37.96295928955078,-122.33071136474608,4
2018,2018-04-24,808,4,1,8,2,Y,A,N,A,H,A,A,01,,09,A,,,,,D,Y,N,D,3,0,0,0,21801.0,2,38.026798248291016,-121.93105316162108,3
2018,2018-05-12,957,5,1,9,6,Y,A,N,A,H,A,D,22,,12,D,,,,,C,N,N,A,1,0,0,0,22450.0,2,37.9256706237793,-121.68263244628906,3
2018,2018-05-04,1139,5,1,11,5,Y,A,N,A,H,A,F,26,,03,C,,,,Y,C,N,N,A,1,0,0,0,22350.0,2,37.94351959228516,-121.734130859375,4
2018,2018-05-07,1642,5,1,16,1,Y,A,N,A,H,A,A,07,,08,D,,,,,C,Y,N,D,1,0,0,0,22107.0,2,37.925559997558594,-121.69217681884766,3
2018,2018-06-11,1642,6,2,16,1,Y,A,N,A,H,A,D,22,,12,D,,,,,C,Y,N,D,2,0,0,0,21453.0,2,37.91714859008789,-122.05911254882812,3
2018,2018-06-13,750,6,2,7,3,N,A,N,A,H,A,A,01,W,04,C,,,,,C,Y,N,D,2,0,0,0,21703.0,2,37.91304397583008,-122.04385375976562,4
2018,2018-06-09,2304,6,2,23,6,Y,A,N,A,H,C,A,01,,09,A,,,,,C,Y,N,A,1,0,0,0,21453.0,2,37.92871856689453,-122.06153869628906,4
2018,2018-06-12,1750,6,2,17,2,N,A,N,A,H,A,A,01,S,08,C,,,,,E,Y,N,D,1,0,0,0,22107.0,2,37.916458129882805,-122.02694702148438,4
2018,2018-06-11,1530,6,2,15,1,N,A,N,A,H,A,A,01,E,10,G,Y,,,,B,N,N,D,2,2,0,0,21950.0,3,37.771041870117195,-121.97346496582033,3
2018,2018-06-03,1718,6,2,17,7,N,A,N,A,H,A,A,01,W,09,B,,,,,C,Y,N,D,3,0,0,0,21804.0,2,37.94364929199219,-121.73577880859376,3
2018,2018-06-01,2214,6,2,22,5,N,A,N,A,H,C,C,02,W,03,C,,,Y,,C,N,N,D,1,0,0,1,22350.0,2,37.94364929199219,-121.73558807373048,3
2018,2018-05-22,1727,5,1,17,2,N,A,N,A,H,A,-,,W,12,D,,Y,,,G,N,N,A,1,0,1,0,21453.0,2,37.940383911132805,-122.05168914794922,3
2018,2018-05-16,748,5,1,7,3,N,A,N,A,H,A,-,,S,03,C,,,,,C,N,N,A,2,0,0,0,22350.0,2,37.95374298095703,-122.08846282958984,4
2018,2018-05-30,916,5,1,9,3,Y,A,N,A,H,A,L,04,,05,B,,Y,,,G,N,N,A,1,0,1,0,21650.0,2,37.9480094909668,-122.06028747558594,4
2018,2018-04-03,634,4,1,6,2,N,A,N,A,H,A,D,22,W,03,C,,,,,C,N,N,D,1,0,0,0,22350.0,2,37.99798202514648,-121.8837661743164,4
2018,2018-05-15,1100,5,1,11,2,N,A,N,A,H,A,A,01,W,04,C,,,,,C,Y,N,A,1,0,0,0,21703.0,2,38.00636672973633,-121.87165832519533,3
2018,2018-06-03,809,6,2,8,7,Y,A,N,A,H,A,A,01,,01,D,,,,,C,Y,N,A,2,0,0,0,23152.0,2,38.00566101074219,-121.83534240722656,4
2018,2018-05-18,1551,5,1,15,5,Y,A,N,A,H,A,A,07,,08,D,,,,,C,N,N,D,1,0,0,0,22107.0,2,38.01436996459961,-121.89737701416016,4
2018,2018-05-12,1324,5,1,13,6,Y,A,N,A,H,A,A,01,,21,D,,,,,C,N,N,A,2,0,0,0,22106.0,2,38.03068161010742,-121.88552856445312,4
2018,2018-05-21,2209,5,1,22,1,Y,A,N,A,H,C,A,01,,09,D,,,,,C,Y,N,A,2,0,0,0,21804.0,2,38.0252685546875,-121.88652801513672,4
2018,2018-05-16,1814,5,1,18,3,N,A,N,A,H,A,A,01,W,04,D,,,,,C,Y,N,A,1,0,0,0,21703.0,2,37.99798202514648,-121.87013244628906,4
2018,2018-06-04,1605,6,2,16,1,N,A,N,A,H,A,M,47,E,09,B,,,,,C,N,N,A,1,0,0,0,21804.0,2,38.007976531982415,-121.89174652099608,4
2018,2018-06-02,1247,6,2,12,6,N,A,N,A,H,A,M,96,W,21,E,,,,,I,Y,N,D,1,0,0,0,22106.0,1,37.946868896484375,-122.00065612792967,3
2018,2018-05-31,1307,5,1,13,4,N,A,N,A,H,A,A,01,W,08,D,,,,,C,N,N,D,1,0,0,0,22107.0,2,37.96611022949219,-122.02342987060548,3
2018,2018-05-30,1643,5,1,16,3,N,A,N,A,H,A,D,22,W,08,E,,,,,I,Y,N,A,1,0,0,0,22107.0,1,37.977386474609375,-122.0273208618164,3
2018,2018-05-04,1512,5,1,15,5,Y,A,N,A,H,A,I,09,,03,C,,,,,C,N,N,D,1,0,0,0,22350.0,2,37.975318908691406,-122.04364013671876,4
2018,2018-05-21,720,5,1,7,1,Y,A,N,A,H,A,C,02,,12,D,,,Y,,C,Y,N,A,1,0,0,1,21453.0,2,37.96992874145508,-122.04502868652344,2
2018,2018-05-29,716,5,1,7,2,Y,A,N,A,H,A,A,01,,03,C,,,,,C,N,N,A,2,0,0,0,22350.0,2,37.93872833251953,-122.02504730224608,4
2018,2018-05-26,2306,5,1,23,6,Y,A,N,A,H,C,A,08,,09,-,,,Y,,A,N,N,A,1,0,0,1,21804.0,2,37.97412109375,-122.02406311035156,4
2018,2018-05-30,157,5,1,1,3,N,A,N,A,H,C,A,07,S,01,E,,,,,I,Y,F,D,2,0,0,0,23152.0,1,37.95196533203125,-122.0371322631836,3
2018,2018-05-23,1439,5,1,14,3,N,A,N,A,H,A,A,07,W,03,E,,,,,I,Y,N,A,2,0,0,0,22350.0,1,38.02162551879882,-121.90374755859376,3
2018,2018-05-22,1129,5,1,11,2,Y,A,N,A,H,A,A,01,,12,D,,,,,C,Y,N,A,1,0,0,0,21453.0,2,37.97312927246094,-122.04138946533205,4
2018,2018-05-24,1132,5,1,11,4,Y,A,N,A,H,A,A,01,,03,-,,,,,J,Y,N,A,1,0,0,0,22350.0,1,37.976539611816406,-122.06008911132812,3
2018,2018-05-01,1945,5,1,19,2,Y,A,N,A,H,B,A,01,,03,B,,Y,,,G,N,F,A,1,0,1,0,22350.0,2,37.9574089050293,-122.0439224243164,2
2018,2018-05-26,2145,5,1,21,6,N,A,N,A,H,D,A,01,N,01,A,,,,,C,Y,N,D,1,0,0,0,23152.0,2,37.97602081298828,-121.96134948730467,3
2018,2018-02-15,948,2,4,9,4,Y,A,N,A,H,A,A,07,,07,C,Y,,,,B,Y,N,D,2,1,0,0,21658.0,3,38.001850128173835,-122.0261001586914,2
2018,2018-05-25,1945,5,1,19,5,Y,A,Y,A,H,B,A,01,S,01,D,,,,,C,Y,M,A,1,0,0,0,23152.0,2,37.92071914672852,-122.31517028808594,4
2018,2018-04-10,1232,4,1,12,2,-,A,N,A,H,A,A,01,,09,D,,,,,C,Y,N,D,1,0,0,0,21804.0,4,37.991748809814446,-121.80780792236328,4
2018,2018-06-11,615,6,2,6,1,N,A,Y,A,H,A,A,01,S,08,D,,,,,C,Y,N,D,1,0,0,0,22107.0,2,37.916290283203125,-122.06539916992188,4
2018,2018-06-04,1256,6,2,12,1,N,A,N,A,H,A,L,04,S,03,F,,Y,,,A,N,N,A,1,0,1,0,22350.0,1,37.99507522583008,-121.90072631835938,3
2018,2018-05-22,1054,5,1,10,2,N,A,N,A,H,A,A,01,E,06,D,,,,,C,N,N,D,2,0,0,0,21755.0,2,37.99797058105469,-121.87342834472656,4
2018,2018-06-09,2,6,2,0,6,Y,A,N,A,H,C,A,07,,09,D,,,Y,,C,Y,N,A,1,0,0,1,21801.0,2,38.01496887207031,-121.87885284423828,4
2018,2018-05-21,727,5,1,7,1,N,A,N,A,H,A,A,01,N,03,C,,,,,C,N,N,A,1,0,0,0,22350.0,2,37.9522590637207,-121.95732879638672,4
2018,2018-06-01,655,6,2,6,5,N,A,N,A,H,A,A,01,W,03,C,,,,,C,N,N,A,1,0,0,0,22350.0,3,37.99797821044922,-121.8832778930664,4
2018,2018-06-07,1456,6,2,14,4,N,A,N,A,-,A,A,01,W,08,E,,,,,E,Y,N,D,1,0,0,0,22107.0,3,37.97045516967773,-122.34717559814452,4
2018,2018-06-17,1116,6,2,11,7,N,A,N,A,H,A,A,07,S,01,D,,,,,C,Y,F,D,2,0,0,0,23153.0,3,37.9560432434082,-122.35684967041016,4
2018,2018-06-09,1334,6,2,13,6,N,A,N,A,H,A,A,01,E,03,C,,,,,C,Y,N,A,5,0,0,0,22350.0,4,37.92795181274414,-122.04458618164062,4
2018,2018-06-15,1325,6,2,13,5,Y,A,N,A,H,A,A,07,,21,C,,,,,C,N,N,A,1,0,0,0,22106.0,2,37.906681060791016,-122.05883026123048,4
2018,2018-06-17,2138,6,2,21,7,Y,A,N,A,H,D,A,01,,01,A,Y,,,,B,Y,F,D,1,1,0,0,23152.0,2,37.965198516845696,-122.35389709472656,2
2018,2018-06-11,1658,6,2,16,1,N,A,N,A,H,A,A,01,E,03,B,,,,,C,Y,N,A,2,0,0,0,22350.0,3,37.96316909790039,-122.33634185791016,4
2018,2018-06-06,1332,6,2,13,3,Y,A,N,A,H,A,A,01,,09,D,,,,,C,Y,N,D,1,0,0,0,21802.0,2,37.97241973876953,-122.34911346435548,3
2018,2018-02-16,1830,2,4,18,5,Y,A,N,A,H,C,A,01,,08,A,,,,,C,N,N,D,1,0,0,0,22107.0,2,38.001331329345696,-121.82196807861328,4
2018,2018-03-11,928,3,1,9,7,N,A,N,A,H,A,A,01,E,03,C,,,,,C,N,N,D,2,0,0,0,22350.0,2,37.98632049560546,-121.77935028076172,3