ACCIDENT_YEAR,COLLISION_DATE,COLLISION_TIME,MONTH,SEASON,24HOURS,DAY_OF_WEEK,INTERSECTION,WEATHER_1,STATE_HWY_IND,ROAD_SURFACE,ROAD_COND_1,LIGHTING,STWD_VEHTYPE_AT_FAULT,CHP_VEHTYPE_AT_FAULT,DIRECTION,PCF_VIOL_CATEGORY,TYPE_OF_COLLISION,PEDESTRIAN_ACCIDENT,BICYCLE_ACCIDENT,MOTORCYCLE_ACCIDENT,TRUCK_ACCIDENT,MVIW,TOW_AWAY,HIT_AND_RUN,CONTROL_DEVICE,NUMBER_INJURED,COUNT_PED_INJURED,COUNT_BICYCLIST_INJURED,COUNT_MC_INJURED,PCF_VIOLATION,PARTY_COUNT,POINT_Y,POINT_X,COLLISION_SEVERITY
2019,2019-01-27,1658,1,4,16,7,N,B,N,A,H,A,C,02,S,01,H,,,Y,,-,Y,N,D,1,0,0,1,23152.0,1,38.002944946289055,-121.94614410400392,3
2019,2019-01-28,817,1,4,8,1,Y,A,N,A,H,A,A,07,,09,D,,,,,C,Y,N,A,4,0,0,0,21801.0,2,38.01507186889648,-121.91281127929688,4
2019,2019-02-06,1400,2,4,14,3,N,A,N,A,H,A,A,07,S,09,D,,,Y,,C,Y,N,A,1,0,0,1,21804.0,2,37.986087799072266,-122.0108642578125,4
2019,2019-02-19,1931,2,4,19,2,Y,A,N,A,H,C,A,01,,09,D,,,,,C,Y,N,A,1,0,0,0,21802.0,2,37.99388885498047,-122.02456665039062,4
2019,2019-02-21,1618,2,4,16,4,N,A,N,A,H,A,A,01,W,09,D,,,Y,,C,N,N,A,1,0,0,1,21801.0,2,37.99549102783203,-122.03134155273438,3
2019,2019-02-21,1803,2,4,18,4,Y,A,N,A,H,B,A,07,,03,E,,,,,I,Y,N,A,1,0,0,0,22350.0,1,37.96487808227539,-121.99259948730467,4
2019,2019-02-25,716,2,4,7,1,N,B,N,A,H,A,A,07,E,08,B,,,,,C,Y,N,D,1,0,0,0,22107.0,3,37.93696975708008,-122.02849578857422,4
2019,2019-02-20,1010,2,4,10,3,Y,A,N,A,H,A,A,01,,12,D,,,,,C,N,N,A,1,0,0,0,21453.0,2,37.92306137084961,-122.02918243408205,4
2019,2019-02-28,1431,2,4,14,4,Y,A,N,A,H,A,A,01,,09,D,,,,,C,N,N,A,1,0,0,0,21802.0,2,37.93938064575195,-122.035888671875,4
2019,2019-02-21,901,2,4,9,4,Y,A,N,A,H,A,L,04,,12,D,,Y,,,C,N,N,D,1,0,1,0,22450.0,2,37.764610290527344,-121.899658203125,4
2019,2019-02-15,1256,2,4,12,5,N,B,N,B,H,A,A,01,E,03,B,,,,,C,Y,M,A,1,0,0,0,22350.0,2,38.02819061279297,-121.88628387451172,4
2019,2019-02-27,1345,2,4,13,3,Y,A,N,B,H,A,A,01,,01,D,,,,,C,N,N,A,2,0,0,0,23152.0,2,38.0252685546875,-121.88652801513672,4
2019,2019-02-19,1035,2,4,10,2,N,A,N,A,H,A,A,01,E,03,C,,,,,C,Y,F,A,1,0,0,0,22350.0,2,37.997989654541016,-121.886962890625,4
2019,2019-02-08,1436,2,4,14,5,N,B,N,B,H,A,A,01,N,03,E,,,,,I,Y,N,A,1,0,0,0,22350.0,1,38.004928588867195,-121.88507843017578,3
2019,2019-02-08,734,2,4,7,5,N,C,N,B,H,A,-,- ,N,18,E,,,,,I,N,N,A,1,0,0,0,,1,38.01019287109375,-121.87002563476562,4
2019,2019-02-09,1001,2,4,10,6,Y,A,N,B,H,A,C,02,,03,F,,,Y,,A,Y,N,D,1,0,0,1,22350.0,1,38.02692031860352,-121.88102722167967,4
2019,2019-02-07,1614,2,4,16,4,N,A,N,A,H,A,A,01,S,08,A,,,,,C,Y,N,D,4,0,0,0,22107.0,3,37.99077606201172,-121.89596557617188,2
2019,2019-02-16,724,2,4,7,6,N,B,N,B,H,A,A,01,E,10,G,Y,,,,B,N,F,A,1,1,0,0,21950.0,2,38.0084228515625,-121.8660125732422,3
2019,2019-02-03,1959,2,4,19,7,Y,C,N,B,H,C,D,22,,09,A,,,,,C,Y,N,A,2,0,0,0,21453.0,2,38.00067138671875,-121.8955535888672,4
2019,2019-01-31,1455,1,4,14,4,N,A,Y,A,H,A,A,01,E,08,C,,,,,C,Y,N,D,1,0,0,0,22107.0,3,37.92449569702149,-121.7327117919922,3
2019,2019-02-23,1457,2,4,14,6,Y,B,Y,A,H,A,A,01,,12,A,,,,,D,Y,N,A,2,0,0,0,21453.0,2,37.93106842041016,-122.06041717529295,3
2019,2019-02-15,1054,2,4,10,5,Y,A,N,B,H,A,D,22,,12,D,,,,,C,N,N,A,1,0,0,0,21453.0,2,37.88724899291992,-122.05584716796876,4
2019,2019-02-25,1012,2,4,10,1,Y,A,N,A,H,A,M,59,,01,-,,,,,C,Y,N,A,1,0,0,0,23153.0,2,37.969051361083984,-122.34410858154295,3
2019,2019-02-05,743,2,4,7,2,Y,A,N,A,H,A,A,08,,10,G,Y,,,,B,N,F,D,1,1,0,0,21950.0,2,37.95417022705078,-122.34738159179688,3
2019,2019-02-13,1428,2,4,14,3,N,C,N,B,H,A,A,01,N,04,C,,,,,C,Y,N,D,5,0,0,0,21703.0,2,37.95949172973633,-122.3466567993164,4
2019,2019-02-15,1300,2,4,13,5,N,A,N,A,H,A,A,01,W,09,G,Y,,,,B,N,N,D,1,1,0,0,21804.0,2,37.96060943603516,-122.34287261962892,3
2019,2019-02-13,2141,2,4,21,3,Y,C,N,B,H,C,D,22,,09,D,,,,,C,N,N,A,1,0,0,0,21802.0,2,37.95806121826172,-122.35292053222656,4
2019,2019-02-27,1702,2,4,17,3,N,B,N,A,H,A,A,01,E,08,B,,,,Y,C,,N,A,1,0,0,0,22107.0,2,37.97492599487305,-122.02693939208984,4
2019,2019-03-02,1615,3,1,16,6,N,B,N,B,H,A,A,07,W,03,C,,,,,C,N,N,A,2,0,0,0,22350.0,2,37.953887939453125,-121.96249389648438,4
2019,2019-03-03,1403,3,1,14,7,N,B,N,B,H,A,A,07,S,08,B,,,,,E,Y,N,D,1,0,0,0,22107.0,3,37.96425628662109,-122.05070495605467,3
2019,2019-03-05,733,3,1,7,2,N,C,N,B,A,A,A,01,S,03,C,,,,,C,N,N,D,1,0,0,0,22350.0,2,37.95838165283203,-121.97269439697266,4
2019,2019-02-26,1509,2,4,15,2,N,B,N,B,H,A,A,01,E,04,C,,,,,C,N,N,A,2,0,0,0,21703.0,2,37.96869659423828,-122.03199768066406,4
2019,2019-02-26,956,2,4,9,2,N,B,N,B,H,A,A,01,S,03,E,,,,,I,Y,N,D,1,0,0,0,22350.0,1,37.74059677124024,-121.92801666259766,3
2019,2019-03-23,1549,3,1,15,6,Y,A,N,A,H,A,D,22,,12,D,,,,,C,Y,N,A,3,0,0,0,21453.0,3,38.005081176757805,-121.75081634521484,4
2019,2019-03-15,1311,3,1,13,5,N,A,N,A,H,A,A,01,S,05,A,,,,,C,Y,N,D,1,0,0,0,21650.0,3,37.97549057006836,-121.6959991455078,4
2019,2019-02-26,804,2,4,8,2,Y,B,N,A,H,A,A,01,,03,C,,,,Y,C,Y,N,A,3,0,0,0,22350.0,2,,,4
2019,2019-02-15,1423,2,4,14,5,N,B,N,A,H,A,N,60,,11,G,Y,,,,B,N,N,D,1,1,0,0,21954.0,2,38.006802,-122.253668,3
2018,2018-11-21,1340,11,3,13,3,N,C,N,A,H,A,A,01,N,09,B,,,,,C,Y,N,D,1,0,0,0,21804.0,2,37.9615592956543,-121.73259735107422,4
2018,2018-11-10,1442,11,3,14,6,N,A,N,A,H,A,A,01,S,22,C,,,,,E,Y,N,A,1,0,0,0,,3,37.97731018066406,-121.76264190673828,4
2018,2018-12-03,1727,12,4,17,1,Y,A,N,A,H,B,A,01,,03,C,,,,,C,N,N,D,1,0,0,0,22350.0,2,38.01012802124024,-121.81968688964844,4
2019,2019-02-20,1110,2,4,11,3,Y,A,N,A,H,A,A,01,,08,A,,,,,C,N,N,A,1,0,0,0,22107.0,2,37.97153091430664,-122.06906127929688,3
2019,2019-02-05,1646,2,4,16,2,N,B,N,A,H,A,-,,E,09,D,,,,,C,Y,N,A,1,0,0,0,21801.0,2,37.94522857666016,-122.06417846679688,3
2019,2019-03-10,2102,3,1,21,7,Y,A,N,A,H,C,-,,,12,D,,,,,C,N,M,A,2,0,0,0,21453.0,2,37.78141021728516,-121.96450042724608,4
2019,2019-01-29,725,1,4,7,2,Y,A,N,A,H,A,L,04,,05,D,,Y,,,C,N,N,A,1,0,1,0,21650.0,2,37.95481872558594,-122.06008911132812,4
2019,2019-03-14,1459,3,1,14,4,N,A,N,A,H,A,A,01,E,09,D,,,,,C,Y,N,A,2,0,0,0,21804.0,2,37.976863861083984,-121.98983001708984,4
2019,2019-03-05,808,3,1,8,2,Y,A,N,A,H,A,A,01,,09,D,,,,,C,Y,N,D,1,0,0,0,21801.0,2,37.95507049560546,-121.96588134765624,3
2019,2019-03-15,1524,3,1,15,5,Y,A,N,A,H,A,A,07,,09,A,,,,,C,Y,N,A,1,0,0,0,21801.0,2,37.97850799560546,-122.02426147460938,4
2019,2019-03-18,1126,3,1,11,1,N,A,N,A,H,A,-,,E,01,B,,,,,I,Y,N,D,1,0,0,0,23152.0,1,37.9462776184082,-121.99079132080078,4
2019,2019-03-19,1044,3,1,10,2,Y,B,N,A,H,A,A,01,,12,A,,,,,C,Y,N,A,1,0,0,0,21453.0,2,37.97121047973633,-122.0422821044922,4
2019,2019-03-19,2300,3,1,23,2,Y,B,N,A,H,C,-,- ,,12,D,,,,,C,Y,N,A,1,0,0,0,21453.0,2,37.976680755615234,-122.03125,4
2019,2019-03-15,1944,3,1,19,5,N,A,N,A,H,C,A,01,S,01,C,,,,,C,Y,N,A,4,0,0,0,23152.0,2,37.9472770690918,-122.032958984375,4
2019,2019-03-16,1804,3,1,18,6,N,A,N,A,H,A,-,- ,N,18,A,,,,,C,Y,N,A,3,0,0,0,,3,37.99498748779297,-122.00191497802734,2
2019,2019-03-17,2336,3,1,23,7,N,A,N,A,H,C,A,01,S,01,E,,,,,I,Y,N,D,1,0,0,0,23152.0,1,37.97554397583008,-122.03112030029295,3
2019,2019-03-23,2118,3,1,21,6,N,A,N,A,H,C,A,01,S,01,C,,,,,C,Y,F,A,2,0,0,0,23152.0,2,37.967109680175774,-122.06265258789062,3
2019,2019-01-27,1810,1,4,18,7,Y,A,N,A,H,C,A,01,,03,E,,,,,I,Y,N,D,1,0,0,0,22350.0,1,37.99460983276367,-121.82282257080078,4
2019,2019-01-18,1340,1,4,13,5,N,B,N,A,H,A,A,01,S,09,D,,,,,C,Y,N,D,1,0,0,0,21801.0,2,38.010196685791016,-121.8271713256836,4
2018,2018-07-29,1234,7,2,12,7,N,A,Y,A,H,A,A,01,N,12,D,,,,,C,Y,F,A,1,0,0,0,21453.0,2,37.998046875,-121.80359649658205,4
2018,2018-12-06,1442,12,4,14,4,Y,A,N,A,H,A,A,07,,09,A,,,,,C,Y,N,A,2,0,0,0,21804.0,3,38.001708984375,-121.844970703125,3
2019,2019-01-22,722,1,4,7,2,Y,A,N,A,H,A,L,04,,05,D,,Y,,,G,N,N,A,1,0,1,0,21650.0,2,37.96165084838867,-122.06562042236328,4
2019,2019-03-01,810,3,1,8,5,N,B,N,A,H,A,L,04,E,09,G,,Y,,,J,N,N,D,1,0,1,0,21804.0,2,37.77544403076172,-121.91939544677734,4
2019,2019-02-02,2034,2,4,20,6,Y,C,N,B,H,C,A,01,,01,B,,,,,D,Y,N,A,2,0,0,0,23152.0,2,37.9455680847168,-122.0546417236328,3
2019,2019-03-06,1348,3,1,13,3,Y,A,N,A,H,A,A,08,,03,C,,,,,C,Y,N,A,1,0,0,0,22350.0,2,38.01512145996094,-122.02500152587892,3
2019,2019-03-04,1224,3,1,12,1,N,B,N,A,H,A,D,22,E,03,C,,,,,C,N,N,A,1,0,0,0,22350.0,2,37.96634292602539,-122.05577087402344,4
2019,2019-02-16,1528,2,4,15,6,Y,B,N,B,H,A,A,01,,12,D,,,,,C,N,N,A,2,0,0,0,22450.0,2,37.94873046875,-121.7234115600586,3
2019,2019-02-14,1701,2,4,17,4,N,A,N,A,H,A,A,71,S,08,D,,,,,C,N,N,D,1,0,0,0,22107.0,2,37.924434661865234,-121.69627380371094,3
2019,2019-03-06,903,3,1,9,3,N,B,N,B,H,A,A,01,W,03,C,,,,,C,Y,N,A,1,0,0,0,22350.0,2,37.97149658203125,-122.01480102539062,4
2019,2019-03-11,2044,3,1,20,1,N,A,N,-,H,C,A,01,N,03,-,,,,,C,,N,A,1,0,0,0,22350.0,2,37.97565841674805,-122.0287857055664,4
2019,2019-03-12,933,3,1,9,2,Y,A,N,A,H,A,A,01,,00,D,,,,,C,Y,N,A,2,0,0,0,31453.0,2,37.97858047485352,-122.02960205078124,4
2019,2019-03-06,1836,3,1,18,3,N,B,N,A,H,C,A,01,S,10,G,Y,,,,B,N,N,D,1,1,0,0,21950.0,2,37.97945022583008,-122.02620697021484,3
2019,2019-03-07,1930,3,1,19,4,Y,A,N,A,H,C,A,01,,12,D,,,,,C,Y,N,A,2,0,0,0,21453.0,2,37.96477890014648,-122.05831146240234,4
2019,2019-03-09,1702,3,1,17,6,N,C,N,B,H,A,A,01,W,03,C,,,,,C,N,N,D,1,0,0,0,22350.0,2,37.95431137084961,-122.04193115234376,4
2019,2019-03-02,1234,3,1,12,6,-,C,N,B,H,A,A,07,,08,E,,,,,I,Y,N,D,1,0,0,0,22107.0,1,37.93198013305664,-121.69599151611328,4
2019,2019-03-13,1650,3,1,16,3,N,A,N,A,H,A,A,01,W,04,C,,,,,C,N,N,D,2,0,0,0,21703.0,3,37.96160888671875,-121.71994018554688,4
2019,2019-02-19,1837,2,4,18,2,N,A,N,A,H,C,A,01,W,03,C,,,,,C,Y,N,A,3,0,0,0,22350.0,3,,,3
2019,2019-02-14,1525,2,4,15,4,N,A,N,A,H,A,A,01,S,03,C,,,,,C,N,N,A,2,0,0,0,22350.0,2,37.9500389099121,-121.69602966308594,3
2019,2019-02-07,1627,2,4,16,4,N,A,N,A,H,A,A,01,S,09,G,Y,,,,B,N,F,D,1,1,0,0,21804.0,2,37.95998001098633,-121.69611358642578,3
2019,2019-02-21,1758,2,4,17,4,Y,A,N,A,H,B,A,01,,09,B,,Y,,,G,N,N,D,1,0,1,0,21801.0,2,37.92816162109375,-121.71450042724608,3
2019,2019-02-12,800,2,4,8,2,Y,A,N,A,H,A,L,04,,17,H,,Y,,,G,N,N,A,1,0,1,0,21208.0,2,37.92522811889648,-121.74633026123048,3
2019,2019-02-10,1245,2,4,12,7,N,A,N,A,H,A,-,- ,S,00,E,,,,,I,N,N,D,1,0,0,0,,2,37.95956039428711,-121.69611358642578,3
2019,2019-02-09,1616,2,4,16,6,N,C,Y,B,H,A,A,01,E,03,C,,,,,C,Y,N,A,1,0,0,0,22350.0,2,38.008697509765625,-122.22142028808594,3
2019,2019-02-28,806,2,4,8,4,Y,A,N,A,H,A,A,01,,08,D,,,,,C,Y,N,D,1,0,0,0,22101.0,2,37.92108154296875,-121.74179077148438,4
2019,2019-02-24,1235,2,4,12,7,Y,B,N,A,H,A,A,01,,09,D,,,,,-,N,N,A,1,0,0,0,21801.0,2,37.982460021972656,-122.0338897705078,4
2019,2019-03-21,2146,3,1,21,4,Y,A,Y,A,H,E,A,01,,09,G,Y,,,,B,N,N,A,1,1,0,0,21453.0,2,37.757373809814446,-121.96358489990234,4
2019,2019-03-22,833,3,1,8,5,N,C,Y,B,H,A,-,- ,S,12,D,,,,,C,Y,N,A,1,0,0,0,21453.0,2,38.01045989990234,-122.0191650390625,4
2019,2019-03-21,1453,3,1,14,4,N,A,Y,A,H,A,D,22,W,03,C,,,,,C,N,N,A,3,0,0,0,22350.0,3,37.892215728759766,-122.06319427490234,4
2019,2019-02-23,2314,2,4,23,6,N,A,N,A,H,C,C,02,N,03,F,,,Y,,I,Y,N,A,1,0,0,1,22350.0,1,37.96070861816406,-121.77870941162108,4
2019,2019-02-26,1221,2,4,12,2,Y,C,N,B,H,A,A,01,,09,D,,,,,C,Y,N,A,2,0,0,0,21800.0,2,38.0087890625,-122.1319580078125,4
2019,2019-02-23,1754,2,4,17,6,Y,A,N,A,H,A,C,02,,07,E,,,Y,,I,Y,N,D,1,0,0,1,21658.0,1,38.00389862060546,-122.1279296875,2
2019,2019-02-21,1225,2,4,12,4,Y,A,N,A,H,A,A,01,,04,C,,,,,D,N,M,A,2,0,0,0,21703.0,2,37.995727,-122.109489,2
2019,2019-03-02,958,3,1,9,6,Y,B,N,B,H,A,D,22,,12,D,,,,,C,Y,N,A,1,0,0,0,21453.0,2,37.96316909790039,-122.33634185791016,3
2019,2019-03-16,2258,3,1,22,6,N,A,N,A,H,C,D,22,W,08,D,,,,,C,Y,N,D,1,0,0,0,22107.0,4,37.957874298095696,-122.35203552246094,4
2019,2019-03-08,2140,3,1,21,5,N,B,N,A,H,D,A,01,N,01,E,,,,,I,Y,F,D,1,0,0,0,23152.0,1,37.925308227539055,-121.77811431884766,3
2019,2019-03-19,1608,3,1,16,2,N,A,N,A,H,A,F,26,N,07,C,,,,Y,E,Y,N,D,1,0,0,0,21658.0,2,37.782936096191406,-121.97939300537108,3
2019,2019-03-18,1913,3,1,19,1,Y,A,N,A,H,A,A,01,,08,C,,,,,D,N,N,A,1,0,0,0,22107.0,2,37.90256118774414,-122.06098175048828,4
2019,2019-03-15,1730,3,1,17,5,Y,A,N,A,H,A,L,04,,17,G,,Y,,,G,N,N,D,1,0,1,0,22111.0,2,37.93117904663086,-122.06086730957033,4
2018,2018-03-19,1202,3,1,12,1,Y,A,N,A,H,A,F,76,,04,C,,,,Y,C,N,N,A,1,0,0,0,21703.0,2,37.988747,-122.321895,4
2018,2018-03-17,354,3,1,3,6,N,B,N,B,H,C,A,01,N,03,B,,,,,E,Y,N,D,1,0,0,0,22350.0,3,37.94744873046875,-122.36290740966795,3
2018,2018-01-28,1329,1,4,13,7,Y,A,N,A,H,A,-,- ,,08,D,,,,,C,Y,N,D,3,0,0,0,22107.0,3,37.949871063232415,-122.33455657958984,4
2018,2018-01-15,1224,1,4,12,1,Y,A,N,A,H,A,D,22,,10,G,Y,,,,B,N,N,A,1,1,0,0,21950.0,2,37.938438415527344,-122.34752655029295,4
2019,2019-03-22,1321,3,1,13,5,Y,B,N,B,H,A,A,01,,09,D,,,,,C,N,M,A,2,0,0,0,21802.0,2,37.89849853515625,-122.05924224853516,4
2019,2019-03-23,1639,3,1,16,6,Y,A,N,A,H,A,A,01,,09,D,,,,,C,Y,N,A,1,0,0,0,21801.0,2,37.91170883178711,-122.0637664794922,4
2018,2018-03-20,1355,3,1,13,2,N,C,N,B,H,A,-,- ,E,18,C,,,,,C,N,N,D,2,0,0,0,,2,37.93678283691406,-122.33523559570312,4
2018,2018-03-22,843,3,1,8,4,Y,C,N,B,H,A,A,01,,12,D,,,,,C,Y,N,A,2,0,0,0,21453.0,2,37.9338493347168,-122.33422088623048,4
2018,2018-03-22,1359,3,1,13,4,Y,A,N,A,H,A,-,- ,,00,D,,,,,C,N,N,A,1,0,0,0,,2,37.98691177368164,-122.31696319580078,4
2018,2018-03-24,2046,3,1,20,6,N,C,N,B,H,C,N,60,N,11,G,Y,,,,B,N,N,D,1,1,0,0,21954.0,2,37.91439056396485,-122.32414245605467,2
2019,2019-03-22,2030,3,1,20,5,N,A,N,A,H,C,A,01,S,03,C,,,,,C,N,F,A,2,0,0,0,22350.0,2,37.986812591552734,-122.31702423095705,4
2018,2018-03-16,1205,3,1,12,5,N,A,N,A,H,A,-,- ,N,18,-,,,,,E,Y,N,D,1,0,0,0,,4,37.94175720214844,-122.34748840332033,4
2018,2018-03-19,1051,3,1,10,1,Y,A,N,A,H,A,A,01,,21,B,,,,,C,N,F,A,1,0,0,0,22106.0,2,37.93682098388672,-122.36184692382812,4
2018,2018-03-19,1537,3,1,15,1,N,A,N,A,H,A,A,01,N,10,G,Y,,,,B,N,F,A,1,1,0,0,21950.0,2,37.92522048950195,-122.338134765625,3
2018,2018-03-20,1309,3,1,13,2,Y,B,N,B,H,A,A,01,,10,G,Y,,,,B,N,F,A,1,1,0,0,21950.0,2,37.93571853637695,-122.36766052246094,4
2018,2018-03-02,1728,3,1,17,5,N,A,N,A,H,A,A,01,W,04,C,,,,,C,Y,N,A,1,0,0,0,21703.0,2,37.9377555847168,-122.34232330322266,4
2018,2018-03-02,1604,3,1,16,5,N,C,N,B,H,A,A,01,W,08,C,,,,,C,N,N,-,1,0,0,0,22107.0,2,37.91975021362305,-122.3467254638672,4
2018,2018-03-07,2111,3,1,21,3,N,A,N,A,H,C,A,01,N,01,A,,,,,E,Y,N,D,1,0,0,0,23152.0,2,37.98470306396485,-122.34315490722656,3
2018,2018-03-07,1937,3,1,19,3,N,A,N,A,H,C,A,01,E,09,D,,,,,C,N,N,D,1,0,0,0,21801.0,2,37.94775772094727,-122.33099365234376,4
2018,2018-03-07,839,3,1,8,3,Y,B,N,A,H,A,A,07,,12,D,,,,,D,Y,N,A,2,0,0,0,21453.0,2,37.93590927124024,-122.37296295166016,3
2018,2018-03-04,1818,3,1,18,7,N,A,N,A,H,C,A,01,S,05,A,,,,,C,Y,N,D,3,0,0,0,21650.0,2,37.93149185180664,-122.34679412841795,3
2018,2018-03-04,1144,3,1,11,7,Y,A,N,A,H,A,A,01,,17,D,,,,,C,Y,N,D,1,0,0,0,21461.0,2,37.92658996582031,-122.35302734375,4
2018,2018-03-10,202,3,1,2,6,N,A,N,A,H,C,A,01,E,03,A,,,,,I,Y,N,D,1,0,0,0,22350.0,1,37.90891647338867,-122.34458923339844,3
2018,2018-03-10,1833,3,1,18,6,N,A,N,A,H,B,A,01,W,01,-,,,,,I,Y,N,D,1,0,0,0,23152.0,1,37.98047637939453,-122.33255004882812,3
2018,2018-03-09,1702,3,1,17,5,Y,B,N,A,H,A,A,01,,09,D,,,,,C,N,N,D,1,0,0,0,21801.0,2,37.94366836547852,-122.33097076416016,4
2018,2018-03-09,555,3,1,5,5,Y,A,N,A,H,B,-,,,10,G,Y,,,,B,N,M,A,1,1,0,0,21950.0,2,37.938358306884766,-122.36334991455078,4
2018,2018-03-12,1520,3,1,15,1,N,B,N,B,H,A,N,60,N,11,G,Y,,,,B,N,N,D,2,1,0,0,21950.0,2,37.95343399047852,-122.3642120361328,2
2018,2018-03-12,1551,3,1,15,1,Y,B,N,B,H,A,A,01,,10,G,Y,,,,B,N,N,A,1,1,0,0,21950.0,2,37.9340705871582,-122.3561782836914,4
2018,2018-03-13,1129,3,1,11,2,N,B,N,B,H,A,A,01,E,03,D,,,,,C,N,N,D,2,0,0,0,22350.0,3,37.97576522827149,-122.34071350097656,4
2019,2019-02-26,1700,2,4,17,2,N,B,N,A,H,A,D,22,E,21,C,,,,,C,N,N,D,1,0,0,0,22106.0,2,37.896026611328125,-122.06253814697266,4
2019,2019-02-24,1453,2,4,14,7,N,A,N,A,H,A,-,- ,N,- ,F,,,Y,,C,N,N,D,1,0,0,1,,3,,,3
2019,2019-03-19,630,3,1,6,2,N,A,N,A,H,C,D,22,S,08,A,,,,,C,N,N,D,1,0,0,0,22107.0,2,37.895950317382805,-122.0627899169922,4
2019,2019-02-06,800,2,4,8,3,N,A,N,A,H,A,C,02,N,09,B,,,Y,,C,N,N,A,1,0,0,1,21801.0,2,37.931594848632805,-121.69717407226562,3
2019,2019-02-28,1751,2,4,17,4,N,A,N,A,H,B,A,01,S,09,B,,,,,C,N,F,D,1,0,0,0,21804.0,2,37.95849990844727,-122.35669708251952,4
2019,2019-02-27,2050,2,4,20,3,N,C,N,B,H,C,-,- ,E,- ,G,Y,,,,B,N,F,D,1,1,0,0,,2,37.96143341064453,-122.34580230712892,4
2019,2019-03-09,1127,3,1,11,6,N,B,N,A,H,A,A,01,E,03,C,,,,,C,N,N,A,1,0,0,0,22350.0,2,37.95402526855469,-122.33170318603516,4
2019,2019-03-01,1334,3,1,13,5,N,A,N,A,H,A,A,01,S,04,C,,,,,C,Y,F,D,1,0,0,0,21703.0,2,37.97139739990234,-122.34329986572266,4
2019,2019-03-08,1410,3,1,14,5,Y,A,N,A,H,A,A,01,,09,A,,,,,D,Y,F,A,1,0,0,0,21804.0,2,37.96321868896485,-122.35518646240234,4
2019,2019-03-12,752,3,1,7,2,Y,A,N,A,H,A,A,01,,10,G,Y,,,,B,N,N,D,2,2,0,0,21950.0,3,37.95623016357422,-122.34446716308594,3
2019,2019-03-21,1816,3,1,18,4,Y,A,N,A,H,B,A,01,,10,G,Y,,,,B,N,N,A,2,2,0,0,21950.0,3,37.89760971069336,-122.05895233154295,3
2019,2019-03-08,1201,3,1,12,5,N,A,N,A,H,A,A,07,S,08,C,,,,,E,Y,N,D,1,0,0,0,22107.0,2,37.86888122558594,-122.07532501220705,3
2019,2019-02-23,1347,2,4,13,6,N,B,N,A,H,A,A,08,E,07,F,,,Y,,A,Y,N,D,1,0,0,1,21658.0,2,38.01535034179688,-121.88043975830078,3
2019,2019-01-18,2033,1,4,20,5,Y,A,N,A,H,C,A,01,,12,D,,,,,C,N,N,A,1,0,0,0,21453.0,2,38.004741668701165,-121.85366058349608,4
2019,2019-02-08,1534,2,4,15,5,Y,C,N,B,H,A,A,01,,10,G,,Y,,,G,N,N,D,1,0,1,0,21950.0,2,37.98331832885742,-121.707763671875,3
2018,2018-08-13,2031,8,2,20,1,Y,B,N,A,H,C,A,01,,09,D,,,,,C,Y,N,A,4,0,0,0,21801.0,2,37.92802047729492,-122.36002349853516,4
2018,2018-08-08,1914,8,2,19,3,Y,A,N,A,H,A,A,07,,01,D,,,,,C,Y,N,A,1,0,0,0,23153.0,3,37.94364929199219,-122.34544372558594,3
2018,2018-08-13,107,8,2,1,1,N,A,N,A,H,C,A,07,E,08,A,,,,,E,Y,M,D,1,0,0,0,22107.0,2,37.94514846801758,-122.33538055419922,4
2018,2018-08-03,1830,8,2,18,5,Y,A,N,A,H,A,-,,,10,G,Y,,,,B,N,N,A,1,1,0,0,21950.0,2,37.9340705871582,-122.3561782836914,4
2018,2018-08-07,1200,8,2,12,2,Y,A,N,A,H,A,A,01,,12,-,,,,,C,N,F,D,1,0,0,0,22450.0,2,37.94514083862305,-122.34092712402344,4
2018,2018-08-10,1048,8,2,10,5,N,A,N,A,H,A,-,,,03,G,Y,,,,B,N,F,D,1,1,0,0,22350.0,2,37.899838,-122.310669,4
2019,2019-03-07,1620,3,1,16,4,Y,A,N,A,H,A,A,01,,09,A,,,,,C,Y,N,D,2,0,0,0,21801.0,2,37.99797821044922,-121.88291168212892,4