ACCIDENT_YEAR,COLLISION_DATE,COLLISION_TIME,MONTH,SEASON,24HOURS,DAY_OF_WEEK,INTERSECTION,WEATHER_1,STATE_HWY_IND,ROAD_SURFACE,ROAD_COND_1,LIGHTING,STWD_VEHTYPE_AT_FAULT,CHP_VEHTYPE_AT_FAULT,DIRECTION,PCF_VIOL_CATEGORY,TYPE_OF_COLLISION,PEDESTRIAN_ACCIDENT,BICYCLE_ACCIDENT,MOTORCYCLE_ACCIDENT,TRUCK_ACCIDENT,MVIW,TOW_AWAY,HIT_AND_RUN,CONTROL_DEVICE,NUMBER_INJURED,COUNT_PED_INJURED,COUNT_BICYCLIST_INJURED,COUNT_MC_INJURED,PCF_VIOLATION,PARTY_COUNT,POINT_Y,POINT_X,COLLISION_SEVERITY
2018,2018-07-11,1817,7,2,18,3,N,A,N,A,H,A,A,01,E,10,H,,Y,,,G,N,N,D,1,0,1,0,21952.0,2,37.93684387207031,-122.34741973876952,4
2018,2018-07-18,1649,7,2,16,3,Y,A,N,A,H,A,A,01,,03,D,,,,,C,Y,N,A,1,0,0,0,22350.0,2,37.94816970825195,-122.36424255371094,4
2018,2018-07-26,752,7,2,7,4,Y,A,N,A,H,A,A,01,,12,B,,,,,C,Y,N,A,1,0,0,0,21453.0,2,37.930278778076165,-122.38494110107422,4
2018,2018-07-11,658,7,2,6,3,N,B,N,A,H,A,A,01,S,06,A,,,,,C,Y,N,D,3,0,0,0,21751.0,2,37.941287994384766,-122.3562469482422,3
2018,2018-07-17,922,7,2,9,2,Y,B,Y,A,H,A,A,01,,12,D,,,,,C,N,N,A,2,0,0,0,21453.0,3,37.91357803344727,-122.31752014160156,4
2018,2018-07-27,642,7,2,6,5,Y,B,N,A,H,A,-,99,,10,G,Y,,,,B,N,F,D,1,1,0,0,21950.0,2,37.93846130371094,-122.35054779052734,4
2018,2018-07-10,1212,7,2,12,2,Y,A,N,A,H,A,A,01,,12,G,,Y,,,G,N,F,A,1,0,1,0,22450.0,2,37.93090057373047,-122.34586334228516,4
2018,2018-07-16,801,7,2,8,1,Y,A,N,A,H,A,C,02,,09,A,,,Y,,C,N,N,A,1,0,0,1,21801.0,2,37.91975021362305,-122.34671020507812,2
2018,2018-07-29,939,7,2,9,7,Y,A,N,A,H,A,A,01,,09,A,,,,,C,Y,N,A,1,0,0,0,21801.0,2,37.91162872314453,-122.31864166259766,4
2018,2018-07-10,1145,7,2,11,2,N,A,N,A,H,A,A,01,S,04,C,,,,,C,Y,N,D,1,0,0,0,21703.0,2,37.91021728515625,-122.31586456298828,4
2018,2018-07-14,1540,7,2,15,6,N,A,N,A,H,A,N,60,W,11,G,Y,,,,B,N,N,A,1,1,0,0,21950.0,2,37.942081451416016,-122.3549575805664,3
2019,2019-01-04,2317,1,4,23,5,Y,A,N,A,H,C,C,02,,03,-,,,Y,,I,Y,N,D,2,0,0,2,22350.0,1,37.96059036254882,-121.76373291015624,4
2018,2018-10-27,1106,10,3,11,6,Y,A,N,A,H,A,A,01,,12,D,,,,,C,Y,N,A,1,0,0,0,21453.0,2,37.95759963989258,-121.77800750732422,4
2018,2018-08-29,1620,8,2,16,3,N,A,N,A,H,A,A,01,W,01,C,,,,,C,Y,N,D,3,0,0,0,23152.0,4,,,4
2019,2019-03-06,1810,3,1,18,3,N,B,Y,B,H,C,L,04,N,09,D,,Y,,,G,N,N,A,1,0,1,0,21802.0,2,37.91803741455078,-122.31327056884766,4
2019,2019-03-04,1408,3,1,14,1,Y,A,N,A,H,A,D,82,,08,G,,,,,B,N,N,D,1,0,0,0,22107.0,1,37.99021911621094,-122.09683227539062,3
2019,2019-03-04,1538,3,1,15,1,Y,A,N,A,H,A,A,01,,08,E,,,,,I,N,N,D,1,0,0,0,22107.0,1,38.000579833984375,-122.10179138183594,4
2019,2019-03-12,1541,3,1,15,2,Y,A,N,A,H,A,A,01,,12,D,,,,,C,N,N,A,1,0,0,0,22450.0,2,38.01568984985352,-122.13636779785156,4
2019,2019-03-31,0,3,1,0,7,N,A,N,A,H,A,A,01,W,22,E,,,,,I,Y,N,D,1,0,0,0,,1,37.99010467529297,-122.09511566162108,3
2019,2019-01-19,1934,1,4,19,6,N,A,N,A,H,C,A,01,W,03,C,,,,,C,N,N,D,2,0,0,0,22350.0,3,38.00028991699219,-121.82771301269533,4
2019,2019-04-18,1510,4,1,15,4,N,A,N,A,H,A,D,22,W,04,-,,,,,C,N,M,-,1,0,0,0,21703.0,2,37.927337646484375,-122.01519012451172,4
2018,2018-11-30,1009,11,3,10,5,N,A,N,A,H,A,A,01,N,03,C,,,,,C,N,N,D,1,0,0,0,22350.0,2,37.990211486816406,-121.78468322753906,4
2019,2019-04-16,1107,4,1,11,2,N,A,N,A,H,A,A,01,N,03,C,,,,,C,N,N,A,1,0,0,0,22350.0,2,38.02357864379882,-121.87958526611328,4
2018,2018-08-01,704,8,2,7,3,Y,A,N,A,H,A,A,01,,09,D,,,,,C,N,N,A,1,0,0,0,21802.0,2,37.94295883178711,-122.32527923583984,4
2018,2018-08-30,1452,8,2,14,4,N,A,N,A,H,A,A,01,W,01,A,,,,,C,Y,N,D,2,0,0,0,23153.0,2,37.94365692138672,-122.3303680419922,3
2018,2018-08-29,2025,8,2,20,3,Y,A,N,-,H,C,A,01,,09,D,,,,,C,N,N,A,2,0,0,0,21801.0,2,37.9481201171875,-122.35729217529295,4
2018,2018-08-29,1830,8,2,18,3,Y,A,N,A,H,A,A,01,,21,G,Y,,,,B,N,F,D,1,1,0,0,22106.0,2,37.938861846923835,-122.3545379638672,4
2018,2018-08-29,1615,8,2,16,3,Y,A,N,A,H,A,A,01,,04,C,,,,,C,N,N,A,1,0,0,0,21703.0,3,37.95405960083008,-122.37364959716795,4
2018,2018-08-28,1937,8,2,19,2,N,A,N,-,H,C,A,01,E,08,G,Y,,,,-,Y,F,D,1,1,0,0,22107.0,2,37.92527770996094,-122.37106323242188,3
2018,2018-08-28,1908,8,2,19,2,N,A,N,A,H,A,A,01,W,12,G,Y,,,,B,N,N,D,1,1,0,0,22450.0,2,37.93571853637695,-122.36769104003906,4
2018,2018-08-28,103,8,2,1,2,N,A,N,A,H,C,A,01,S,03,E,,,,,I,Y,N,D,2,0,0,0,22350.0,1,37.9338493347168,-122.34764099121094,4
2018,2018-08-19,1740,8,2,17,7,N,A,N,A,H,A,A,01,S,09,B,,,,,C,N,N,D,1,0,0,0,21804.0,2,37.9379997253418,-122.35617065429688,4
2018,2018-08-19,1601,8,2,16,7,Y,A,N,A,H,A,A,07,,12,D,,,,,C,Y,N,A,1,0,0,0,21453.0,3,37.990760803222656,-122.33290863037108,4
2018,2018-08-19,144,8,2,1,7,Y,G,N,A,H,C,A,01,,07,E,,,,,I,Y,N,A,1,0,0,0,21658.0,1,37.990039825439446,-122.32872009277344,3
2018,2018-08-19,133,8,2,1,7,N,A,N,A,H,C,A,08,S,03,G,Y,,,,B,N,N,D,1,1,0,0,22350.0,2,37.937206268310554,-122.34597778320312,3
2018,2018-08-18,138,8,2,1,6,N,A,N,A,H,D,C,02,,03,-,,,Y,,E,N,N,D,1,0,0,1,22350.0,2,37.95748901367188,-122.26840209960938,3
2018,2018-08-16,1315,8,2,13,4,Y,A,N,A,H,A,A,08,,03,C,,,,,C,Y,N,D,4,0,0,0,22350.0,2,37.9473991394043,-122.35733795166016,3
2018,2018-08-03,1440,8,2,14,5,N,A,N,A,H,A,-,,S,17,C,,,,,C,Y,M,A,1,0,0,0,22109.0,2,37.9468879699707,-122.37192535400392,4
2018,2018-08-15,2246,8,2,22,3,Y,A,N,A,H,C,N,60,,11,G,Y,,,,B,N,F,A,1,1,0,0,21954.0,2,37.92520904541016,-122.33811950683594,2
2018,2018-08-15,1603,8,2,16,3,N,A,N,A,H,A,A,01,W,05,E,,,,,I,Y,N,D,1,0,0,0,21651.0,1,37.95741271972656,-122.26851654052734,3
2018,2018-08-14,1935,8,2,19,2,Y,A,N,A,H,A,A,01,,09,D,,,,,C,N,N,A,1,0,0,0,21801.0,2,37.935829162597656,-122.34011840820312,4
2018,2018-08-14,1458,8,2,14,2,Y,A,N,A,H,A,A,01,,09,D,,,,,C,Y,F,D,1,0,0,0,21802.0,2,37.94956970214844,-122.35379028320312,2
2018,2018-08-14,1341,8,2,13,2,Y,A,N,A,H,A,L,04,,05,D,,Y,,,G,N,N,A,1,0,1,0,21202.0,2,37.93571853637695,-122.36563873291016,4
2019,2019-03-12,938,3,1,9,2,N,A,N,A,H,A,A,07,S,03,C,,,,,C,Y,N,D,1,0,0,0,22350.0,2,38.00944519042969,-122.28426361083984,2
2019,2019-04-09,1833,4,1,18,2,Y,A,Y,A,H,A,A,08,,08,B,,,,,C,N,N,A,1,0,0,0,22107.0,2,37.94605255126953,-121.74259185791016,4
2019,2019-04-19,1610,4,1,16,5,Y,A,N,A,H,A,A,07,,12,D,,,,,C,Y,N,A,3,0,0,0,21453.0,2,37.98337936401367,-121.80577850341795,4
2019,2019-05-04,1137,5,1,11,6,N,A,N,A,H,A,A,01,E,03,C,,,,,D,N,N,A,1,0,0,0,22350.0,3,37.89641189575195,-122.07128143310548,4
2019,2019-03-31,1522,3,1,15,7,Y,A,Y,A,H,A,A,01,,12,D,,,,,C,Y,N,A,2,0,0,0,21453.0,2,38.02351379394531,-121.9694366455078,4
2019,2019-04-11,601,4,1,6,4,Y,B,Y,A,H,C,A,07,,10,G,Y,,,,B,N,N,A,1,1,0,0,21950.0,2,38.004928588867195,-121.84099578857422,2
2019,2019-04-25,753,4,1,7,4,N,A,Y,A,H,A,A,07,E,08,C,,,,,C,Y,N,D,1,0,0,0,22107.0,2,37.92701721191406,-121.73355865478516,3
2019,2019-04-15,1447,4,1,14,1,Y,A,Y,A,H,A,A,01,,03,C,,,,,C,N,N,A,2,0,0,0,22350.0,3,37.92701721191406,-121.73355865478516,3
2019,2019-05-05,637,5,1,6,7,N,A,N,A,H,A,A,08,W,01,E,,,,,I,Y,M,A,1,0,0,0,23152.0,1,38.02354431152344,-121.8796157836914,4
2019,2019-03-12,2034,3,1,20,2,N,C,N,B,H,C,C,02,S,03,H,,,Y,,J,N,N,A,1,0,0,1,22350.0,1,37.95824432373047,-122.06102752685548,4
2019,2019-03-30,2201,3,1,22,6,N,A,Y,A,H,D,A,01,S,05,D,,,,,C,Y,N,D,1,0,0,0,21651.0,2,37.93922424316406,-122.06051635742188,3
2019,2019-05-12,1936,5,1,19,7,N,A,N,A,H,B,C,02,N,01,H,,,Y,,A,Y,N,D,1,0,0,1,23152.0,1,37.75505065917969,-121.96285247802734,3
2019,2019-04-15,935,4,1,9,1,Y,B,N,A,H,A,A,07,,21,C,,,,,C,N,N,A,1,0,0,0,22106.0,2,,,4
2019,2019-05-03,1023,5,1,10,5,N,A,N,A,H,A,A,08,E,03,C,,,,,C,N,N,A,1,0,0,0,22350.0,2,38.00424957275391,-121.73294830322266,4
2019,2019-02-25,1709,2,4,17,1,Y,C,N,B,H,C,A,01,,12,D,,,,,C,Y,N,A,1,0,0,0,21453.0,2,37.95018005371094,-122.0602569580078,3
2019,2019-04-19,1633,4,1,16,5,Y,A,N,A,H,A,-,- ,,12,D,,,,,C,Y,N,A,2,0,0,0,21453.0,2,37.89736175537109,-122.0634536743164,4
2019,2019-04-10,348,4,1,3,3,N,A,N,A,H,C,A,01,E,08,A,,,,,I,N,N,D,1,0,0,0,22107.0,1,37.90499114990234,-122.0656967163086,3
2019,2019-04-15,1653,4,1,16,1,Y,C,N,B,H,A,D,22,,04,C,,,,,C,Y,N,A,1,0,0,0,21703.0,2,38.0294303894043,-121.89144134521484,4
2019,2019-01-07,1435,1,4,14,1,N,A,Y,A,H,A,A,01,S,03,C,,,,,C,Y,N,A,1,0,0,0,22350.0,2,37.91512298583984,-122.31121826171876,3
2019,2019-03-10,1743,3,1,17,7,N,A,N,A,H,A,A,01,N,01,A,,,,,E,Y,M,D,1,0,0,0,23152.0,2,38.00909423828125,-121.79169464111328,4
2019,2019-04-10,1622,4,1,16,3,N,A,N,A,H,A,D,22,W,04,C,,,,,C,N,N,D,1,0,0,0,21703.0,2,37.95858383178711,-122.34039306640624,4
2019,2019-04-09,1856,4,1,18,2,Y,A,N,A,-,A,L,04,,11,D,,Y,,,G,N,F,A,1,0,1,0,21456.0,2,37.95690155029297,-122.3476333618164,3
2019,2019-04-10,1855,4,1,18,3,N,A,N,A,H,A,A,01,S,04,C,,,,,C,N,N,D,2,0,0,0,21703.0,2,37.9558219909668,-122.35686492919922,4
2019,2019-04-05,1700,4,1,17,5,Y,B,N,B,H,A,A,01,,08,G,,Y,,,B,N,N,A,1,0,1,0,22107.0,2,37.96316909790039,-122.33634185791016,4
2019,2019-04-12,1450,4,1,14,5,Y,A,N,A,H,A,-,- ,,00,G,Y,,,,B,N,F,D,1,1,0,0,,2,37.9598503112793,-122.35267639160156,3
2019,2019-04-05,1728,4,1,17,5,Y,B,N,A,H,A,A,01,,12,D,,,,,C,N,N,A,1,0,0,0,21453.0,2,37.958850860595696,-122.3566665649414,4
2019,2019-02-19,1229,2,4,12,2,Y,A,N,A,H,A,D,22,,00,C,,,,,C,Y,N,A,1,0,0,0,22106.0,2,37.96649169921875,-121.76009368896484,4
2019,2019-04-16,1557,4,1,15,2,Y,A,N,A,H,A,D,22,,12,D,,,,,C,N,N,A,1,0,0,0,22450.0,2,37.7798080444336,-121.9797821044922,4
2019,2019-04-18,1258,4,1,12,4,Y,A,N,A,H,A,N,60,,11,G,Y,,,,B,N,N,A,1,1,0,0,21950.0,2,,,3
2019,2019-04-03,1630,4,1,16,3,Y,A,N,A,H,A,-,,,12,D,,,,,C,N,N,D,1,0,0,0,21453.0,2,37.76153945922852,-121.96024322509766,4
2019,2019-04-05,1206,4,1,12,5,Y,B,N,B,H,A,A,07,,17,D,,,,,C,Y,N,A,2,0,0,0,21451.0,2,37.7676010131836,-121.89833831787108,3
2018,2018-09-23,207,9,3,2,7,Y,A,N,A,H,C,A,01,,11,G,Y,,,,B,N,N,D,1,1,0,0,21954.0,2,38.01226806640625,-121.80136108398438,2
2018,2018-11-25,1750,11,3,17,7,Y,A,N,A,H,C,A,01,,00,E,,,,,I,N,N,D,1,0,0,0,21705.0,1,37.99761962890625,-121.80371856689452,4
2019,2019-04-11,738,4,1,7,4,N,B,N,A,H,B,A,01,N,03,C,,,,,C,N,N,A,1,0,0,0,22350.0,2,37.96998596191406,-122.00948333740234,4
2019,2019-04-12,1409,4,1,14,5,Y,A,N,A,H,A,A,08,,12,D,,,,,C,Y,N,A,2,0,0,0,21453.0,2,37.97858047485352,-122.02960205078124,3
2019,2019-04-19,2317,4,1,23,5,N,A,N,A,H,C,A,01,W,03,C,,,,,C,Y,N,A,2,0,0,0,22350.0,2,37.960006713867195,-122.03376770019533,4
2019,2019-04-16,1520,4,1,15,2,N,A,N,A,H,A,A,07,E,07,B,,,,,C,N,N,D,1,0,0,0,21658.0,2,37.963809967041016,-121.99013519287108,4
2019,2019-04-17,1338,4,1,13,3,Y,A,N,A,H,A,A,01,,12,D,,,,,C,Y,N,A,1,0,0,0,21453.0,2,37.97793960571289,-122.03868865966795,3
2019,2019-04-17,1651,4,1,16,3,N,A,N,A,H,A,A,07,E,09,D,,,,,C,N,N,A,1,0,0,0,21804.0,2,37.99518585205078,-122.03041839599608,4
2019,2019-04-09,930,4,1,9,2,N,A,N,A,H,A,A,08,W,08,B,,,,,C,N,N,D,1,0,0,0,22107.0,2,37.96892547607422,-122.04174041748048,4
2019,2019-04-09,759,4,1,7,2,Y,A,N,A,H,A,D,22,,08,D,,,Y,,C,Y,N,D,1,0,0,1,22107.0,2,37.953369140625,-122.0432586669922,4
2019,2019-04-13,2345,4,1,23,6,N,A,N,A,-,C,A,01,S,03,C,,,,,C,N,F,A,1,0,0,0,22350.0,2,37.978515625,-122.04196166992188,4
2019,2019-04-18,1857,4,1,18,4,N,A,Y,-,H,A,A,01,W,03,-,,,,,C,Y,F,A,1,0,0,0,22350.0,2,37.96329116821289,-122.05437469482422,4
2019,2019-04-17,2348,4,1,23,3,N,A,N,A,H,-,A,01,W,01,E,,,,,I,Y,M,D,1,0,0,0,23152.0,1,37.94293975830078,-121.99688720703124,3
2019,2019-04-20,1502,4,1,15,6,Y,A,N,A,E,A,-,- ,,05,A,,,,,C,,N,D,2,0,0,0,21460.0,2,37.99660110473633,-122.03285217285156,4
2019,2019-04-07,136,4,1,1,7,N,A,N,A,H,C,D,22,E,01,D,,,,,C,Y,F,D,1,0,0,0,23152.0,2,37.9956169128418,-122.03196716308594,3
2019,2019-03-21,807,3,1,8,4,N,A,N,A,H,A,A,01,E,09,D,,,,,C,Y,N,A,2,0,0,0,21801.0,2,37.98082733154297,-121.78428649902344,4
2019,2019-03-09,1538,3,1,15,6,N,A,N,A,H,A,A,01,E,07,C,,,,,C,Y,N,D,1,0,0,0,21658.0,2,38.00496292114258,-121.76828002929688,4
2019,2019-03-12,747,3,1,7,2,N,A,N,A,H,A,A,07,E,04,C,,,,,C,Y,N,A,1,0,0,0,21703.0,2,38.01771545410156,-121.95522308349608,4
2019,2019-03-17,252,3,1,2,7,N,A,N,A,H,C,A,01,S,01,E,,,,,I,Y,N,D,1,0,0,0,23152.0,1,38.02399444580078,-121.88692474365234,2
2019,2019-02-17,2346,2,4,23,7,Y,A,N,B,H,C,A,01,,01,E,,,,,I,N,N,D,1,0,0,0,23152.0,1,37.98188018798828,-121.76661682128906,4
2019,2019-02-13,1310,2,4,13,3,Y,C,N,B,H,A,A,01,,12,D,,,,,C,Y,N,D,1,0,0,0,22450.0,2,38.00564956665039,-121.8087921142578,4
2019,2019-03-16,658,3,1,6,6,N,A,N,A,H,A,A,01,E,08,E,,,,,I,N,N,D,1,0,0,0,22107.0,3,37.944499969482415,-121.71185302734376,3
2019,2019-04-11,1711,4,1,17,4,Y,A,N,A,H,A,A,01,,08,D,,,,,C,Y,N,D,1,0,0,0,22107.0,3,37.93988037109375,-121.73365783691406,3
2019,2019-04-09,1603,4,1,16,2,N,A,N,A,H,A,A,01,E,03,C,,,,,C,N,N,A,1,0,0,0,22350.0,3,37.92538833618164,-121.7365264892578,3
2019,2019-04-14,1434,4,1,14,7,Y,A,N,A,H,A,A,01,,12,D,,,,,C,Y,N,A,2,0,0,0,22450.0,2,37.95613098144531,-121.7324676513672,3
2019,2019-04-13,235,4,1,2,6,Y,A,N,A,H,C,A,01,,01,E,,,,,I,Y,N,D,1,0,0,0,23152.0,1,37.934565,-121.684775,3
2019,2019-04-04,100,4,1,1,4,Y,A,N,A,H,C,A,01,,01,A,,,,,I,Y,N,A,3,0,0,0,23153.0,1,37.934565,-121.684775,2
2019,2019-03-29,1715,3,1,17,5,N,A,N,A,H,A,A,01,W,03,C,,,,,C,Y,N,A,3,0,0,0,22350.0,3,37.94364929199219,-121.7351303100586,3
2019,2019-03-26,1054,3,1,10,2,N,A,N,A,H,A,A,01,E,03,C,,,,,C,Y,N,A,1,0,0,0,22350.0,3,37.943641662597656,-121.73419952392578,3
2019,2019-03-12,814,3,1,8,2,Y,A,N,A,H,A,L,04,,05,H,,Y,,,G,N,N,D,1,0,1,0,21650.0,2,37.9381103515625,-121.68871307373048,4
2019,2019-03-10,1140,3,1,11,7,Y,A,N,A,H,A,A,01,,08,D,,,,,C,N,N,D,2,0,0,0,22107.0,2,37.92924118041992,-121.700927734375,3
2019,2019-03-15,804,3,1,8,5,N,A,N,A,H,A,A,07,W,09,A,,,,,C,Y,N,D,2,0,0,0,21804.0,2,37.93264389038086,-121.70343017578124,3
2019,2019-03-22,2343,3,1,23,5,N,A,N,A,H,C,A,01,N,03,A,,,,,I,Y,N,D,2,0,0,0,22350.0,1,37.935150146484375,-121.69879913330078,3
2018,2018-10-31,830,10,3,8,3,N,A,N,A,H,A,A,07,W,04,C,,,,,C,Y,N,D,1,0,0,0,21703.0,2,37.98826217651367,-122.32057189941406,4
2018,2018-10-29,505,10,3,5,1,Y,A,N,A,H,A,N,60,,11,G,Y,,,,B,N,N,A,1,1,0,0,21950.0,2,37.99111175537109,-122.33629608154295,2
2018,2018-10-29,1212,10,3,12,1,Y,A,N,A,H,A,A,01,,09,D,,,,,C,N,N,D,1,0,0,0,21800.0,2,37.943660736083984,-122.33380889892578,4
2018,2018-10-28,838,10,3,8,7,Y,A,N,A,H,A,A,01,,09,D,,,,,C,Y,N,A,2,0,0,0,21802.0,3,37.93851852416992,-122.36184692382812,4
2018,2018-10-29,1800,10,3,18,1,Y,A,N,A,-,B,A,01,,09,D,,,,,-,N,N,D,1,0,0,0,21800.0,2,37.94527816772461,-122.3574676513672,4
2018,2018-10-27,1430,10,3,14,6,Y,B,N,A,H,A,A,01,,12,D,,,,,C,Y,F,A,1,0,0,0,21453.0,2,37.93082046508789,-122.36004638671876,4
2018,2018-10-31,1949,10,3,19,3,Y,A,N,A,H,C,A,01,,10,G,Y,,,,B,N,N,A,1,1,0,0,21950.0,2,37.925201416015625,-122.34857177734376,4
2018,2018-10-29,1514,10,3,15,1,Y,A,N,A,H,A,C,06,,03,D,,,Y,,C,N,N,D,2,0,0,1,22350.0,2,37.94258880615234,-122.36170959472656,3
2018,2018-10-24,1600,10,3,16,3,N,A,N,A,-,A,-,99,S,03,C,,,,,-,N,F,D,2,0,0,0,22350.0,2,37.945011138916016,-122.35740661621094,4
2018,2018-10-20,1946,10,3,19,6,Y,A,N,A,H,A,A,01,,08,D,,,Y,,C,N,N,A,1,0,0,1,22107.0,2,37.925201416015625,-122.34857177734376,3
2018,2018-10-21,2100,10,3,21,7,N,A,N,A,H,C,N,60,W,11,G,Y,,,,B,N,N,A,1,1,0,0,21106.0,2,37.93534851074219,-122.32523345947266,2
2018,2018-10-22,1638,10,3,16,1,Y,A,N,A,-,A,A,08,,12,D,,,,,C,Y,N,A,2,0,0,0,21453.0,2,37.93846130371094,-122.34855651855467,4
2018,2018-10-23,211,10,3,2,2,N,A,N,A,H,C,N,60,W,11,G,Y,,,,B,Y,N,A,1,1,0,0,21955.0,2,37.900554656982415,-122.31183624267578,4
2018,2018-10-20,1330,10,3,13,6,Y,A,N,A,A,A,A,01,,09,D,,,,,C,Y,N,A,2,0,0,0,21802.0,2,37.9473991394043,-122.35733795166016,3
2018,2018-10-18,1912,10,3,19,4,Y,A,N,A,H,C,-,99,,10,G,Y,,,,-,N,M,D,1,1,0,0,21950.0,2,37.93075942993164,-122.35594940185548,4
2018,2018-10-09,1751,10,3,17,2,Y,A,N,A,-,A,A,01,,08,D,,Y,,,G,N,N,D,1,0,1,0,22107.0,2,37.93994903564453,-122.35247039794922,4
2018,2018-10-14,1747,10,3,17,7,Y,A,N,A,H,A,A,01,,10,G,Y,,,,B,N,F,A,1,1,0,0,21950.0,2,37.93510055541992,-122.34294128417967,3
2018,2018-10-19,1747,10,3,17,5,Y,A,N,A,H,A,A,01,,09,D,,,,,C,Y,N,A,2,0,0,0,21801.0,2,37.935741424560554,-122.34857940673828,4
2018,2018-10-17,1700,10,3,17,3,N,A,N,A,H,C,N,60,N,11,G,Y,,,,B,N,N,A,1,1,0,0,21954.0,2,37.92525863647461,-122.3381805419922,4
2018,2018-10-11,1144,10,3,11,4,Y,A,N,A,H,A,A,01,,12,D,,,,,C,Y,N,A,1,0,0,0,21453.0,2,37.98691177368164,-122.31696319580078,4
2018,2018-10-12,1230,10,3,12,5,Y,A,N,A,H,A,A,01,,03,D,,,,,C,Y,N,D,2,0,0,0,22350.0,2,37.935710906982415,-122.35520935058594,4
2018,2018-10-16,1700,10,3,17,2,Y,A,N,A,H,A,A,01,,12,D,,,,,E,Y,F,A,1,0,0,0,22450.0,4,37.9423713684082,-122.32721710205078,4
2018,2018-10-11,1445,10,3,14,4,Y,A,Y,A,H,A,A,08,,03,C,,,,,C,N,F,A,4,0,0,0,22350.0,2,37.914886474609375,-122.32615661621094,4
2018,2018-11-03,1456,11,3,14,6,N,A,N,A,H,A,A,01,N,01,C,,,,,C,Y,N,D,1,0,0,0,23153.0,3,37.94667816162109,-122.36270141601562,4
2018,2018-12-18,1816,12,4,18,2,N,A,N,A,H,C,A,01,E,09,D,,,,,C,Y,N,A,1,0,0,0,21804.0,2,38.00490951538086,-121.80123901367188,4
2018,2018-11-01,1830,11,3,18,4,Y,A,N,A,H,B,D,22,,08,G,Y,,,,B,Y,F,D,1,1,0,0,22107.0,2,37.94076919555664,-122.34748077392578,2
2018,2018-11-01,1807,11,3,18,4,Y,A,N,A,H,B,A,01,,09,B,,,,,C,N,N,A,1,0,0,0,21804.0,2,37.93846130371094,-122.35054779052734,4
2018,2018-11-02,1117,11,3,11,5,Y,A,N,A,H,A,A,01,,03,C,,,,,C,Y,N,A,1,0,0,0,22350.0,2,37.9338493347168,-122.33422088623048,4
2018,2018-11-02,945,11,3,9,5,Y,A,N,A,H,A,A,01,,12,A,,,,,D,Y,N,A,2,0,0,0,22450.0,2,37.94033050537109,-122.36273193359376,4
2019,2019-03-19,908,3,1,9,2,Y,A,N,A,H,A,D,22,,12,-,,,,,C,N,M,A,1,0,0,0,22450.0,2,38.01807022094727,-122.2576904296875,4
2019,2019-03-01,2243,3,1,22,5,N,A,N,A,H,C,D,22,W,04,C,,,,,C,Y,F,A,1,0,0,0,21703.0,2,38.008331298828125,-121.86434173583984,4
2019,2019-04-22,1603,4,1,16,1,N,A,N,A,H,A,A,01,N,08,E,,,,,I,Y,N,D,1,0,0,0,22107.0,1,37.745025634765625,-121.91509246826172,4
2019,2019-04-22,803,4,1,8,1,N,A,N,A,H,A,L,04,N,11,D,,Y,,,C,N,N,A,1,0,1,0,21950.0,2,37.76522064208984,-121.91437530517578,4
2019,2019-03-18,302,3,1,3,1,N,A,N,A,H,C,A,01,W,08,E,,,,,I,N,N,D,1,0,0,0,22107.0,1,38.02235412597656,-121.90562438964844,4
2019,2019-03-29,619,3,1,6,5,N,A,N,B,H,B,A,07,E,08,E,,,,,I,Y,N,D,1,0,0,0,22107.0,1,38.00630569458008,-121.86626434326172,4
2019,2019-03-18,1711,3,1,17,1,N,A,N,A,H,A,A,07,S,03,C,,,,,C,N,N,A,2,0,0,0,22350.0,2,37.73944854736328,-121.91392517089844,4
2019,2019-04-14,921,4,1,9,7,N,A,N,A,H,A,A,01,W,12,D,,,,,C,Y,N,A,2,0,0,0,21453.0,2,37.96712493896485,-121.78356170654295,4
2019,2019-05-01,1546,5,1,15,3,N,A,N,A,H,A,A,08,W,03,C,,,,,C,Y,N,A,1,0,0,0,22350.0,2,37.788700103759766,-121.92693328857422,4
2019,2019-04-30,1405,4,1,14,2,Y,A,N,A,H,A,D,22,,09,D,,,,,C,Y,N,A,1,0,0,0,21802.0,2,37.97740936279297,-122.02610778808594,4