ACCIDENT_YEAR,COLLISION_DATE,COLLISION_TIME,MONTH,SEASON,24HOURS,DAY_OF_WEEK,INTERSECTION,WEATHER_1,STATE_HWY_IND,ROAD_SURFACE,ROAD_COND_1,LIGHTING,STWD_VEHTYPE_AT_FAULT,CHP_VEHTYPE_AT_FAULT,DIRECTION,PCF_VIOL_CATEGORY,TYPE_OF_COLLISION,PEDESTRIAN_ACCIDENT,BICYCLE_ACCIDENT,MOTORCYCLE_ACCIDENT,TRUCK_ACCIDENT,MVIW,TOW_AWAY,HIT_AND_RUN,CONTROL_DEVICE,NUMBER_INJURED,COUNT_PED_INJURED,COUNT_BICYCLIST_INJURED,COUNT_MC_INJURED,PCF_VIOLATION,PARTY_COUNT,POINT_Y,POINT_X,COLLISION_SEVERITY
2018,2018-12-12,800,12,4,8,3,Y,A,N,A,H,A,A,01,,03,C,,,,,C,N,N,A,1,0,0,0,22350.0,2,37.94261169433594,-122.35996246337892,4
2018,2018-12-28,254,12,4,2,5,N,B,N,A,H,C,-,- ,S,03,E,,,,,I,Y,N,D,2,0,0,0,22350.0,1,37.97877502441406,-122.35498809814452,4
2018,2018-12-20,1813,12,4,18,4,N,A,N,A,H,C,A,01,W,11,A,Y,,,,B,N,N,A,1,1,0,0,21953.0,2,37.93082046508789,-122.36224365234376,2
2018,2018-09-11,1440,9,3,14,2,Y,A,N,A,H,A,A,01,,12,C,,,,,C,N,N,A,1,0,0,0,21453.0,3,37.9384994506836,-122.35806274414062,4
2018,2018-09-25,932,9,3,9,2,Y,A,N,A,H,A,A,08,,09,D,,,Y,,C,Y,N,A,1,0,0,1,21801.0,2,37.91087,-122.31717,4
2015,2015-07-27,1707,7,2,17,1,N,A,Y,A,H,A,A,01,W,03,C,,,,,C,N,N,D,1,0,0,0,22350.0,2,37.90614578,-122.31431615,4
2015,2015-07-27,1700,7,2,17,1,N,A,Y,A,H,A,A,01,E,03,C,,,,,C,Y,N,D,2,0,0,0,22350.0,4,37.98079608,-122.31682503,4
2015,2015-07-27,1450,7,2,14,1,N,A,Y,A,H,A,D,22,W,03,C,,,,,C,Y,N,D,1,0,0,0,22350.0,2,37.97243444,-122.3197243,4
2015,2015-07-29,1100,7,2,11,3,N,A,Y,A,H,A,A,01,N,07,B,,,,,C,N,N,D,1,0,0,0,21658.0,2,37.93415405,-122.06006721,4
2015,2015-07-28,1430,7,2,14,2,N,A,Y,A,H,A,-,- ,S,18,E,,,,,J,Y,N,D,1,0,0,0,,1,,,3
2015,2015-07-29,1505,7,2,15,3,N,A,N,A,H,A,A,01,N,09,B,,,,,C,Y,N,D,2,0,0,0,21804.0,2,37.85118552,-122.03310817,3
2015,2015-07-27,1530,7,2,15,1,N,A,Y,A,H,A,A,01,E,07,B,,,,,C,Y,N,D,1,0,0,0,21658.0,2,,,3
2015,2015-07-27,2055,7,2,20,1,N,A,Y,A,H,C,A,01,W,08,E,,,,,I,Y,N,D,1,0,0,0,22107.0,1,,,4
2015,2015-07-28,1856,7,2,18,2,N,B,Y,A,H,A,A,01,W,03,C,,,,,C,Y,N,D,1,0,0,0,22350.0,3,37.99511144,-122.28993209,4
2015,2015-07-28,1557,7,2,15,2,N,A,Y,A,H,A,A,01,E,03,C,,,,,C,Y,N,A,2,0,0,0,22350.0,3,37.99818,-122.28572,4
2015,2015-07-27,1247,7,2,12,1,N,A,Y,A,H,A,A,01,W,03,C,,,,,C,Y,N,A,1,0,0,0,22350.0,2,37.89048608,-121.64099725,4
2015,2015-07-28,2300,7,2,23,2,N,A,Y,A,H,C,A,01,W,01,B,,,,,C,Y,N,D,1,0,0,0,23152.0,2,37.92880437,-122.32312276,3
2015,2015-07-29,1915,7,2,19,3,N,A,Y,A,H,A,A,01,W,03,C,,,,,C,Y,N,D,1,0,0,0,22350.0,3,37.90685877,-122.3148057,4
2015,2015-07-24,1647,7,2,16,5,N,A,Y,A,H,A,C,02,E,03,B,,,Y,,C,N,N,D,1,0,0,1,22350.0,2,,,3
2015,2015-07-30,500,7,2,5,4,N,A,Y,A,H,C,A,01,S,08,A,,,,,J,Y,N,D,1,0,0,0,22107.0,1,,,3
2015,2015-07-31,949,7,2,9,5,N,A,Y,A,D,A,A,08,W,03,C,,,,,C,N,N,D,1,0,0,0,22350.0,2,37.99696257,-121.78882293,4
2015,2015-07-31,1200,7,2,12,5,N,A,Y,A,H,A,D,22,S,03,C,,,,,C,Y,N,D,2,0,0,0,22350.0,3,,,4
2015,2015-07-27,850,7,2,8,1,N,A,Y,A,H,A,A,07,S,07,E,,,,,I,Y,N,D,1,0,0,0,21658.0,1,,,3
2015,2015-07-31,2135,7,2,21,5,N,A,Y,A,H,C,A,01,E,01,E,,,,,I,Y,N,D,1,0,0,0,23152.0,1,,,3
2015,2015-07-31,700,7,2,7,5,N,A,Y,A,H,A,A,01,N,03,C,,,,,C,Y,N,D,1,0,0,0,22350.0,2,37.94544358,-122.05829372,4
2015,2015-08-01,820,8,2,8,6,N,A,Y,A,D,A,A,01,E,08,E,,,,,I,Y,N,D,1,0,0,0,22107.0,1,,,4
2015,2015-08-01,1805,8,2,18,6,N,A,Y,A,D,A,A,01,W,03,C,,,,,C,Y,N,D,3,0,0,0,22350.0,2,37.99745877,-121.79207904,4
2015,2015-08-03,1249,8,2,12,1,N,A,Y,A,H,A,A,07,W,08,D,,,,,C,N,N,D,1,0,0,0,22107.0,2,37.8975601,-122.09621643,4
2015,2015-08-03,1040,8,2,10,1,N,A,Y,A,H,A,A,07,S,04,C,,,,,C,Y,N,D,1,0,0,0,21703.0,4,37.9785745,-122.04345017,4
2015,2015-07-31,1037,7,2,10,5,N,A,Y,A,H,A,F,26,W,03,C,,,,Y,C,Y,N,D,1,0,0,0,22350.0,3,38.01755153,-121.89128014,4
2015,2015-07-30,250,7,2,2,4,N,A,Y,A,H,D,A,01,N,01,E,,,,,I,Y,N,D,1,0,0,0,23152.0,1,,,3
2015,2015-07-31,1126,7,2,11,5,N,A,Y,A,D,A,D,22,E,03,C,,,,,C,Y,N,D,2,0,0,0,22350.0,3,37.99603835,-121.7835724,4
2015,2015-08-04,1310,8,2,13,2,N,A,Y,A,H,A,A,01,E,07,B,,,,Y,C,Y,N,D,1,0,0,0,21658.0,2,,,4
2015,2015-08-05,1520,8,2,15,3,N,A,Y,A,H,A,A,01,E,08,B,,,,,C,Y,N,D,1,0,0,0,22107.0,2,,,3
2015,2015-08-05,737,8,2,7,3,N,A,Y,A,H,A,D,22,W,03,C,,,,,C,Y,N,D,1,0,0,0,22350.0,2,38.01873937,-121.94243082,4
2015,2015-08-06,1715,8,2,17,4,N,B,Y,A,H,A,A,01,E,07,B,,,Y,,C,Y,N,D,1,0,0,1,21658.0,2,,,4
2015,2015-08-01,210,8,2,2,6,N,A,Y,A,H,D,A,01,W,03,B,,,,,C,Y,M,D,2,0,0,0,22350.0,3,,,4
2015,2015-07-29,1125,7,2,11,3,N,A,Y,A,H,A,A,01,W,08,E,,,,,I,Y,N,D,1,0,0,0,22107.0,1,38.01598,-122.27246,4
2015,2015-07-31,1421,7,2,14,5,Y,A,N,A,H,A,A,08,,09,D,,Y,,,G,N,N,D,1,0,1,0,21801.0,2,37.86417998,-122.04135998,3
2015,2015-08-01,1425,8,2,14,6,N,A,N,A,H,A,A,01,N,08,D,,,,,C,N,N,D,2,0,0,0,22102.0,2,37.97415582,-122.30081239,3
2015,2015-07-30,1125,7,2,11,4,N,A,Y,A,H,A,A,01,W,07,B,,,,,C,Y,N,D,2,0,0,0,21658.0,3,38.02400428,-121.97299585,4
2015,2015-08-01,750,8,2,7,6,N,A,Y,A,B,A,A,07,S,08,E,,,,,I,Y,N,D,1,0,0,0,22107.0,1,38.02423441,-122.10916837,3
2015,2015-08-02,1518,8,2,15,7,N,A,Y,A,H,A,A,01,E,08,F,,,,,A,Y,N,D,3,0,0,0,22107.0,1,38.01303466,-122.27137041,3
2015,2015-08-03,1550,8,2,15,1,N,A,Y,A,H,A,C,02,W,03,C,,,Y,,C,N,N,D,1,0,0,1,22350.0,2,,,3
2015,2015-08-01,1424,8,2,14,6,N,A,Y,A,H,E,A,01,E,07,B,,,,,C,Y,N,D,1,0,0,0,21658.0,2,37.90220071,-122.31158443,4
2015,2015-08-04,920,8,2,9,2,N,A,Y,A,H,A,J,41,W,03,C,,,,,C,N,N,D,1,0,0,0,22350.0,2,37.89947786,-122.3100421,4
2015,2015-07-28,2220,7,2,22,2,N,A,N,A,H,C,A,01,S,08,E,,,,,I,Y,N,D,1,0,0,0,22107.0,1,37.95687065,-122.32073364,2
2015,2015-07-30,2040,7,2,20,4,N,A,Y,A,H,D,G,25,W,08,C,,,,Y,C,Y,N,D,2,0,0,0,22107.0,2,37.89650334,-121.65345043,3
2015,2015-08-03,240,8,2,2,1,N,A,Y,A,H,E,A,07,S,08,F,,,,,I,Y,N,D,1,0,0,0,22107.0,1,,,4
2015,2015-08-05,1849,8,2,18,3,N,B,N,A,H,A,A,01,N,03,C,,,,,C,Y,N,D,1,0,0,0,22350.0,2,37.96687976,-122.30462601,4
2015,2015-08-06,1810,8,2,18,4,N,A,Y,A,H,A,D,22,N,03,C,,,,,C,N,N,D,1,0,0,0,22350.0,4,37.83580866,-122.01037109,3
2015,2015-08-03,1220,8,2,12,1,N,A,Y,A,H,A,A,07,S,08,B,,,,Y,C,Y,N,D,1,0,0,0,22107.0,2,37.83891223,-122.01552445,3
2015,2015-08-06,120,8,2,1,4,N,A,Y,A,H,D,A,01,S,03,E,,,,,I,Y,N,D,2,0,0,0,22350.0,1,38.01557,-121.88145,3
2015,2015-08-10,1425,8,2,14,1,N,A,Y,A,D,A,D,22,W,03,C,,,,,C,Y,N,D,3,0,0,0,22350.0,3,,,4
2015,2015-08-10,1830,8,2,18,1,N,A,Y,A,H,A,A,01,S,03,C,,,,,C,Y,N,D,2,0,0,0,22350.0,3,37.91013933,-122.06788902,4
2015,2015-08-02,31,8,2,0,7,N,A,N,A,H,D,A,01,E,08,G,Y,,,,B,Y,N,D,1,1,0,0,22107.0,2,38.02937,-121.96831,2
2015,2015-08-08,1138,8,2,11,6,N,A,Y,A,H,A,A,01,N,03,C,,,,,C,Y,N,D,2,0,0,0,22350.0,2,37.96855361,-122.05820931,4
2015,2015-08-09,947,8,2,9,7,N,A,N,A,H,A,A,07,E,03,C,,,,,C,Y,N,D,1,0,0,0,22350.0,2,37.852272,-122.0163481,4
2015,2015-08-01,400,8,2,4,6,N,A,Y,A,H,C,A,07,N,08,C,,,,,E,Y,N,D,1,0,0,0,22107.0,2,37.8555562,-122.02984618,3
2015,2015-08-06,1952,8,2,19,4,N,A,Y,A,H,D,A,07,S,08,F,,,,,A,Y,N,D,2,0,0,0,22107.0,1,,,3
2015,2015-08-08,2208,8,2,22,6,N,A,Y,A,H,C,A,01,S,08,E,,,,,I,Y,N,D,1,0,0,0,22107.0,1,,,4
2015,2015-08-11,646,8,2,6,2,N,A,Y,A,D,A,C,02,E,03,C,,,Y,,C,Y,N,D,1,0,0,1,22350.0,2,37.99554309,-121.78021158,4
2015,2015-08-03,1650,8,2,16,1,N,A,N,A,H,A,A,01,E,03,E,,,,,I,Y,N,A,1,0,0,0,22350.0,2,37.96605827,-122.27594246,3
2015,2015-08-09,1047,8,2,10,7,Y,A,Y,A,H,A,A,07,,08,B,,,Y,,C,N,N,D,1,0,0,1,22107.0,2,38.00936993,-122.08957996,4
2015,2015-08-09,1940,8,2,19,7,Y,A,Y,A,H,B,G,25,,12,D,,,,Y,C,Y,N,A,1,0,0,0,21453.0,2,37.88926992,-121.62305997,4
2015,2015-08-10,1320,8,2,13,1,Y,A,N,A,H,A,A,01,,09,D,,,,,C,Y,N,D,1,0,0,0,21802.0,2,38.03167994,-121.9604799,4
2015,2015-08-11,426,8,2,4,2,N,A,Y,A,H,D,-,99,E,03,C,,,Y,,C,N,F,D,1,0,0,1,22350.0,2,38.01512925,-122.24819325,3
2015,2015-07-30,1541,7,2,15,4,Y,A,N,A,H,A,A,01,,09,D,,,,,C,Y,N,A,1,0,0,0,21802.0,2,37.87959932,-122.2260198,4
2015,2015-08-10,800,8,2,8,1,N,A,Y,A,H,A,C,02,E,03,C,,,Y,,C,N,N,D,1,0,0,1,22350.0,2,38.01879621,-121.93511031,3
2015,2015-08-13,1733,8,2,17,4,N,A,Y,A,H,A,A,01,W,03,C,,,,,C,N,N,D,1,0,0,0,22350.0,2,37.89097981,-122.14540472,4
2015,2015-08-13,2230,8,2,22,4,N,A,N,A,H,D,A,01,N,08,F,,,,,I,Y,N,D,1,0,0,0,22107.0,1,37.86136,-122.21069,3
2015,2015-08-14,1835,8,2,18,5,N,A,Y,A,H,A,A,01,S,03,C,,,,,C,Y,N,D,1,0,0,0,22350.0,3,37.90147,-122.07015,4
2015,2015-08-14,2308,8,2,23,5,N,A,Y,A,H,C,A,01,E,07,B,,,,,C,Y,N,D,1,0,0,0,21658.0,2,37.99349,-122.30169,3
2015,2015-08-03,1755,8,2,17,1,N,A,N,A,H,A,D,22,S,08,E,,,,,I,Y,N,D,1,0,0,0,22107.0,1,37.92139475,-122.09699035,4
2015,2015-08-13,735,8,2,7,4,N,A,Y,A,H,A,D,22,N,03,C,,,,,C,Y,N,D,1,0,0,0,22350.0,3,,,4
2015,2015-08-12,1750,8,2,17,3,N,A,N,A,H,A,A,08,S,03,C,,,,,C,Y,N,D,3,0,0,0,22350.0,3,37.8875,-121.69648,3
2015,2015-08-15,1250,8,2,12,6,N,A,Y,A,H,A,A,07,W,03,C,,,,,C,N,N,D,1,0,0,0,22350.0,3,37.99440353,-122.0700894,4
2015,2015-08-18,1744,8,2,17,2,N,A,N,A,H,A,D,22,W,03,C,,,,,C,Y,N,D,1,0,0,0,22350.0,2,38.02677,-121.9464478,4
2015,2015-08-19,450,8,2,4,3,N,A,Y,A,H,B,A,01,W,03,C,,,,Y,C,Y,N,D,2,0,0,0,22350.0,2,37.93350463,-121.73661973,4
2015,2015-08-19,2200,8,2,22,3,N,A,Y,A,H,C,A,01,N,08,E,,,,,I,Y,N,D,1,0,0,0,22107.0,1,37.86666401,-122.03894531,3
2015,2015-08-20,1020,8,2,10,4,N,A,Y,A,B,E,D,22,W,04,C,,,,,C,N,N,D,2,0,0,0,21703.0,2,,,4
2015,2015-08-19,925,8,2,9,3,Y,A,N,A,H,A,A,01,,08,E,,,,,I,Y,N,A,1,0,0,0,22107.0,1,38.02485997,-121.97632998,4
2015,2015-08-15,125,8,2,1,6,N,A,Y,A,H,C,-,99,W,07,B,,,,,C,Y,M,D,1,0,0,0,21658.0,2,37.9645264,-122.3252919,4
2015,2015-08-15,930,8,2,9,6,N,A,N,A,H,A,A,01,E,08,E,,,,,E,Y,M,D,1,0,0,0,22107.0,2,37.99258168,-122.31402635,4
2015,2015-08-02,1200,8,2,12,7,N,A,Y,A,H,A,A,01,E,07,B,,,Y,,C,N,N,D,1,0,0,1,21658.0,3,37.96815252,-122.32128781,4
2015,2015-08-13,1443,8,2,14,4,N,A,N,A,H,A,A,07,W,08,E,,,,,I,Y,N,D,1,0,0,0,22107.0,1,37.81226917,-121.91576057,3
2015,2015-08-13,1705,8,2,17,4,N,A,Y,A,H,A,A,07,E,07,B,,,Y,,C,N,N,D,1,0,0,1,21658.0,2,,,3
2015,2015-08-14,1805,8,2,18,5,N,A,Y,A,H,A,A,08,W,03,C,,,,,C,Y,N,D,2,0,0,0,22350.0,3,,,4
2015,2015-08-20,1513,8,2,15,4,N,A,Y,A,H,A,A,01,N,03,C,,,,,C,N,N,A,1,0,0,0,22350.0,2,37.823043,-121.99377557,4
2015,2015-08-16,750,8,2,7,7,Y,A,N,A,H,A,A,01,,12,D,,Y,,,G,N,N,A,1,0,1,0,22450.0,2,37.89091775,-121.61325753,3
2015,2015-08-06,849,8,2,8,4,N,A,Y,A,H,A,F,26,W,03,C,,,,Y,C,Y,N,D,2,0,0,0,22350.0,3,37.93729234,-122.32624509,4
2015,2015-08-15,655,8,2,6,6,N,A,Y,A,H,A,C,02,E,03,F,,,Y,,A,Y,N,D,1,0,0,1,22350.0,1,38.01357,-121.99728,3
2015,2015-08-19,1828,8,2,18,3,N,A,Y,A,H,A,C,02,E,03,C,,,Y,,C,Y,N,D,1,0,0,1,22350.0,3,38.01130876,-122.010867,2
2015,2015-08-20,920,8,2,9,4,N,A,N,A,H,A,D,22,W,10,G,Y,,,,B,N,N,A,1,1,0,0,21950.0,2,37.88797228,-122.06887044,3
2015,2015-08-13,1818,8,2,18,4,N,A,Y,A,H,A,D,22,W,03,C,,,,,C,Y,N,D,1,0,0,0,22350.0,2,37.87840883,-122.18342091,4
2015,2015-08-08,1905,8,2,19,6,N,A,Y,A,H,A,C,02,W,01,F,,,Y,,A,Y,N,D,1,0,0,1,23152.0,1,37.89331667,-121.79393286,3
2015,2015-08-17,640,8,2,6,1,N,A,Y,A,H,A,C,02,S,08,B,,,Y,,C,Y,N,D,1,0,0,1,22107.0,2,37.94410866,-122.05888497,3
2015,2015-08-17,645,8,2,6,1,N,A,Y,A,D,A,A,08,E,03,C,,,,,C,N,N,D,4,0,0,0,22350.0,3,37.99582477,-121.78203401,4
2015,2015-08-17,1115,8,2,11,1,N,A,Y,A,H,A,F,27,W,07,B,,,,Y,C,N,N,D,1,0,0,0,21658.0,2,38.00944928,-122.0255448,4
2015,2015-08-18,1650,8,2,16,2,N,A,N,A,H,A,A,01,S,09,D,,Y,,,G,N,N,D,1,0,1,0,21801.0,2,37.86134455,-122.03960589,4
2015,2015-08-20,1440,8,2,14,4,N,A,Y,A,H,A,A,01,E,22,B,,,,,C,Y,N,D,1,0,0,0,,3,37.91536118,-122.3173501,4
2015,2015-08-18,1850,8,2,18,2,Y,A,N,A,H,A,A,01,,08,D,,Y,,,G,N,N,A,1,0,1,0,21717.0,2,37.86171999,-122.03981992,4
2015,2015-08-19,915,8,2,9,3,N,A,Y,A,H,A,-,- ,W,18,E,,,,,J,Y,N,D,3,0,0,0,,3,,,4
2015,2015-08-20,1600,8,2,16,4,N,A,Y,A,H,A,D,22,E,03,C,,,,,C,N,N,D,1,0,0,0,22350.0,3,38.00095403,-122.0527595,4
2015,2015-08-20,1535,8,2,15,4,N,A,Y,A,H,A,C,02,W,06,B,,,Y,,C,Y,N,D,1,0,0,1,21755.0,2,37.93681257,-122.32648462,3
2015,2015-08-19,1545,8,2,15,3,N,A,N,A,H,A,L,04,W,09,D,,Y,,,G,N,N,D,1,0,1,0,21804.0,2,37.9973938,-122.07488062,4
2015,2015-08-19,637,8,2,6,3,N,B,Y,A,H,B,-,- ,N,18,E,,,,,I,Y,N,D,1,0,0,0,,1,37.78447628,-121.97922169,4
2019,2019-11-25,1607,11,3,16,1,Y,A,N,A,H,B,A,01,,09,D,,,Y,,C,Y,N,D,1,0,0,1,21801.0,2,37.89352035522461,-122.05593872070312,3
2019,2019-11-20,730,11,3,7,3,-,A,N,A,H,A,A,01,,21,D,,Y,,,G,N,N,D,1,0,1,0,22106.0,2,,,3
2015,2015-08-10,1240,8,2,12,1,N,A,Y,A,H,A,D,22,E,07,B,,,Y,,C,Y,F,D,1,0,0,1,21658.0,2,38.00276306,-122.2809207,3
2015,2015-08-15,1700,8,2,17,6,N,A,N,A,H,A,-,99,E,21,G,Y,,,,B,N,F,D,1,1,0,0,22106.0,2,37.96067742,-122.28215396,3
2015,2015-08-16,1543,8,2,15,7,N,A,Y,A,H,A,-,99,W,07,E,,,,,I,Y,F,D,1,0,0,0,21658.0,2,37.99144113,-122.14200459,3
2015,2015-08-21,1420,8,2,14,5,N,A,Y,A,H,A,A,01,W,07,E,,,,,I,Y,N,D,2,0,0,0,21658.0,2,37.99229714,-122.07624548,4
2015,2015-08-21,1730,8,2,17,5,N,A,N,A,H,A,A,01,S,08,E,,,,,I,Y,N,D,1,0,0,0,22107.0,3,38.03954548,-121.96867222,4
2015,2015-08-21,1440,8,2,14,5,N,A,N,A,H,A,A,01,W,03,C,,,,,C,Y,N,D,4,0,0,0,22350.0,3,37.92644546,-122.06036629,3
2015,2015-08-22,1730,8,2,17,6,N,A,Y,A,H,A,A,01,N,06,A,,Y,,,G,N,N,D,1,0,1,0,21751.0,2,,,2
2015,2015-08-21,1305,8,2,13,5,N,A,Y,A,H,A,D,22,N,03,C,,,,,C,Y,N,D,1,0,0,0,22350.0,4,37.85262478,-122.02883812,4
2015,2015-08-22,1210,8,2,12,6,N,A,Y,A,D,A,D,22,E,03,C,,,,,C,N,N,D,1,0,0,0,22350.0,2,37.99604942,-121.78364747,4
2015,2015-08-25,1720,8,2,17,2,N,A,Y,A,H,A,A,01,E,03,C,,,,,C,Y,N,D,3,0,0,0,22350.0,3,,,4
2015,2015-08-28,810,8,2,8,5,N,A,Y,A,H,A,A,01,E,03,C,,,,,C,N,N,D,1,0,0,0,22350.0,3,38.01876,-121.93457702,4
2015,2015-08-22,1837,8,2,18,6,N,A,N,A,H,A,C,02,E,03,B,,,Y,,C,N,N,A,1,0,0,1,22350.0,2,37.9264273,-122.05676649,3
2015,2015-08-27,2320,8,2,23,4,N,A,Y,A,H,D,-,99,W,07,B,,,,,C,Y,F,D,6,0,0,0,21658.0,2,37.89750923,-122.09724438,4
2015,2015-08-24,642,8,2,6,1,N,A,Y,A,H,B,A,01,N,08,E,,,,,I,Y,N,D,1,0,0,0,22107.0,1,37.87247094,-122.04326603,3
2015,2015-08-21,1655,8,2,16,5,N,A,Y,A,H,A,A,01,E,03,C,,,,,C,Y,N,D,2,0,0,0,22350.0,2,37.89749224,-122.08238041,4
2015,2015-08-22,1855,8,2,18,6,N,A,Y,A,H,A,A,01,E,08,B,,,,,C,Y,N,D,3,0,0,0,22107.0,2,38.02140306,-121.95693139,4
2015,2015-08-13,2234,8,2,22,4,N,A,Y,A,H,D,A,01,N,03,C,,,,,C,Y,N,D,1,0,0,0,22350.0,3,,,4
2015,2015-08-15,900,8,2,9,6,N,A,N,A,H,A,C,02,S,09,F,,,Y,,A,N,N,D,1,0,0,1,21801.0,2,37.96190155,-122.2811357,3
2015,2015-08-16,1345,8,2,13,7,N,A,N,A,H,A,D,22,N,08,A,,,,,C,Y,N,D,2,0,0,0,22107.0,2,37.90484565,-122.22105837,3
2015,2015-08-26,920,8,2,9,3,N,A,Y,A,H,A,D,22,E,07,B,,,Y,,C,Y,N,D,1,0,0,1,21658.0,2,37.99349,-122.30169,3
2015,2015-08-28,1545,8,2,15,5,N,A,Y,A,H,A,A,01,N,03,C,,,,,C,N,N,A,1,0,0,0,22350.0,2,,,4
2015,2015-08-28,2300,8,2,23,5,N,A,Y,A,H,C,A,07,N,03,C,,,,,C,Y,N,D,2,0,0,0,22350.0,2,37.9796,-122.04451,3
2015,2015-08-29,1652,8,2,16,6,N,A,Y,A,H,A,A,01,E,03,C,,,,,C,Y,N,D,2,0,0,0,22350.0,2,38.0104611,-122.01946679,4
2015,2015-08-30,1200,8,2,12,7,N,A,Y,A,H,A,A,01,S,04,C,,,,,C,Y,N,D,1,0,0,0,21703.0,2,,,4
2015,2015-08-23,725,8,2,7,7,N,A,Y,A,H,B,A,01,S,01,E,,,,,I,Y,N,D,1,0,0,0,23152.0,1,37.82696511,-121.99655593,4
2015,2015-08-18,613,8,2,6,2,N,A,Y,A,H,B,A,01,S,08,F,,,,,A,Y,N,D,1,0,0,0,22107.0,1,37.76929787,-121.97142906,3
2015,2015-08-24,1858,8,2,18,1,N,A,Y,A,H,A,D,22,E,03,C,,,,,C,Y,N,D,2,0,0,0,22350.0,2,,,4
2015,2015-08-26,2120,8,2,21,3,N,A,Y,A,H,D,A,01,W,07,B,,,,,C,Y,N,D,1,0,0,0,21658.0,2,37.93306359,-122.32639981,4
2015,2015-08-10,1858,8,2,18,1,Y,A,N,A,H,A,A,01,,12,D,,,,,C,Y,N,A,1,0,0,0,21453.0,3,38.0147899,-121.99884995,4
2015,2015-08-25,2300,8,2,23,2,N,A,Y,A,H,D,A,01,E,08,E,,,,,I,Y,N,D,1,0,0,0,22107.0,1,37.95651695,-122.33007126,4
2015,2015-08-31,1455,8,2,14,1,N,A,Y,A,H,A,A,07,E,03,C,,,,,C,Y,N,D,1,0,0,0,22350.0,2,,,4
2015,2015-08-24,755,8,2,7,1,N,A,N,A,H,A,A,01,W,08,F,,,,,A,Y,N,D,1,0,0,0,22107.0,1,37.87710734,-121.70874518,4
2015,2015-08-25,620,8,2,6,2,N,A,Y,A,H,A,D,22,N,03,C,,,,,C,N,N,A,1,0,0,0,22350.0,4,,,4
2015,2015-09-01,1700,9,3,17,2,N,A,Y,A,D,A,A,01,E,03,C,,,,,C,N,N,D,1,0,0,0,22350.0,2,,,4
2015,2015-09-01,945,9,3,9,2,N,A,Y,A,H,A,A,07,E,03,C,,,,,C,N,N,D,1,0,0,0,22350.0,2,37.88241154,-122.1810009,4
2015,2015-09-02,745,9,3,7,3,N,A,Y,A,H,A,A,01,E,03,C,,,,,C,N,N,A,1,0,0,0,22350.0,2,,,4
2015,2015-09-02,1711,9,3,17,3,N,A,Y,A,H,A,A,01,W,08,C,,,,,C,Y,N,D,1,0,0,0,22107.0,2,,,4
2015,2015-08-22,159,8,2,1,6,N,A,Y,A,H,C,A,01,S,01,C,,,,,E,Y,N,D,1,0,0,0,23152.0,2,37.97039493,-122.0479304,3
2015,2015-08-31,730,8,2,7,1,N,A,Y,A,H,A,A,01,N,03,C,,,,,C,N,N,D,2,0,0,0,22350.0,2,37.96910802,-122.05865991,4
2015,2015-08-26,900,8,2,9,3,N,A,Y,A,H,A,A,07,W,07,B,,,,,C,N,M,D,1,0,0,0,21658.0,2,37.97538566,-122.31862729,4
2015,2015-08-30,1330,8,2,13,7,N,A,Y,A,H,A,A,01,W,04,C,,,,,C,N,N,D,3,0,0,0,21703.0,2,37.93419927,-122.43113067,4
2015,2015-08-24,233,8,2,2,1,N,A,N,A,H,C,A,01,E,08,E,,,,,I,Y,M,D,1,0,0,0,22107.0,1,38.02167769,-122.02628324,4
2015,2015-08-20,1115,8,2,11,4,N,A,N,A,H,A,C,02,N,08,F,,,Y,,A,Y,N,D,1,0,0,1,22107.0,1,37.98395585,-122.06362443,4
2015,2015-09-03,650,9,3,6,4,N,A,Y,A,H,B,A,01,W,07,B,,,Y,,C,Y,N,D,1,0,0,1,21658.0,2,37.99296589,-121.76917768,3
2015,2015-08-31,1440,8,2,14,1,N,A,Y,A,H,A,A,01,N,07,B,,,,,C,Y,N,D,2,0,0,0,21658.0,3,37.96938433,-122.05867892,3
2015,2015-08-19,820,8,2,8,3,N,A,N,A,H,A,A,07,E,05,B,,,,,C,Y,N,D,1,0,0,0,21460.0,2,37.92420702,-121.91113711,4
2015,2015-08-24,1910,8,2,19,1,N,A,Y,A,D,A,A,07,E,03,C,,,,,C,Y,N,D,1,0,0,0,22350.0,3,,,4
2015,2015-08-27,1650,8,2,16,4,N,A,N,A,H,A,A,01,S,03,C,,,,,C,Y,N,D,3,0,0,0,22350.0,2,37.8974088,-121.60223,3
2015,2015-08-28,931,8,2,9,5,N,A,Y,A,H,A,A,07,W,07,B,,,,,C,N,N,D,1,0,0,0,21658.0,3,37.89557145,-122.3084303,4
2015,2015-09-01,1440,9,3,14,2,N,A,Y,A,H,A,A,01,E,03,C,,,,,C,Y,N,D,1,0,0,0,22350.0,2,38.00985594,-122.02043438,4
2015,2015-08-26,705,8,2,7,3,N,A,Y,A,H,A,G,25,E,08,F,,,,Y,A,Y,N,D,1,0,0,0,22107.0,1,37.89609821,-121.64136327,3
2015,2015-09-01,2155,9,3,21,2,Y,A,N,A,H,C,A,07,,12,D,,,,,C,Y,N,A,2,0,0,0,21453.0,2,37.92662991,-122.05477994,3
2015,2015-08-24,828,8,2,8,1,N,A,Y,A,H,A,D,22,S,03,C,,,,,C,Y,N,D,2,0,0,0,22350.0,2,37.80885474,-121.99171031,4
2015,2015-09-02,1840,9,3,18,3,N,A,N,A,H,A,A,01,W,10,G,Y,,,,B,N,N,A,1,1,0,0,21950.0,2,37.92641978,-122.05747734,4
2015,2015-09-04,1744,9,3,17,5,N,A,Y,A,H,A,A,07,E,03,C,,,,,C,N,N,D,1,0,0,0,22350.0,2,38.01168,-121.86727,4
2015,2015-09-04,1715,9,3,17,5,N,A,Y,A,H,A,A,07,E,07,B,,,Y,,C,N,N,D,1,0,0,1,21658.0,2,37.87958904,-122.18253116,4
2015,2015-09-05,659,9,3,6,6,N,A,Y,A,H,A,A,01,E,03,C,,,,,C,N,N,D,1,0,0,0,22350.0,2,37.99336,-122.30162,4
2015,2015-08-30,1924,8,2,19,7,N,A,Y,A,H,A,A,07,N,01,E,,,,,I,Y,N,D,1,0,0,0,23152.0,1,37.94715428,-122.05721567,3
2015,2015-09-02,855,9,3,8,3,N,A,N,A,H,A,L,04,S,03,F,,Y,,,A,N,N,D,1,0,1,0,22350.0,1,37.96302272,-122.20075239,2