ACCIDENT_YEAR,COLLISION_DATE,COLLISION_TIME,MONTH,SEASON,24HOURS,DAY_OF_WEEK,INTERSECTION,WEATHER_1,STATE_HWY_IND,ROAD_SURFACE,ROAD_COND_1,LIGHTING,STWD_VEHTYPE_AT_FAULT,CHP_VEHTYPE_AT_FAULT,DIRECTION,PCF_VIOL_CATEGORY,TYPE_OF_COLLISION,PEDESTRIAN_ACCIDENT,BICYCLE_ACCIDENT,MOTORCYCLE_ACCIDENT,TRUCK_ACCIDENT,MVIW,TOW_AWAY,HIT_AND_RUN,CONTROL_DEVICE,NUMBER_INJURED,COUNT_PED_INJURED,COUNT_BICYCLIST_INJURED,COUNT_MC_INJURED,PCF_VIOLATION,PARTY_COUNT,POINT_Y,POINT_X,COLLISION_SEVERITY
2016,2016-11-26,1500,11,3,15,6,N,C,Y,B,H,A,A,01,W,03,B,,,,,C,N,N,D,1,0,0,0,22350.0,2,37.93064,-122.39227,4
2016,2016-11-13,2054,11,3,20,7,N,A,N,A,H,D,A,01,E,10,G,Y,,,,B,N,N,D,1,1,0,0,21952.0,2,37.96530433,-122.33133674,4
2016,2016-12-01,1723,12,4,17,4,N,A,Y,A,H,D,A,01,E,03,C,,,,,C,Y,N,D,1,0,0,0,22350.0,2,,,3
2016,2016-11-29,1810,11,3,18,2,N,A,Y,A,H,D,A,01,W,03,C,,,,,C,N,N,D,1,0,0,0,22350.0,2,37.97419154,-122.31913338,4
2016,2016-12-01,1550,12,4,15,4,N,A,Y,A,H,A,A,01,E,03,C,,,,,C,Y,N,D,1,0,0,0,22350.0,2,37.96937629,-122.32076216,4
2016,2016-12-01,1840,12,4,18,4,N,A,N,A,H,D,A,01,E,08,E,,,,,J,N,N,D,1,0,0,0,22107.0,1,37.88483201,-121.83231774,4
2016,2016-12-02,1630,12,4,16,5,N,A,Y,A,H,B,A,01,E,03,C,,,,,C,Y,N,D,1,0,0,0,22350.0,2,38.01393,-121.99752,3
2016,2016-12-01,730,12,4,7,4,Y,A,N,A,H,A,A,08,,09,A,,,,,C,Y,N,D,2,0,0,0,21800.0,2,37.99566989,-122.32785986,4
2020,2020-01-07,847,1,4,8,2,Y,A,N,A,H,A,A,01,,12,D,,,,,C,Y,N,A,2,0,0,0,21453.0,2,37.96857833862305,-122.34532928466795,4
2020,2020-01-13,605,1,4,6,1,N,B,N,B,H,C,A,01,S,03,C,,,,,C,N,N,A,1,0,0,0,22350.0,2,37.95090103149414,-122.35710144042967,4
2016,2016-11-29,1440,11,3,14,2,N,A,Y,A,H,A,D,22,E,08,E,,,,,I,Y,N,D,1,0,0,0,22107.0,1,37.89010267,-121.5870294,3
2016,2016-11-30,615,11,3,6,3,N,A,N,A,H,D,A,01,N,08,C,,,,,E,Y,N,D,1,0,0,0,22107.0,3,37.99485458,-121.62511091,4
2016,2016-11-30,750,11,3,7,3,N,A,Y,A,H,A,A,01,S,03,C,,,,,C,Y,N,D,1,0,0,0,22350.0,2,37.82940702,-122.0003381,4
2016,2016-11-27,1837,11,3,18,7,N,A,Y,A,H,C,A,07,E,03,C,,,,,C,Y,N,D,4,0,0,0,22350.0,2,37.9931,-122.07387,4
2016,2016-11-08,1630,11,3,16,2,N,A,Y,A,H,B,A,07,W,03,C,,,,,C,Y,N,D,1,0,0,0,22350.0,3,37.98135754,-122.31662455,4
2016,2016-11-12,2130,11,3,21,6,N,A,Y,A,H,D,D,22,E,01,C,,,,,C,Y,N,D,3,0,0,0,23152.0,2,37.89649193,-121.66632028,3
2016,2016-11-29,1520,11,3,15,2,N,A,Y,A,H,A,A,01,N,03,C,,,,,C,N,N,D,2,0,0,0,22350.0,3,37.95117238,-122.05545716,4
2016,2016-12-03,1310,12,4,13,6,N,A,N,A,H,A,A,01,E,03,C,,,,,C,Y,N,D,1,0,0,0,22350.0,2,37.8965,-121.66875005,4
2016,2016-11-26,345,11,3,3,6,N,B,Y,A,H,C,A,01,S,08,E,,,,,I,Y,M,D,1,0,0,0,22107.0,1,37.83172591,-122.0038961,3
2016,2016-11-29,1745,11,3,17,2,N,A,Y,A,H,C,A,01,W,03,C,,,,,C,Y,N,D,2,0,0,0,22350.0,4,37.92601087,-121.73311801,3
2016,2016-11-23,1235,11,3,12,3,N,A,Y,A,H,A,A,01,S,03,C,,,,,C,Y,N,D,1,0,0,0,22350.0,2,37.98250774,-122.06593213,4
2016,2016-12-05,918,12,4,9,1,N,B,Y,A,H,A,A,07,E,03,C,,,,,C,Y,N,D,1,0,0,0,22350.0,3,37.90686762,-122.31501397,4
2016,2016-11-05,1425,11,3,14,6,N,A,Y,A,H,A,A,01,E,01,C,,,,,C,Y,N,D,1,0,0,0,23152.0,2,37.89905,-122.31293,2
2019,2019-12-29,1010,12,4,10,7,N,C,N,B,H,C,D,22,W,01,E,,,,,I,Y,N,D,1,0,0,0,23152.0,1,37.99992370605469,-121.83146667480467,4
2016,2016-11-29,1113,11,3,11,2,N,A,Y,A,H,A,A,08,E,08,F,,,,,I,Y,N,D,1,0,0,0,22107.0,1,38.02280124,-121.97868723,4
2019,2019-10-05,631,10,3,6,6,Y,A,N,A,H,C,N,60,,11,G,Y,,,,B,N,N,A,1,1,0,0,21456.0,2,37.9615592956543,-121.73259735107422,2
2020,2020-01-23,720,1,4,7,4,Y,A,N,A,H,A,-,,,10,G,Y,,,,B,N,N,A,1,1,0,0,21950.0,2,37.9907112121582,-121.69303894042967,4
2016,2016-12-02,15,12,4,0,5,N,B,Y,A,H,C,A,07,E,08,E,,,,,I,Y,N,D,1,0,0,0,22107.0,1,37.89158334,-122.1445825,3
2020,2020-01-15,1402,1,4,14,3,N,A,N,A,H,A,A,01,S,03,C,,,,Y,C,Y,N,D,1,0,0,0,22350.0,3,37.96038818359375,-122.35653686523438,4
2016,2016-12-03,1605,12,4,16,6,N,A,N,A,H,A,A,01,W,03,C,,,,,C,Y,N,D,1,0,0,0,22350.0,2,38.02323491,-121.9848644,3
2016,2016-12-04,2205,12,4,22,7,N,A,N,A,H,D,A,07,N,08,E,,,,,I,Y,N,D,1,0,0,0,22107.0,1,37.89692803,-121.62301661,4
2016,2016-11-22,1139,11,3,11,2,N,A,Y,A,H,A,A,01,W,08,E,,,,,I,Y,N,D,2,0,0,0,22107.0,1,37.99666371,-121.78869942,3
2016,2016-12-01,1050,12,4,10,4,N,A,Y,A,H,A,D,22,W,08,F,,,,,A,Y,N,D,1,0,0,0,22107.0,1,,,3
2016,2016-11-28,645,11,3,6,1,N,B,Y,B,H,A,A,01,E,08,E,,,,,I,Y,N,D,1,0,0,0,22107.0,1,,,4
2016,2016-12-02,1700,12,4,17,5,N,A,Y,A,H,B,A,01,S,01,E,,,,,I,Y,N,D,1,0,0,0,23152.0,1,38.02525328,-122.11162946,3
2016,2016-11-26,1200,11,3,12,6,N,C,N,B,H,A,A,07,E,09,D,,,,,C,Y,N,D,1,0,0,0,21801.0,2,38.02621288,-122.2650446,4
2016,2016-11-30,2338,11,3,23,3,N,A,Y,A,H,C,A,01,E,08,B,,,,,C,Y,N,D,1,0,0,0,22107.0,2,38.00132759,-122.05238554,4
2016,2016-12-04,1030,12,4,10,7,N,B,Y,A,H,A,A,01,W,07,B,,,,,C,Y,N,D,1,0,0,0,21658.0,2,37.92547395,-121.73287827,4
2016,2016-04-28,2322,4,1,23,4,N,A,Y,A,H,D,K,45,S,08,C,,,,,C,Y,N,A,1,0,0,0,22107.0,2,37.75237755,-121.96057926,1
2016,2016-11-25,2300,11,3,23,5,N,A,Y,A,H,D,A,01,W,01,E,,,,,I,Y,N,D,2,0,0,0,23152.0,1,38.01328473,-121.99865643,3
2016,2016-04-28,2323,4,1,23,4,N,A,Y,A,H,D,-,- ,S,18,C,,,,,C,Y,N,D,1,0,0,0,,2,37.75237755,-121.96057926,4
2016,2016-12-01,1138,12,4,11,4,N,A,Y,A,H,A,A,01,W,03,C,,,,,D,N,N,D,1,0,0,0,22350.0,2,37.99403782,-122.0711564,4
2016,2016-12-02,220,12,4,2,5,N,A,N,A,H,C,A,01,N,03,E,,,,,I,Y,N,D,1,0,0,0,22350.0,1,37.98978,-122.06693,4
2016,2016-12-03,1425,12,4,14,6,N,A,Y,A,H,A,C,02,W,03,E,,,Y,,I,Y,N,D,1,0,0,1,22350.0,1,38.01910041,-121.94291051,4
2019,2019-12-28,1817,12,4,18,6,N,B,Y,A,H,B,A,01,W,03,C,,,,,C,N,N,A,1,0,0,0,22350.0,2,37.981666564941406,-122.04196166992188,4
2016,2016-12-10,917,12,4,9,6,N,C,Y,B,H,A,A,01,S,03,E,,,,,I,Y,N,D,2,0,0,0,22350.0,1,37.80200818,-121.98874135,3
2016,2016-12-06,555,12,4,5,2,N,A,Y,A,H,C,D,22,W,03,C,,,,,C,Y,N,D,2,0,0,0,22350.0,3,38.01983684,-121.95091388,4
2016,2016-12-06,1540,12,4,15,2,N,A,Y,A,H,A,A,07,E,03,C,,,,,C,Y,N,D,3,0,0,0,22350.0,3,38.01879675,-121.93530987,3
2019,2019-12-14,1802,12,4,18,6,N,C,N,B,H,C,A,08,S,03,C,,,,,C,N,N,A,1,0,0,0,22350.0,2,37.94330978393555,-122.029296875,4
2016,2016-12-05,630,12,4,6,1,N,B,Y,B,H,A,C,02,N,03,F,,,Y,,A,Y,N,D,1,0,0,1,22350.0,2,37.91603486,-122.06560084,4
2016,2016-12-07,1615,12,4,16,3,Y,B,N,B,H,A,A,07,,09,D,,,,,C,Y,N,A,1,0,0,0,21800.0,2,37.86802998,-122.01859992,4
2016,2016-12-05,550,12,4,5,1,N,A,Y,A,H,C,-,99,N,07,B,,,,,C,N,M,D,1,0,0,0,21658.0,2,37.96172099,-122.05121542,4
2016,2016-12-03,2155,12,4,21,6,Y,A,N,A,H,C,A,08,,12,D,,,,,C,N,N,A,1,0,0,0,21453.0,2,38.021562,-121.941882,4
2016,2016-12-03,1606,12,4,16,6,N,A,N,A,H,A,A,01,W,03,C,,,,,C,Y,N,D,1,0,0,0,22350.0,3,38.02326447,-121.98480587,3
2016,2016-11-30,1240,11,3,12,3,N,A,Y,A,H,A,A,07,S,07,B,,,,,D,N,N,D,2,0,0,0,21658.0,2,37.98779104,-122.04075032,4
2016,2016-12-08,1857,12,4,18,4,N,B,Y,B,H,C,A,01,S,03,C,,,,,C,Y,N,D,1,0,0,0,22350.0,2,37.95885383,-122.05242731,4
2016,2016-12-07,230,12,4,2,3,N,A,Y,A,H,C,A,01,S,08,E,,,,,I,Y,N,D,1,0,0,0,22107.0,1,37.91229013,-122.06713016,3
2016,2016-12-09,1005,12,4,10,5,N,B,Y,B,H,A,A,01,E,08,E,,,,,I,Y,N,D,1,0,0,0,22107.0,1,37.87186762,-122.19075196,3
2016,2016-12-09,1458,12,4,14,5,N,B,N,A,H,A,A,07,W,03,C,,,,,C,N,N,D,1,0,0,0,22350.0,2,38.00945456,-122.09859294,4
2016,2016-12-05,1810,12,4,18,1,N,A,N,A,H,D,N,60,W,11,G,Y,,,,B,N,N,D,2,2,0,0,21954.0,3,38.03402976,-121.96558084,4
2016,2016-12-10,1410,12,4,14,6,N,C,Y,B,H,A,A,01,E,08,E,,,,,I,Y,N,D,1,0,0,0,22107.0,1,38.00788884,-122.22060339,4
2016,2016-12-05,840,12,4,8,1,N,A,Y,A,H,A,A,01,E,08,E,,,,,I,Y,N,D,1,0,0,0,22107.0,1,,,4
2016,2016-11-08,1458,11,3,14,2,N,A,Y,A,H,A,A,01,W,01,B,,,,,C,Y,N,D,4,0,0,0,23152.0,2,,,3
2016,2016-12-09,48,12,4,0,5,N,C,Y,B,H,C,A,01,E,08,E,,,,,I,Y,N,D,1,0,0,0,22107.0,2,37.86970932,-122.19327174,4
2016,2016-12-09,1750,12,4,17,5,N,B,Y,B,H,C,A,07,N,08,E,,,,,I,Y,N,A,1,0,0,0,22107.0,1,,,4
2016,2016-12-11,435,12,4,4,7,N,A,Y,A,H,C,A,07,N,03,C,,,,,C,N,N,D,1,0,0,0,22350.0,2,37.93338,-122.06035,4
2016,2016-12-07,1625,12,4,16,3,N,B,N,B,H,B,A,01,N,08,F,,,,,A,Y,N,D,1,0,0,0,22107.0,1,37.79346,-121.77647,4
2019,2019-12-22,145,12,4,1,7,N,A,N,A,H,C,A,01,S,01,C,,,,,C,Y,N,A,2,0,0,0,23152.0,2,37.91298675537109,-122.06410217285156,3
2019,2019-12-29,1856,12,4,18,7,N,C,N,B,H,C,A,07,E,08,F,,,,,J,Y,N,D,1,0,0,0,22107.0,1,37.93466567993164,-122.0009994506836,3
2016,2016-12-07,2118,12,4,21,3,N,C,Y,B,H,C,A,01,S,01,A,,,,,C,Y,N,D,1,0,0,0,23152.0,2,,,3
2016,2016-11-24,105,11,3,1,4,N,B,Y,A,H,D,D,22,N,03,D,,,,,E,Y,N,D,1,0,0,0,22350.0,3,37.86385987,-122.03629088,4
2016,2016-12-09,215,12,4,2,5,N,C,Y,B,H,D,D,22,W,08,E,,,,,I,Y,N,D,1,0,0,0,22107.0,1,38.04203701,-122.24254446,3
2016,2016-12-13,535,12,4,5,2,N,A,N,A,H,D,A,01,S,03,C,,,,,C,Y,N,D,1,0,0,0,22350.0,3,37.8875,-121.69648,4
2016,2016-12-14,545,12,4,5,3,N,C,Y,B,H,C,A,07,N,03,C,,,,,C,Y,N,D,2,0,0,0,22350.0,4,37.93166393,-122.06038608,4
2016,2016-12-07,1005,12,4,10,3,N,A,N,A,H,A,M,50,S,07,B,,,,,C,Y,N,D,1,0,0,0,21658.0,2,37.96653134,-122.30597861,4
2016,2016-11-28,800,11,3,8,1,N,B,Y,B,H,A,D,22,S,08,E,,,,,I,Y,N,D,2,0,0,0,22107.0,1,37.99197,-121.75716,2
2016,2016-11-30,1120,11,3,11,3,N,B,Y,A,H,A,A,01,W,08,E,,,,,I,Y,N,A,1,0,0,0,22107.0,1,38.01910086,-121.9434677,4
2016,2016-12-07,2145,12,4,21,3,N,B,Y,B,H,D,A,01,E,08,B,,,,,C,Y,N,D,3,0,0,0,22107.0,3,38.02079369,-121.95409643,4
2016,2016-12-01,1324,12,4,13,4,N,A,N,A,H,A,A,01,W,10,G,Y,,,,B,N,N,D,1,1,0,0,21950.0,2,37.93010105,-122.05643803,4
2016,2016-12-08,704,12,4,7,4,N,C,Y,B,H,A,A,01,W,03,C,,,,,C,N,N,D,1,0,0,0,22350.0,3,,,4
2016,2016-12-12,1855,12,4,18,1,N,B,N,A,H,C,A,01,,09,D,,,,,C,N,N,D,1,0,0,0,21801.0,2,38.02155997,-121.94187986,4
2016,2016-12-14,826,12,4,8,3,N,B,Y,B,H,A,A,01,S,07,B,,,,,C,Y,N,D,1,0,0,0,21658.0,2,37.8907938,-122.06013764,3
2016,2016-12-14,640,12,4,6,3,N,B,Y,B,H,D,-,99,N,03,C,,,,,C,N,M,D,1,0,0,0,22350.0,2,37.96237315,-121.92944066,4
2016,2016-11-27,215,11,3,2,7,N,B,Y,B,H,D,D,22,E,03,C,,,,,C,Y,N,D,3,0,0,0,22350.0,2,37.92780263,-122.3223569,3
2016,2016-12-05,1350,12,4,13,1,N,A,N,A,H,A,A,07,W,08,E,,,,,I,Y,N,A,1,0,0,0,22107.0,1,38.0268,-121.9286378,4
2016,2016-12-09,1547,12,4,15,5,N,A,N,A,H,A,A,07,E,03,C,,,,,C,N,M,D,1,0,0,0,22350.0,2,37.9763046,-122.06396668,4
2016,2016-12-12,2002,12,4,20,1,N,A,Y,A,C,C,A,01,E,03,C,,,,,C,Y,N,D,1,0,0,0,22350.0,2,37.92663434,-122.36632611,3
2016,2016-12-10,1010,12,4,10,6,N,B,Y,B,H,A,A,01,S,08,E,,,,,I,Y,M,D,1,0,0,0,22107.0,2,37.80200818,-121.98874135,4
2016,2016-12-16,1817,12,4,18,5,Y,A,Y,A,H,D,A,01,,12,D,,,,,C,Y,N,A,1,0,0,0,22450.0,2,37.77155993,-121.81035993,3
2016,2016-12-07,1948,12,4,19,3,N,C,Y,B,H,C,A,01,W,01,B,,,,,C,Y,F,D,2,0,0,0,23152.0,2,37.92538724,-122.32107287,2
2016,2016-12-12,22,12,4,0,1,N,A,Y,A,H,D,A,01,S,03,C,,,,,C,Y,M,D,1,0,0,0,22350.0,2,37.77152,-121.97225,3
2016,2016-12-03,1921,12,4,19,6,N,A,Y,A,H,D,A,01,E,03,C,,,,,C,Y,N,D,1,0,0,0,22350.0,2,38.01511352,-121.88113787,4
2016,2016-12-09,615,12,4,6,5,N,C,Y,B,H,A,D,22,S,03,E,,,,,I,Y,N,D,1,0,0,0,22350.0,1,37.96493563,-122.05525,4
2016,2016-12-12,2000,12,4,20,1,N,A,Y,A,H,C,A,01,E,08,E,,,,,I,Y,N,D,1,0,0,0,22107.0,1,37.92663434,-122.36632611,3
2016,2016-12-11,1921,12,4,19,7,N,A,Y,A,H,A,-,- ,E,07,B,,,,,C,N,N,D,1,0,0,0,21658.0,3,37.99604942,-121.78364747,4
2016,2016-12-15,1458,12,4,14,4,N,C,Y,B,H,A,A,01,E,08,E,,,,,I,N,N,D,1,0,0,0,22107.0,1,37.92702597,-122.36724629,4
2016,2016-12-15,730,12,4,7,4,N,C,Y,B,H,A,B,01,E,03,B,,,,,C,Y,N,D,1,0,0,0,22350.0,2,,,4
2016,2016-12-15,2345,12,4,23,4,N,C,Y,B,H,C,A,01,E,08,E,,,,,I,Y,N,D,1,0,0,0,22107.0,1,37.88375649,-122.17954668,3
2016,2016-12-17,447,12,4,4,6,N,A,Y,A,H,C,A,01,E,01,E,,,,Y,I,Y,M,D,1,0,0,0,23152.0,2,37.98020666,-122.31702267,3
2016,2016-12-15,710,12,4,7,4,N,B,N,B,H,A,D,22,N,21,C,,,,,C,N,N,A,1,0,0,0,22106.0,2,38.0241523,-121.98348113,4
2016,2016-12-13,615,12,4,6,2,N,A,Y,A,H,B,-,99,E,04,C,,,,,C,N,M,D,1,0,0,0,21703.0,2,38.0191249,-121.93840785,4
2016,2016-12-06,1900,12,4,19,2,N,A,N,A,H,C,A,07,W,01,C,,,,,C,Y,N,A,3,0,0,0,23152.0,2,37.96414654,-122.31843728,4
2016,2016-12-10,155,12,4,1,6,N,B,Y,B,H,D,A,01,E,01,E,,,,,I,Y,N,D,1,0,0,0,23152.0,1,,,2
2016,2016-12-13,2220,12,4,22,2,N,C,Y,B,H,C,A,01,W,03,B,,,,,C,Y,N,D,1,0,0,0,22350.0,3,37.95575026,-122.32966696,4
2016,2016-12-14,415,12,4,4,3,N,C,Y,B,H,C,A,01,W,03,A,,,,,C,Y,N,D,2,0,0,0,22350.0,3,37.96427389,-122.32610816,3
2016,2016-12-08,1908,12,4,19,4,N,C,N,B,H,D,A,01,N,05,D,,,,,C,Y,N,D,3,0,0,0,21651.0,4,37.96236003,-121.92946672,4
2016,2016-12-20,1835,12,4,18,2,N,A,Y,A,H,C,-,99,E,03,C,,,,,C,N,F,D,1,0,0,0,22350.0,3,37.95327391,-122.328238,4
2016,2016-12-10,135,12,4,1,6,N,C,Y,B,H,C,A,07,E,03,C,Y,,,,C,Y,N,D,1,1,0,0,22350.0,3,37.89536476,-122.11375597,4
2016,2016-12-09,1,12,4,0,5,N,B,Y,B,H,C,-,- ,W,18,E,,,,,I,Y,N,D,1,0,0,0,,1,38.01720709,-121.88973799,2
2016,2016-12-12,322,12,4,3,1,N,A,Y,A,H,C,A,07,W,07,B,,,,,C,Y,N,D,2,0,0,0,21658.0,2,38.02069011,-121.95448484,4
2019,2019-10-11,419,10,3,4,5,N,A,N,A,H,C,A,01,W,05,B,,,,,E,Y,N,D,1,0,0,0,21650.0,2,37.999858856201165,-121.82602691650392,4
2016,2016-12-01,30,12,4,0,4,N,A,N,A,H,C,A,01,W,01,E,,,,,I,Y,F,D,4,0,0,0,23152.0,1,37.97754774,-122.06228312,2
2016,2016-12-17,1635,12,4,16,6,N,A,N,A,H,A,A,01,W,05,A,,,,,C,Y,N,D,1,0,0,0,21650.0,2,37.935729,-122.25864809,4
2016,2016-10-18,808,10,3,8,2,N,A,Y,A,H,A,N,60,S,11,G,Y,,,,B,N,N,D,1,1,0,0,21954.0,3,37.8964,-122.07058,1
2016,2016-12-08,720,12,4,7,4,Y,C,N,B,H,A,A,07,,12,D,,,,,C,Y,N,A,1,0,0,0,21453.0,2,38.02722997,-122.26556996,4
2016,2016-12-16,1555,12,4,15,5,N,A,Y,A,H,C,A,01,N,03,C,,,,,C,N,N,D,1,0,0,0,22350.0,2,37.93662553,-122.06013159,4
2020,2020-02-23,1732,2,4,17,7,N,A,N,A,H,A,N,60,,11,-,Y,,,,B,Y,N,A,1,1,0,0,21954.0,2,37.96649169921875,-121.99748229980467,4
2016,2016-12-20,1728,12,4,17,2,N,A,Y,A,H,D,A,01,S,03,C,,,,,C,Y,N,D,2,0,0,0,22350.0,3,37.76968747,-121.97163665,4
2020,2020-02-24,1345,2,4,13,1,Y,A,Y,A,H,A,-,- ,,12,D,,,,,C,Y,N,A,2,0,0,0,21453.0,2,37.99527740478516,-122.03900909423828,3
2016,2016-12-16,1400,12,4,14,5,N,A,N,A,H,A,A,07,W,21,C,,,,,C,Y,N,D,1,0,0,0,22106.0,2,38.01714392,-121.88962968,4
2016,2016-12-04,224,12,4,2,7,N,A,Y,A,H,D,A,01,W,01,C,,,,,C,Y,N,D,2,0,0,0,23152.0,3,38.02143562,-121.95818001,4
2016,2016-11-20,213,11,3,2,7,N,B,Y,B,H,D,D,22,W,01,E,,,,,I,Y,M,D,1,0,0,0,23152.0,1,37.99530934,-122.14441127,3
2016,2016-12-14,2125,12,4,21,3,N,B,Y,B,H,D,-,- ,W,18,E,,,,,I,Y,N,D,1,0,0,0,,1,37.99501974,-122.29087125,3
2016,2016-12-20,1853,12,4,18,2,N,A,Y,A,H,C,A,01,E,03,C,,,,,C,Y,N,D,1,0,0,0,22350.0,2,37.9931,-122.07387,4
2016,2016-12-15,1341,12,4,13,4,N,B,Y,B,H,A,A,01,E,03,E,,,,,I,Y,N,D,1,0,0,0,22350.0,1,37.89286558,-122.1669227,4
2016,2016-12-08,703,12,4,7,4,N,C,N,B,H,A,A,01,E,03,C,,,,,C,Y,N,D,1,0,0,0,22350.0,3,37.87418662,-121.72414449,4
2016,2016-12-19,730,12,4,7,1,N,A,Y,A,H,A,A,01,S,03,C,,,,,A,N,N,D,1,0,0,0,22350.0,2,37.86190755,-122.03385755,4
2020,2020-01-06,1255,1,4,12,1,Y,A,N,A,H,A,A,01,,22,E,,,,,I,Y,N,A,1,0,0,0,,1,37.75926971435546,-121.90550231933594,3
2016,2016-12-19,730,12,4,7,1,N,A,Y,A,H,A,F,27,S,03,C,,,,Y,C,Y,N,D,1,0,0,0,22350.0,2,37.95789694,-122.05245124,3
2016,2016-12-19,1510,12,4,15,1,N,A,Y,A,H,A,A,01,N,09,D,,,,,C,Y,N,D,1,0,0,0,21804.0,2,37.89027373,-121.62308393,4
2016,2016-12-20,1541,12,4,15,2,N,A,Y,A,H,A,A,01,S,03,C,,,,,C,Y,N,D,2,0,0,0,22350.0,3,37.79204132,-121.98279178,4
2016,2016-12-22,1415,12,4,14,4,N,A,Y,A,H,A,D,22,S,03,C,,,,,C,N,N,D,1,0,0,0,22350.0,2,37.80586126,-121.99044728,4
2016,2016-12-17,812,12,4,8,6,N,A,Y,A,H,A,A,07,N,08,E,,,,,I,Y,N,D,2,0,0,0,22107.0,1,37.83636686,-122.01172177,4
2016,2016-12-17,1308,12,4,13,6,N,A,Y,A,H,A,A,01,E,07,B,,,,,C,N,N,D,1,0,0,0,21658.0,4,37.89772262,-122.08214426,4
2016,2016-12-18,1720,12,4,17,7,N,A,Y,A,H,C,A,01,S,08,D,,,Y,,C,N,N,D,1,0,0,1,22107.0,2,38.01480176,-121.64058,4
2016,2016-12-18,1950,12,4,19,7,Y,A,Y,A,H,D,A,01,,12,D,,,,,C,Y,N,D,2,0,0,0,21453.0,2,37.89038992,-121.64093,4
2016,2016-12-18,1045,12,4,10,7,N,A,Y,A,H,A,A,01,W,03,C,,,,,C,N,N,D,1,0,0,0,22350.0,2,37.99764,-121.80625,4
2016,2016-12-18,104,12,4,1,7,N,A,Y,A,H,C,A,01,S,03,D,,,,,C,Y,N,A,2,0,0,0,22350.0,2,37.89016117,-121.64122412,3
2016,2016-12-19,1915,12,4,19,1,N,A,Y,A,H,C,D,22,,03,C,,,,,C,N,N,D,1,0,0,0,22350.0,2,37.99744988,-122.03840996,4
2016,2016-12-19,1010,12,4,10,1,Y,A,N,A,H,A,A,01,,08,G,Y,,,,B,N,N,D,1,1,0,0,22107.0,2,37.86601991,-122.02800999,4
2016,2016-12-20,1435,12,4,14,2,N,A,Y,A,H,A,A,07,E,03,C,,,,,C,Y,N,D,2,0,0,0,22350.0,4,37.89039127,-122.13636068,4
2016,2016-12-14,1816,12,4,18,3,N,B,N,B,H,D,A,01,E,01,E,,,,,I,Y,N,D,1,0,0,0,23152.0,1,37.96710323,-122.12462791,3
2016,2016-12-21,1620,12,4,16,3,N,A,Y,A,H,B,A,01,E,03,C,,,,,C,Y,N,D,1,0,0,0,22350.0,2,37.9199304,-121.73213121,4
2016,2016-12-22,940,12,4,9,4,N,A,Y,A,D,A,A,07,E,03,C,,,,,C,Y,N,A,2,0,0,0,22350.0,5,38.05213718,-122.22814884,4
2016,2016-12-23,650,12,4,6,5,N,C,Y,B,H,C,A,01,W,03,C,,,,,C,N,N,D,1,0,0,0,22350.0,2,38.01983684,-121.95091388,4
2016,2016-12-24,1455,12,4,14,6,N,A,Y,A,H,A,A,01,,03,C,,,,,C,N,N,D,1,0,0,0,22350.0,2,37.99466993,-122.0698799,4
2016,2016-12-16,1355,12,4,13,5,N,A,N,A,H,A,A,08,S,21,C,,,,,C,N,N,A,1,0,0,0,22106.0,2,37.99818478,-122.24898577,4
2016,2016-12-24,45,12,4,0,6,N,B,Y,B,H,D,A,01,N,03,C,,,,,C,N,N,D,2,0,0,0,22350.0,2,,,4
2016,2016-12-20,2359,12,4,23,2,N,A,Y,A,H,C,A,01,W,08,E,,,,,I,Y,N,D,3,0,0,0,22107.0,1,37.9912525,-122.08280241,4
2016,2016-12-21,1956,12,4,19,3,N,A,Y,A,H,D,A,01,N,03,C,,,,,C,Y,N,D,2,0,0,0,22350.0,3,,,3
2016,2016-12-22,1617,12,4,16,4,N,A,Y,A,H,A,A,01,W,01,C,,,,,C,Y,N,D,1,0,0,0,23152.0,2,38.01258963,-122.00250682,4
2016,2016-12-23,1940,12,4,19,5,N,B,Y,B,H,D,A,01,E,03,C,,,,,C,Y,N,D,1,0,0,0,22350.0,2,37.97053493,-122.32036563,4
2016,2016-12-22,845,12,4,8,4,N,A,Y,A,H,A,A,01,W,08,E,,,,,I,Y,N,D,1,0,0,0,22107.0,1,38.01911844,-121.94292165,4
2016,2016-12-21,1610,12,4,16,3,N,A,Y,A,H,A,A,07,N,03,C,,,,,C,Y,N,D,1,0,0,0,22350.0,2,37.90283624,-122.06997402,3
2016,2016-12-21,1722,12,4,17,3,N,A,Y,A,H,D,A,08,N,03,C,,,,,C,N,N,D,1,0,0,0,22350.0,3,37.9738122,-122.06264369,4
2016,2016-12-20,1745,12,4,17,2,N,A,Y,A,H,D,A,07,E,03,C,,,,,C,N,N,D,1,0,0,0,22350.0,3,37.86993321,-122.19296979,4
2016,2016-12-23,1225,12,4,12,5,N,C,Y,B,H,A,A,07,W,03,E,,,,,I,Y,N,D,1,0,0,0,22350.0,1,37.89225258,-122.15453702,3
2016,2016-12-23,1429,12,4,14,5,N,B,Y,B,H,A,A,01,S,08,E,,,,,I,Y,N,D,1,0,0,0,22107.0,1,,,4
2016,2016-12-21,945,12,4,9,3,N,A,N,A,H,A,A,07,S,08,E,,,,,I,Y,N,D,1,0,0,0,22107.0,1,37.97479,-121.91232,4
2016,2016-12-25,2240,12,4,22,7,N,A,Y,A,H,C,A,01,N,03,C,,,,,C,Y,N,D,1,0,0,0,22350.0,2,37.86524746,-121.66769068,4
2016,2016-12-15,1415,12,4,14,4,N,B,Y,B,H,A,A,01,E,03,C,,,,,C,Y,N,A,2,0,0,0,22350.0,2,37.90942678,-122.31651299,3