ACCIDENT_YEAR,COLLISION_DATE,COLLISION_TIME,MONTH,SEASON,24HOURS,DAY_OF_WEEK,INTERSECTION,WEATHER_1,STATE_HWY_IND,ROAD_SURFACE,ROAD_COND_1,LIGHTING,STWD_VEHTYPE_AT_FAULT,CHP_VEHTYPE_AT_FAULT,DIRECTION,PCF_VIOL_CATEGORY,TYPE_OF_COLLISION,PEDESTRIAN_ACCIDENT,BICYCLE_ACCIDENT,MOTORCYCLE_ACCIDENT,TRUCK_ACCIDENT,MVIW,TOW_AWAY,HIT_AND_RUN,CONTROL_DEVICE,NUMBER_INJURED,COUNT_PED_INJURED,COUNT_BICYCLIST_INJURED,COUNT_MC_INJURED,PCF_VIOLATION,PARTY_COUNT,POINT_Y,POINT_X,COLLISION_SEVERITY
2018,2018-02-25,1510,2,4,15,7,N,A,Y,A,H,A,D,22,E,03,C,,,,,C,N,M,D,1,0,0,0,22350.0,2,38.023048400878906,-121.9655990600586,4
2018,2018-02-25,1603,2,4,16,7,N,A,Y,A,H,A,-,99,W,03,C,,,,,C,Y,F,D,5,0,0,0,22350.0,3,38.03607940673828,-122.24969482421876,4
2018,2018-02-26,1252,2,4,12,1,N,A,N,A,H,A,A,01,E,09,D,,,,,C,N,N,D,1,0,0,0,21801.0,2,38.011985778808594,-122.10511779785156,4
2018,2018-02-26,1030,2,4,10,1,N,A,Y,A,H,A,D,22,S,03,C,,,,,C,Y,N,D,1,0,0,0,22350.0,3,37.921722412109375,-122.06159973144533,4
2018,2018-02-26,835,2,4,8,1,N,B,Y,B,H,E,A,01,N,03,C,,,,,C,Y,N,D,1,0,0,0,22350.0,2,37.948429107666016,-122.057373046875,4
2018,2018-02-27,1550,2,4,15,2,N,A,Y,A,H,A,A,01,E,03,C,,,,,C,Y,N,D,1,0,0,0,22350.0,2,38.011680603027344,-121.86727142333984,4
2018,2018-02-24,1855,2,4,18,6,N,A,Y,A,H,D,A,01,W,03,C,,,,,C,Y,N,D,5,0,0,0,22350.0,4,37.95258712768555,-122.32786560058594,4
2018,2018-02-27,650,2,4,6,2,N,A,Y,A,H,A,A,08,W,03,C,,,,,C,Y,M,D,1,0,0,0,22350.0,3,37.98543930053711,-122.315673828125,4
2018,2018-02-20,1408,2,4,14,2,N,A,Y,A,H,A,A,01,E,07,B,,,,,C,Y,N,D,2,0,0,0,21658.0,4,38.014263153076165,-121.87763214111328,3
2018,2018-03-01,2225,3,1,22,4,N,B,N,B,H,D,A,01,N,03,E,,,,,I,Y,N,D,1,0,0,0,22350.0,1,37.97003555297852,-121.92256927490234,4
2018,2018-03-01,410,3,1,4,4,N,C,Y,B,H,D,A,01,N,03,E,,,,,C,Y,N,D,3,0,0,0,22350.0,2,37.90291595458984,-122.07022857666016,3
2018,2018-03-03,1530,3,1,15,6,N,B,N,B,H,A,A,01,W,08,E,,,,,I,Y,N,D,1,0,0,0,22107.0,1,37.76082992553711,-121.98884582519533,4
2018,2018-03-01,1845,3,1,18,4,N,A,Y,A,H,C,A,01,E,01,E,,,,,I,Y,N,D,1,0,0,0,23152.0,1,37.90623474121094,-122.31900787353516,2
2018,2018-02-20,710,2,4,7,2,N,A,N,A,H,A,A,01,N,03,C,,,,,C,Y,N,D,2,0,0,0,22350.0,4,37.965240478515625,-121.9277572631836,4
2018,2018-02-26,726,2,4,7,1,N,B,Y,B,H,B,A,01,E,07,B,,,Y,,C,Y,N,D,1,0,0,1,21658.0,2,37.91183853149414,-122.31751251220705,4
2018,2018-02-28,450,2,4,4,3,N,A,Y,A,H,D,C,02,E,16,F,,,Y,,I,N,N,D,1,0,0,1,24002.0,1,37.928035736083984,-122.32292938232422,3
2018,2018-02-23,731,2,4,7,5,N,A,N,A,H,A,A,08,E,21,C,,,,,C,N,N,A,1,0,0,0,22106.0,2,37.943458557128906,-122.06336212158205,4
2018,2018-02-25,1401,2,4,14,7,N,A,Y,A,H,A,A,01,E,08,C,,,,,C,Y,N,D,1,0,0,0,22107.0,2,,,3
2018,2018-02-26,1515,2,4,15,1,N,B,N,A,H,A,C,02,S,03,C,,,Y,,C,N,N,D,1,0,0,1,22350.0,2,38.01433181762695,-121.99821472167967,2
2018,2018-02-26,550,2,4,5,1,N,B,Y,B,H,D,D,22,E,08,F,,,,,A,Y,N,D,1,0,0,0,22107.0,1,,,3
2018,2018-03-01,955,3,1,9,4,N,B,Y,B,H,A,A,01,W,08,E,,,,,I,N,N,D,1,0,0,0,22107.0,1,38.01318359375,-121.99916839599608,4
2018,2018-02-26,1140,2,4,11,1,N,B,Y,A,H,A,A,01,W,08,F,,,,,A,Y,N,D,1,0,0,0,22107.0,1,37.989700317382805,-122.13536834716795,3
2018,2018-02-26,650,2,4,6,1,N,B,Y,B,H,B,A,01,E,07,B,,,,,C,Y,N,D,1,0,0,0,21658.0,2,,,3
2018,2018-03-01,1301,3,1,13,4,N,B,Y,B,H,A,A,01,E,08,E,,,,,I,Y,N,D,2,0,0,0,22107.0,1,38.018802642822266,-121.9290771484375,3
2018,2018-03-01,645,3,1,6,4,N,B,Y,B,H,B,A,01,W,03,C,,,,,C,N,N,D,1,0,0,0,22350.0,2,,,4
2018,2018-03-01,1240,3,1,12,4,N,B,Y,B,H,A,A,01,S,03,C,,,,,D,N,N,D,1,0,0,0,22350.0,2,37.92593383789063,-122.06055450439452,4
2018,2018-03-02,1325,3,1,13,5,N,C,Y,B,H,A,A,01,W,08,E,,,,,I,Y,N,D,2,0,0,0,22107.0,3,38.022022247314446,-122.26277923583984,4
2018,2018-03-02,1055,3,1,10,5,N,B,Y,A,H,A,A,01,,08,E,,,,,I,Y,N,D,1,0,0,0,22107.0,1,37.89049530029297,-122.13475036621094,2
2018,2018-03-03,1150,3,1,11,6,N,A,Y,B,H,A,A,01,N,03,C,,,,,C,Y,M,D,1,0,0,0,22350.0,4,37.95172500610352,-122.05520629882812,4
2018,2018-03-03,1805,3,1,18,6,N,B,N,B,H,B,D,22,W,09,D,,,,,C,N,N,D,1,0,0,0,21804.0,2,38.012916564941406,-122.11854553222656,4
2018,2018-03-02,2110,3,1,21,5,N,C,Y,B,H,D,A,07,E,08,E,,,,,I,Y,N,D,1,0,0,0,22107.0,1,38.00678253173828,-122.166015625,4
2018,2018-03-02,1445,3,1,14,5,N,C,Y,B,H,A,A,07,W,03,E,,,,,I,Y,N,D,1,0,0,0,22350.0,1,,,3
2018,2018-02-26,1615,2,4,16,1,N,C,N,B,H,A,A,01,S,09,B,,,,,C,N,N,D,1,0,0,0,21801.0,2,37.84781646728516,-122.03111267089844,4
2018,2018-02-26,1600,2,4,16,1,Y,B,N,B,H,A,N,60,,11,G,Y,,,,B,N,N,A,1,1,0,0,21954.0,2,38.02458953857422,-121.96597290039062,3
2018,2018-03-01,810,3,1,8,4,N,B,Y,B,H,A,A,01,S,07,C,,,,,C,Y,N,A,2,0,0,0,21658.0,2,,,4
2018,2018-03-05,1206,3,1,12,1,Y,A,Y,A,H,A,G,27,,12,D,,,,Y,C,Y,N,A,1,0,0,0,21453.0,2,37.89038848876953,-121.64093017578124,3
2018,2018-02-27,1448,2,4,14,2,N,A,Y,A,H,A,A,07,W,08,B,,,,,C,Y,F,D,2,0,0,0,22107.0,3,37.997268676757805,-121.79244232177734,3
2020,2020-02-19,1557,2,4,15,3,-,A,N,A,H,A,A,01,,08,D,,,,,C,N,N,D,1,0,0,0,22107.0,2,37.96284103393555,-122.35117340087892,4
2018,2018-03-08,1630,3,1,16,4,N,A,Y,A,H,A,D,22,S,03,C,,,,,C,N,N,D,2,0,0,0,22350.0,3,37.81891250610352,-121.99320220947266,4
2018,2018-03-01,1030,3,1,10,4,N,C,Y,B,H,A,A,01,N,08,E,,,,,I,Y,N,D,1,0,0,0,22107.0,3,37.97959899902344,-122.04450988769533,3
2018,2018-03-05,40,3,1,0,1,N,A,Y,A,H,B,A,01,E,08,F,,,,,I,N,N,D,1,0,0,0,22107.0,1,37.99715805053711,-122.06249237060548,4
2018,2018-02-27,1335,2,4,13,2,Y,A,Y,A,H,A,-,31,,03,F,,,,,A,N,N,D,1,0,0,0,22350.0,1,37.895950317382805,-121.64136505126952,3
2018,2018-03-03,1312,3,1,13,6,N,B,Y,B,H,A,D,22,W,03,C,,,,,C,N,N,D,2,0,0,0,22350.0,3,37.89224624633789,-122.1293716430664,4
2018,2018-03-07,1615,3,1,16,3,N,A,N,A,H,A,A,01,S,03,C,,,,,C,Y,N,D,1,0,0,0,22350.0,2,37.895145416259766,-121.71158599853516,4
2018,2018-03-07,50,3,1,0,3,N,A,Y,A,H,D,A,01,E,01,E,,,,,I,Y,N,D,1,0,0,0,23152.0,1,38.03911590576172,-121.96676635742188,3
2018,2018-03-09,1215,3,1,12,5,N,B,Y,A,H,A,A,01,S,08,A,,,,,C,N,N,D,1,0,0,0,22107.0,2,,,4
2018,2018-03-01,1025,3,1,10,4,N,C,Y,B,H,A,A,01,N,03,B,,,,,C,Y,N,D,2,0,0,0,22350.0,2,38.0367317199707,-122.11709594726562,3
2018,2018-03-04,1230,3,1,12,7,N,A,Y,A,H,A,A,07,W,03,C,,,,,C,Y,N,D,1,0,0,0,22350.0,2,38.037551879882805,-122.2485580444336,4
2018,2018-03-09,1430,3,1,14,5,N,A,Y,A,H,A,C,02,S,03,B,,,Y,,C,Y,N,D,1,0,0,1,22350.0,3,37.862838745117195,-122.0349578857422,3
2018,2018-02-08,1520,2,4,15,4,N,A,Y,A,H,A,A,01,W,07,B,,,,,C,N,M,D,2,0,0,0,21658.0,2,37.94100570678711,-122.32437133789062,4
2018,2018-03-04,1555,3,1,15,7,N,A,Y,A,H,A,A,01,E,08,C,,,,,C,Y,N,D,1,0,0,0,22107.0,2,,,3
2020,2020-02-09,1544,2,4,15,7,N,A,N,A,H,A,A,01,E,03,C,,,,,C,Y,N,A,1,0,0,0,22350.0,3,37.96311569213867,-122.33245849609376,4
2018,2018-03-04,1725,3,1,17,7,N,A,Y,A,H,A,-,99,W,07,F,,,Y,,A,N,M,D,1,0,0,0,21658.0,2,37.85971450805664,-122.21112823486328,3
2020,2020-02-18,940,2,4,9,2,N,A,N,A,H,A,A,01,E,08,D,,,,,C,Y,N,D,1,0,0,0,22107.0,3,37.9737663269043,-122.35043334960938,3
2018,2018-03-01,2100,3,1,21,4,N,C,Y,B,H,D,A,01,E,03,E,,,,,I,Y,N,D,1,0,0,0,22350.0,1,38.014766693115234,-121.99427795410156,4
2018,2018-03-06,1920,3,1,19,2,N,A,N,A,H,C,A,01,E,03,C,,,,,C,N,N,D,2,0,0,0,22350.0,2,37.96428298950195,-122.3177490234375,4
2018,2018-02-23,1815,2,4,18,5,N,A,Y,A,H,B,D,22,W,03,C,,,,,C,Y,M,D,1,0,0,0,22350.0,4,37.99693298339844,-122.28626251220705,4
2018,2018-03-01,1305,3,1,13,4,N,B,Y,B,H,A,D,22,W,03,C,,,,,C,N,N,D,2,0,0,0,22350.0,2,37.892723083496094,-122.1606674194336,4
2018,2018-03-01,150,3,1,1,4,N,C,Y,B,H,D,A,01,W,08,E,,,,,I,Y,N,D,2,0,0,0,22107.0,1,37.913772583007805,-122.32515716552734,2
2018,2018-02-26,1802,2,4,18,1,N,B,N,B,H,C,A,01,E,03,C,,,,,C,N,N,A,2,0,0,0,22350.0,2,37.9781379699707,-122.06126403808594,4
2018,2018-03-05,2258,3,1,22,1,N,A,Y,A,H,C,A,01,N,03,C,,,,,C,Y,N,D,2,0,0,0,22350.0,2,37.94845199584961,-122.05696105957033,4
2018,2018-03-05,2259,3,1,22,1,N,A,Y,A,H,C,A,01,N,03,C,,,,,C,Y,N,D,1,0,0,0,22350.0,2,37.94848251342773,-122.05694580078124,2
2018,2018-03-06,900,3,1,9,2,N,A,Y,A,H,A,A,01,W,03,C,,,,,C,Y,N,D,1,0,0,0,22350.0,2,37.892311096191406,-122.15493011474608,4
2018,2018-03-12,1740,3,1,17,1,N,B,Y,B,H,A,D,22,N,03,E,,,,,I,Y,N,D,1,0,0,0,22350.0,1,37.97930908203125,-122.04364776611328,4
2020,2020-04-03,2130,4,1,21,5,N,A,N,A,H,C,-,- ,W,00,D,,,,,C,Y,F,A,1,0,0,0,,2,37.98128128051758,-122.01995086669922,4
2020,2020-04-13,2253,4,1,22,1,Y,A,N,-,H,C,D,22,,17,D,,,,,C,Y,N,A,3,0,0,0,21657.0,2,37.97819900512695,-122.03063201904295,4
2018,2018-03-03,1305,3,1,13,6,N,B,Y,B,H,A,F,26,N,08,E,,,,Y,I,Y,N,D,1,0,0,0,22107.0,1,37.98329925537109,-122.04153442382812,2
2018,2018-03-05,2300,3,1,23,1,N,A,Y,A,H,C,A,01,N,03,C,,,,,C,Y,N,D,1,0,0,0,22350.0,2,37.94819259643555,-122.05707550048828,3
2018,2018-03-07,2120,3,1,21,3,N,A,N,A,H,D,A,01,S,08,F,,,,,A,Y,N,D,1,0,0,0,22107.0,1,37.891849517822266,-121.70742797851562,3
2018,2018-03-01,2045,3,1,20,4,N,C,Y,B,H,C,D,22,E,03,B,,,,,C,Y,N,D,1,0,0,0,22350.0,2,37.882678985595696,-122.1802215576172,4
2018,2018-02-18,1545,2,4,15,7,N,A,Y,A,H,A,A,01,W,08,C,,,,,C,Y,N,D,1,0,0,0,22107.0,1,38.05117416381836,-122.22952270507812,3
2018,2018-02-28,1312,2,4,13,3,N,B,Y,A,D,A,A,01,E,03,C,,,,Y,C,Y,N,A,3,0,0,0,22350.0,2,38.007606506347656,-122.16761016845705,2
2018,2018-03-06,1730,3,1,17,2,N,A,Y,A,H,A,A,01,S,21,C,,,,,C,N,N,D,1,0,0,0,22106.0,2,37.926300048828125,-122.05970001220705,4
2018,2018-03-08,910,3,1,9,4,N,B,Y,B,H,A,G,25,E,03,C,,,,Y,C,N,N,D,1,0,0,0,22350.0,2,37.99827194213867,-122.28508758544922,4
2018,2018-03-13,837,3,1,8,2,N,C,Y,B,H,A,-,99,E,03,C,,,,,C,N,F,D,1,0,0,0,22350.0,3,37.97964477539063,-122.31728363037108,4
2018,2018-03-08,1505,3,1,15,4,N,B,N,A,H,A,C,02,W,03,F,,,Y,,A,N,N,D,1,0,0,1,22350.0,1,37.91180419921875,-121.88166809082033,4
2018,2018-03-08,810,3,1,8,4,N,B,Y,B,H,A,A,01,E,08,E,,,,,I,Y,N,D,1,0,0,0,22107.0,1,,,3
2018,2018-03-08,2020,3,1,20,4,N,A,N,A,H,D,D,22,S,07,B,,,,,C,Y,N,D,1,0,0,0,21658.0,2,37.80599212646485,-121.67274475097656,3
2020,2020-03-21,2154,3,1,21,6,N,A,N,A,H,C,D,22,S,03,E,,,,,I,Y,N,A,1,0,0,0,22350.0,1,37.9954833984375,-121.89740753173828,2
2018,2018-03-07,650,3,1,6,3,N,B,Y,A,H,B,D,22,E,07,C,,,,,C,Y,N,D,2,0,0,0,21658.0,2,37.99827194213867,-122.28508758544922,4
2018,2018-03-07,1430,3,1,14,3,N,A,N,A,H,A,-,99,E,10,A,Y,,,,B,N,M,D,2,2,0,0,21950.0,3,37.98053359985352,-122.2969207763672,4
2018,2018-03-12,1615,3,1,16,1,N,A,Y,A,H,A,D,22,S,03,C,,,,,C,N,N,D,1,0,0,0,22350.0,2,37.90177917480469,-122.0701141357422,4
2018,2018-03-12,550,3,1,5,1,N,A,Y,A,H,C,A,01,W,03,C,,,,,C,Y,N,D,3,0,0,0,22350.0,4,38.01455307006836,-122.27027130126952,4
2018,2018-03-08,1510,3,1,15,4,N,A,N,A,H,A,H,14,S,03,C,,,,,C,N,N,A,2,0,0,0,22350.0,2,37.99879455566406,-122.1321029663086,4
2018,2018-03-14,705,3,1,7,3,N,B,Y,B,H,B,A,01,S,03,C,,,,,C,N,N,D,1,0,0,0,22350.0,2,37.93048095703125,-122.06040954589844,4
2018,2018-03-14,1440,3,1,14,3,N,B,Y,B,H,A,A,01,E,08,E,,,,,I,Y,N,D,1,0,0,0,22107.0,1,38.01120376586913,-121.86448669433594,4
2018,2018-03-09,955,3,1,9,5,N,A,Y,A,H,A,A,01,S,03,C,,,,,C,N,N,D,1,0,0,0,22350.0,2,37.848831176757805,-122.02815246582033,4
2017,2017-11-06,1506,11,3,15,1,N,A,N,A,H,A,A,01,S,03,C,,,,,C,Y,N,D,1,0,0,0,22350.0,3,37.8875,-121.69648,1
2018,2018-03-13,1810,3,1,18,2,N,C,Y,B,H,A,A,01,W,03,E,,,,,I,Y,N,D,1,0,0,0,22350.0,1,38.01152038574219,-122.0122528076172,4
2018,2018-03-15,1335,3,1,13,4,N,C,Y,B,H,A,A,01,W,03,E,,,,,J,Y,N,D,1,0,0,0,22350.0,1,38.02104949951172,-122.26368713378906,4
2018,2018-03-13,1325,3,1,13,2,N,B,Y,A,H,A,H,13,W,03,C,,,,,C,N,N,A,1,0,0,0,22350.0,2,38.01652908325195,-121.88996887207033,3
2018,2018-03-14,1750,3,1,17,3,N,A,N,A,H,A,A,01,N,03,C,,,,,C,Y,N,D,1,0,0,0,22350.0,2,37.981739044189446,-122.06728363037108,4
2018,2018-03-03,1205,3,1,12,6,N,B,Y,B,H,A,A,01,W,03,C,,,,,C,N,N,D,1,0,0,0,22350.0,2,37.99301910400391,-122.07410430908205,4
2018,2018-03-11,2205,3,1,22,7,N,A,Y,A,H,C,A,01,E,07,C,,,,,C,Y,N,D,3,0,0,0,21658.0,2,,,4
2020,2020-04-19,1111,4,1,11,7,N,A,N,A,H,A,A,01,E,08,B,,,,,C,Y,N,D,1,0,0,0,22107.0,2,,,4
2018,2018-02-25,1600,2,4,16,7,N,A,Y,A,H,A,A,07,W,07,D,,,,,C,Y,F,D,2,0,0,0,21658.0,4,38.0426025390625,-122.24172973632812,4
2018,2018-03-11,1050,3,1,10,7,N,A,Y,A,H,A,-,- ,S,18,H,,,,,A,Y,N,D,2,0,0,0,,2,37.87815856933594,-122.04815673828124,4
2018,2018-03-11,705,3,1,7,7,N,A,Y,A,H,A,A,01,S,08,E,,,,,I,Y,N,D,1,0,0,0,22107.0,1,37.96615982055664,-122.04908752441406,3
2018,2018-03-12,1205,3,1,12,1,N,A,Y,A,H,A,A,08,S,08,E,,,,,I,Y,N,D,1,0,0,0,22107.0,1,37.99343490600586,-122.06897735595705,4
2018,2018-03-08,800,3,1,8,4,N,B,Y,A,H,A,A,01,S,03,C,,,,,C,Y,N,D,1,0,0,0,22350.0,2,38.024879455566406,-122.11093902587892,4
2018,2018-03-14,1755,3,1,17,3,N,B,Y,A,H,A,-,99,E,03,C,,,,,C,Y,F,D,2,0,0,0,22350.0,5,37.92575073242188,-122.32171630859376,4
2018,2018-03-08,1729,3,1,17,4,N,A,Y,A,H,A,C,02,N,03,B,,,Y,,C,N,N,D,1,0,0,1,22350.0,3,37.89070129394531,-122.05998992919922,3
2018,2018-03-17,1335,3,1,13,6,N,C,Y,B,H,A,A,01,S,08,E,,,,,I,Y,N,D,1,0,0,0,22107.0,1,37.79875183105469,-121.98723602294922,3
2018,2018-03-14,620,3,1,6,3,N,B,N,B,H,D,D,22,E,08,E,,,,,I,Y,N,D,1,0,0,0,22107.0,1,38.01613998413086,-121.99547576904295,4
2018,2018-03-15,155,3,1,1,4,N,A,Y,A,H,C,A,01,S,08,E,,,,,I,Y,N,D,1,0,0,0,22107.0,1,37.911235809326165,-122.06751251220705,2
2018,2018-03-16,928,3,1,9,5,N,B,Y,B,H,A,A,01,W,03,C,,,,,C,N,N,D,1,0,0,0,22350.0,3,,,4
2018,2018-03-16,1655,3,1,16,5,N,B,Y,B,H,A,A,01,S,03,C,,,,,C,N,N,D,1,0,0,0,22350.0,2,37.96663284301758,-122.0488739013672,4
2018,2018-03-16,1525,3,1,15,5,N,C,Y,B,H,A,A,01,E,03,C,,,,,C,N,N,D,1,0,0,0,22350.0,4,38.01952362060546,-121.92366027832033,4
2018,2018-03-17,1318,3,1,13,6,N,B,Y,B,H,A,A,01,E,03,C,,,,,C,N,M,D,2,0,0,0,22350.0,2,37.99309921264648,-122.07386779785156,4
2018,2018-03-18,1630,3,1,16,7,N,B,Y,A,H,A,-,- ,W,18,B,,,,,I,Y,N,D,1,0,0,0,,1,37.995803833007805,-122.28849792480467,4
2018,2018-03-01,830,3,1,8,4,N,B,N,B,H,A,A,07,N,03,E,,,,,I,Y,N,D,3,0,0,0,22350.0,1,37.96326446533203,-121.92836761474608,1
2018,2018-03-18,850,3,1,8,7,N,A,Y,A,H,A,A,01,,08,D,,,,,C,Y,N,D,1,0,0,0,22107.0,2,37.88736724853516,-122.17778778076172,4
2018,2018-03-19,1020,3,1,10,1,N,A,Y,A,H,A,-,99,W,03,C,,,,,C,N,M,D,1,0,0,0,22350.0,2,38.0189208984375,-121.94792938232422,4
2018,2018-03-09,1623,3,1,16,5,N,A,N,A,H,A,A,01,S,08,B,,,,,C,Y,N,D,1,0,0,0,22107.0,2,37.96215438842773,-121.92979431152344,3
2018,2018-03-11,808,3,1,8,7,N,A,Y,A,H,A,-,- ,E,18,E,,,,,I,N,N,D,1,0,0,0,,1,37.9434814453125,-121.74137115478516,4
2018,2018-03-04,1645,3,1,16,7,N,A,Y,A,H,A,A,07,E,08,B,,,,,C,N,M,D,1,0,0,0,22107.0,2,38.0036735534668,-122.04290008544922,3
2017,2017-10-04,802,10,3,8,3,N,A,Y,A,H,A,A,07,W,03,C,,,,,C,Y,N,D,3,0,0,0,22350.0,7,38.01755068,-121.89123213,1
2017,2017-10-07,2214,10,3,22,6,N,A,N,A,H,D,D,22,N,05,A,,,,,C,Y,N,D,4,0,0,0,21460.0,2,37.99170415,-121.94897659,1
2018,2018-03-14,2240,3,1,22,3,N,A,N,A,H,D,A,01,N,08,F,,,,,A,Y,N,D,1,0,0,0,22107.0,1,37.933780670166016,-121.77788543701172,3
2018,2018-03-06,1935,3,1,19,2,N,A,Y,A,H,C,A,01,W,08,E,,,,,I,N,N,D,2,0,0,0,22107.0,1,38.00221252441406,-122.0487823486328,3
2018,2018-03-14,915,3,1,9,3,N,C,Y,B,H,A,A,07,N,03,C,,,,Y,C,Y,N,D,2,0,0,0,22350.0,2,37.95076751708984,-122.0559539794922,4
2018,2018-03-15,1125,3,1,11,4,N,B,Y,B,H,A,A,01,W,07,B,,,,,C,Y,N,D,1,0,0,0,21658.0,2,37.89820861816406,-122.08546447753906,4
2018,2018-03-20,1710,3,1,17,2,N,C,N,B,H,A,A,07,S,03,C,,,,,C,Y,N,D,7,0,0,0,22350.0,2,38.02630615234375,-121.9420166015625,4
2018,2018-03-21,855,3,1,8,3,N,B,Y,B,H,A,A,01,W,03,C,,,,,C,N,N,D,1,0,0,0,22350.0,2,37.99771118164063,-121.80628967285156,4
2018,2018-03-16,1140,3,1,11,5,Y,B,N,B,H,A,A,01,,03,F,,,,,A,N,N,D,1,0,0,0,22350.0,1,37.90599822998047,-121.87413787841795,4
2018,2018-03-18,1945,3,1,19,7,N,A,Y,A,H,D,-,- ,N,18,B,,,,,C,Y,N,D,1,0,0,0,,2,37.73325347900391,-121.94791412353516,4
2018,2018-03-18,1409,3,1,14,7,N,A,Y,A,H,A,-,- ,N,18,E,,,,,J,Y,N,D,3,0,0,0,,1,37.95814514160156,-122.0524673461914,4
2018,2018-03-15,2055,3,1,20,4,Y,C,N,B,H,C,-,- ,,00,D,,,,,C,Y,N,A,2,0,0,0,,2,38.00674819946289,-122.09050750732422,4
2018,2018-03-21,915,3,1,9,3,N,B,Y,B,H,A,A,01,W,03,C,,,,,C,Y,N,D,2,0,0,0,22350.0,3,37.93264389038086,-122.40781402587892,3
2018,2018-03-03,505,3,1,5,6,Y,A,Y,A,H,C,A,01,,08,A,,,,,C,Y,F,A,4,0,0,0,22107.0,2,38.02677917480469,-121.95731353759766,2
2018,2018-03-13,933,3,1,9,2,N,C,Y,B,H,A,J,48,W,03,B,,,,,C,Y,N,D,2,0,0,0,22350.0,2,38.015769958496094,-122.18006896972656,3
2020,2020-04-17,1900,4,1,19,5,N,A,N,A,H,A,A,07,W,08,E,,,,,I,N,N,A,1,0,0,0,22107.0,1,38.006141662597656,-121.83985900878906,4
2020,2020-04-11,1717,4,1,17,6,Y,A,N,A,H,A,A,01,,12,D,,,,,C,Y,N,A,1,0,0,0,21453.0,2,37.99549102783203,-121.89740753173828,4
2018,2018-03-13,812,3,1,8,2,N,B,Y,B,H,A,A,01,W,03,C,,,,,C,N,N,D,2,0,0,0,22350.0,2,37.89082717895508,-122.14651489257812,4
2018,2018-03-16,1615,3,1,16,5,N,B,Y,B,H,A,D,22,N,07,C,,,,Y,C,Y,N,D,1,0,0,0,21658.0,5,37.970901489257805,-122.06014251708984,4
2018,2018-03-21,840,3,1,8,3,N,B,Y,B,H,A,A,01,E,03,C,,,,,C,Y,N,D,2,0,0,0,22350.0,3,38.014694213867195,-122.26982879638672,4
2018,2018-03-21,2210,3,1,22,3,N,C,Y,B,H,C,A,01,E,08,E,,,,,I,Y,N,D,1,0,0,0,22107.0,1,37.88302993774414,-122.17999267578124,4
2018,2018-03-16,1620,3,1,16,5,N,B,Y,B,H,A,A,01,N,03,C,,,,Y,C,Y,F,D,2,0,0,0,22350.0,3,37.981758117675774,-122.06594848632812,4
2018,2018-03-20,1545,3,1,15,2,N,B,N,B,H,A,A,01,S,03,E,,,,,I,Y,N,D,1,0,0,0,22350.0,1,37.976593017578125,-121.906982421875,4
2018,2018-03-20,1940,3,1,19,2,N,B,Y,B,H,D,D,22,E,03,E,,,,,I,Y,N,D,1,0,0,0,22350.0,1,37.99137878417969,-122.12664031982422,4
2018,2018-03-21,630,3,1,6,3,N,C,Y,B,H,C,D,22,N,03,E,,,,,J,Y,N,D,1,0,0,0,22350.0,1,37.99991989135742,-122.03812408447266,4
2018,2018-03-24,1530,3,1,15,6,Y,B,N,A,H,A,A,01,,09,D,,Y,,,G,N,N,D,1,0,1,0,21801.0,2,37.851745,-122.027601,4
2018,2018-03-24,1405,3,1,14,6,N,B,Y,A,H,A,A,01,N,03,C,,,,,C,Y,N,D,4,0,0,0,22350.0,3,37.94831848144531,-122.05669403076172,4
2018,2018-03-15,1910,3,1,19,4,N,B,Y,B,H,D,A,01,S,03,C,,,,,C,Y,M,D,1,0,0,0,22350.0,3,37.91485977172852,-122.06606292724608,4
2018,2018-03-20,1610,3,1,16,2,N,C,Y,B,H,A,A,07,N,07,B,,,,,C,Y,N,D,1,0,0,0,21658.0,2,37.96728515625,-122.05715942382812,3
2018,2018-02-11,1447,2,4,14,7,N,A,N,A,H,A,-,99,E,03,C,,,,,C,Y,F,A,1,0,0,0,22350.0,2,37.96316909790039,-122.3737564086914,4
2018,2018-03-22,509,3,1,5,4,N,C,Y,B,H,C,A,07,W,03,A,,,,,J,Y,N,D,1,0,0,0,22350.0,1,37.91559982299805,-122.32682037353516,3
2018,2018-03-23,2255,3,1,22,5,N,B,N,A,H,C,A,01,S,01,E,,,,,I,Y,N,D,1,0,0,0,23152.0,1,37.74444961547852,-121.8717803955078,3