ACCIDENT_YEAR,COLLISION_DATE,COLLISION_TIME,MONTH,SEASON,24HOURS,DAY_OF_WEEK,INTERSECTION,WEATHER_1,STATE_HWY_IND,ROAD_SURFACE,ROAD_COND_1,LIGHTING,STWD_VEHTYPE_AT_FAULT,CHP_VEHTYPE_AT_FAULT,DIRECTION,PCF_VIOL_CATEGORY,TYPE_OF_COLLISION,PEDESTRIAN_ACCIDENT,BICYCLE_ACCIDENT,MOTORCYCLE_ACCIDENT,TRUCK_ACCIDENT,MVIW,TOW_AWAY,HIT_AND_RUN,CONTROL_DEVICE,NUMBER_INJURED,COUNT_PED_INJURED,COUNT_BICYCLIST_INJURED,COUNT_MC_INJURED,PCF_VIOLATION,PARTY_COUNT,POINT_Y,POINT_X,COLLISION_SEVERITY
2018,2018-04-16,1600,4,1,16,1,N,C,Y,B,H,A,-,- ,W,18,E,,,,,I,Y,N,D,1,0,0,0,,1,38.00129699707031,-121.82823181152344,4
2018,2018-04-16,600,4,1,6,1,N,B,Y,A,H,B,A,07,W,08,C,,,,,E,Y,N,D,2,0,0,0,22107.0,4,37.909194946289055,-122.31633758544922,4
2018,2018-04-16,755,4,1,7,1,N,B,N,A,H,A,A,01,E,09,D,,,,,C,Y,N,D,2,0,0,0,21804.0,4,38.04047775268555,-121.9738311767578,4
2018,2018-02-23,155,2,4,1,5,Y,A,Y,A,H,C,C,02,,01,D,,,Y,Y,C,Y,N,A,0,0,0,0,23152.0,2,37.88945007324219,-121.6230697631836,1
2018,2018-04-16,728,4,1,7,1,N,B,Y,A,H,A,C,02,W,08,B,,,Y,,C,Y,N,D,1,0,0,1,22107.0,3,38.02214050292969,-121.98020935058594,4
2018,2018-04-13,1450,4,1,14,5,N,A,Y,A,H,A,A,01,E,03,C,,,,,C,N,N,A,2,0,0,0,22350.0,2,37.90082931518555,-122.31063079833984,4
2018,2018-04-12,2109,4,1,21,4,N,A,N,A,H,C,A,01,S,05,A,,,,,C,Y,N,D,1,0,0,0,21460.0,2,37.865211486816406,-121.66764068603516,4
2018,2018-04-15,250,4,1,2,7,N,A,Y,A,H,D,A,01,W,03,C,,,,,C,Y,F,D,1,0,0,0,22350.0,2,37.890811920166016,-122.14684295654295,4
2020,2020-02-20,1745,2,4,17,4,N,A,Y,A,H,B,A,01,S,00,C,,,,,C,Y,N,A,1,0,0,0,22016.0,2,37.91561126708984,-122.3115692138672,4
2018,2018-04-12,1815,4,1,18,4,N,A,Y,A,H,A,A,01,S,07,B,,,,,C,N,N,D,2,0,0,0,21658.0,2,37.806167602539055,-121.99057006835938,4
2018,2018-04-13,1600,4,1,16,5,N,A,Y,A,H,A,C,02,E,03,F,,,Y,,A,Y,N,D,1,0,0,1,22350.0,1,37.966773986816406,-122.32190704345705,4
2020,2020-01-06,710,1,4,7,1,N,A,N,A,H,B,A,01,S,08,D,,,,,C,Y,N,D,1,0,0,0,22107.0,2,37.93130111694336,-122.32269287109376,4
2018,2018-04-14,1020,4,1,10,6,N,A,N,A,H,A,A,01,N,03,B,,,,,C,Y,N,A,1,0,0,0,22350.0,4,37.991226196289055,-122.33236694335938,3
2018,2018-04-14,500,4,1,5,6,N,A,Y,A,H,D,A,01,W,01,C,,,,,C,Y,N,D,1,0,0,0,23152.0,2,37.991748809814446,-122.3080596923828,4
2018,2018-04-14,1730,4,1,17,6,N,A,Y,A,H,A,A,01,W,08,E,,,,,I,Y,N,D,1,0,0,0,22107.0,1,37.92714691162109,-122.3791275024414,3
2018,2018-04-08,1108,4,1,11,7,N,A,N,A,H,A,L,04,E,03,F,,Y,,,A,N,M,D,1,0,1,0,22350.0,1,37.90873336791992,-122.20758819580078,2
2018,2018-04-08,350,4,1,3,7,N,B,Y,A,H,C,A,01,E,01,C,,,,,C,Y,N,D,1,0,0,0,23152.0,2,37.91189193725586,-122.31731414794922,3
2018,2018-04-09,850,4,1,8,1,N,B,N,A,H,A,A,01,E,09,D,,,,,C,N,N,D,1,0,0,0,21804.0,2,37.9663314819336,-122.30854034423828,4
2018,2018-04-14,1155,4,1,11,6,N,A,Y,A,H,A,A,01,E,03,D,,,,,C,Y,N,D,1,0,0,0,22350.0,3,,,4
2018,2018-04-12,707,4,1,7,4,N,A,Y,A,H,A,C,02,N,03,C,,,Y,,C,Y,N,D,1,0,0,1,22350.0,2,37.99566650390625,-122.07129669189452,3
2018,2018-04-13,2015,4,1,20,5,N,A,N,A,H,D,A,07,N,03,C,,,,,C,Y,N,D,1,0,0,0,22350.0,2,37.797977447509766,-121.67733764648438,4
2018,2018-04-13,1810,4,1,18,5,N,A,Y,A,H,A,A,07,E,03,C,,,,,C,N,F,D,1,0,0,0,22350.0,2,38.019378662109375,-121.94064331054688,4
2018,2018-04-16,1320,4,1,13,1,N,B,Y,B,H,A,D,22,W,08,E,,,,,I,Y,N,D,1,0,0,0,22107.0,1,38.00564956665039,-122.15887451171876,4
2018,2018-04-11,555,4,1,5,3,Y,B,Y,A,H,C,D,22,,12,D,,,,,C,Y,N,A,1,0,0,0,21453.0,2,,,4
2018,2018-04-20,1210,4,1,12,5,N,A,Y,A,H,A,-,- ,W,18,E,,,,,H,N,N,D,1,0,0,0,,1,,,3
2018,2018-04-20,730,4,1,7,5,N,A,N,A,H,A,A,07,W,05,A,,,,,C,Y,N,D,2,0,0,0,21460.0,2,37.94889831542969,-122.26891326904295,3
2018,2018-04-21,1247,4,1,12,6,N,A,Y,A,H,A,A,01,S,03,C,,,,,C,N,N,D,1,0,0,0,22350.0,2,37.860595703125,-122.0326690673828,3
2018,2018-04-22,2235,4,1,22,7,N,A,Y,A,H,C,A,01,N,03,C,,,,,C,N,N,D,1,0,0,0,22350.0,2,37.894004821777344,-122.0670166015625,4
2018,2018-04-21,1310,4,1,13,6,N,A,Y,A,H,A,A,07,S,03,C,,,,,C,Y,N,D,1,0,0,0,22350.0,2,37.85026931762695,-122.02860260009766,4
2020,2020-04-30,1815,4,1,18,4,N,A,N,A,H,A,A,01,W,03,C,,,,,C,Y,M,A,1,0,0,0,22350.0,2,37.92525100708008,-122.34772491455078,4
2018,2018-04-24,633,4,1,6,2,N,A,Y,A,H,A,A,01,W,03,C,,,,,C,Y,N,D,1,0,0,0,22350.0,3,37.99776077270508,-121.8068389892578,4
2018,2018-04-17,2040,4,1,20,2,N,A,Y,A,H,D,A,01,S,08,B,,,,,C,Y,N,D,1,0,0,0,22107.0,2,37.996360778808594,-122.03865814208984,4
2020,2020-04-19,1700,4,1,17,7,Y,A,Y,A,H,A,L,04,,05,B,,Y,,,G,N,N,A,1,0,1,0,21650.0,2,37.90291595458984,-122.31228637695312,3
2018,2018-04-21,1404,4,1,14,6,N,A,Y,A,H,A,-,- ,N,18,E,,,,,I,Y,N,D,2,0,0,0,,1,37.78570556640625,-121.97992706298828,4
2018,2018-04-05,1814,4,1,18,4,N,B,Y,B,H,A,A,01,E,01,C,,,,,C,Y,M,D,1,0,0,0,23152.0,2,37.86551284790039,-122.20766448974608,4
2018,2018-04-14,1100,4,1,11,6,N,A,N,A,H,A,D,22,S,08,E,,,,,I,Y,N,D,1,0,0,0,22107.0,1,37.76960754394531,-121.8269271850586,2
2018,2018-04-11,1631,4,1,16,3,N,B,Y,A,H,A,C,02,E,03,C,,,Y,,C,Y,N,D,1,0,0,1,22350.0,2,37.89762878417969,-122.0930404663086,3
2020,2020-04-15,1423,4,1,14,3,Y,A,N,A,H,A,A,01,,12,D,,,,,C,Y,N,A,2,0,0,0,21453.0,2,37.94205093383789,-122.32827758789062,3
2018,2018-04-18,1640,4,1,16,3,N,A,Y,A,H,A,A,01,E,03,C,,,,,C,Y,N,D,2,0,0,0,22350.0,3,37.993412017822266,-122.0735321044922,4
2018,2018-04-25,1055,4,1,10,3,N,A,N,A,H,A,A,07,E,06,B,,,,Y,C,N,N,D,1,0,0,0,21750.0,2,37.83892059326172,-122.02922058105467,4
2017,2017-11-25,2007,11,3,20,6,N,A,Y,A,H,D,A,01,E,01,B,,,,,C,Y,F,D,6,0,0,0,23152.0,5,37.95105045,-122.32712244,1
2020,2020-03-04,830,3,1,8,3,N,A,Y,A,H,A,A,01,W,09,D,,,,,C,Y,N,D,1,0,0,0,21801.0,2,37.973575592041016,-122.06221771240234,4
2018,2018-04-27,650,4,1,6,5,N,A,Y,A,H,A,C,02,W,03,C,,,Y,,C,Y,N,D,1,0,0,1,22350.0,2,37.91507339477539,-122.31753540039062,3
2018,2018-04-21,2352,4,1,23,6,N,A,Y,A,H,C,A,01,S,08,E,,,,,I,Y,N,D,1,0,0,0,22107.0,1,37.83889389038086,-122.01549530029295,4
2018,2018-04-06,1540,4,1,15,5,N,C,Y,B,H,A,D,22,W,03,D,,,,,C,Y,N,D,1,0,0,0,22350.0,3,37.89755630493164,-122.10009002685548,3
2018,2018-04-06,1541,4,1,15,5,N,C,Y,B,H,A,A,01,W,03,C,,,,,C,Y,N,D,1,0,0,0,22350.0,2,37.89754867553711,-122.1001205444336,4
2018,2018-04-17,1752,4,1,17,2,N,A,Y,A,H,A,A,07,E,03,C,,,,,C,Y,N,D,1,0,0,0,22350.0,3,37.89175796508789,-122.15392303466795,4
2018,2018-04-18,1532,4,1,15,3,N,A,Y,A,H,A,A,01,N,03,C,,,,,C,Y,N,D,1,0,0,0,22350.0,3,37.856895446777344,-122.03066253662108,4
2018,2018-04-19,1729,4,1,17,4,N,A,Y,A,H,A,A,07,E,03,C,,,,,C,Y,N,D,3,0,0,0,22350.0,3,37.892215728759766,-122.1277313232422,4
2020,2020-02-17,1809,2,4,18,1,N,A,Y,A,H,C,A,01,E,04,C,,,,,C,Y,N,D,1,0,0,0,21703.0,4,37.9246826171875,-122.32015228271484,4
2018,2018-04-05,1824,4,1,18,4,N,B,Y,B,H,A,A,01,E,01,C,,,,,C,Y,N,D,1,0,0,0,23152.0,2,37.87948989868164,-122.1825714111328,4
2018,2018-04-21,2204,4,1,22,6,N,A,Y,A,H,C,A,01,E,03,C,,,,,C,Y,N,D,3,0,0,0,22350.0,3,38.00066375732422,-122.28286743164062,4
2018,2018-04-22,2045,4,1,20,7,N,A,Y,A,H,D,A,01,S,01,C,,,,,C,Y,M,D,1,0,0,0,23152.0,2,37.75735092163086,-121.9638671875,4
2018,2018-04-22,1710,4,1,17,7,N,A,Y,A,H,A,A,01,W,01,E,,,,,I,Y,M,D,1,0,0,0,23152.0,1,38.0200309753418,-121.90281677246094,3
2018,2018-04-23,1255,4,1,12,1,N,A,N,A,C,A,A,01,S,03,C,,,,,C,Y,N,A,2,0,0,0,22350.0,2,37.93735122680664,-122.25926971435548,4
2018,2018-04-30,810,4,1,8,1,N,A,N,A,H,A,A,01,S,08,E,,,,,I,Y,N,D,1,0,0,0,22107.0,1,37.96446990966797,-122.36676025390624,3
2018,2018-04-24,1928,4,1,19,2,N,A,Y,A,H,A,A,01,E,03,C,,,,,C,Y,N,D,1,0,0,0,22350.0,2,38.00366973876953,-122.04192352294922,4
2018,2018-04-20,1550,4,1,15,5,N,A,N,A,H,A,D,22,E,03,C,,,,,C,N,N,A,1,0,0,0,22350.0,2,38.02678298950195,-121.95425415039062,4
2018,2018-04-24,1541,4,1,15,2,N,A,Y,A,H,A,D,22,W,03,C,,,,,C,Y,N,D,1,0,0,0,22350.0,4,37.89252471923828,-122.1264419555664,4
2018,2018-04-25,837,4,1,8,3,N,A,Y,A,H,A,A,07,E,03,C,,,,,C,Y,N,D,3,0,0,0,22350.0,3,38.010250091552734,-121.8603973388672,3
2018,2018-04-30,1230,4,1,12,1,N,A,Y,A,H,A,A,01,E,08,E,,,,,I,Y,N,D,1,0,0,0,22107.0,1,37.903297424316406,-122.31255340576172,3
2018,2018-04-25,2012,4,1,20,3,N,A,N,A,H,D,-,- ,N,18,A,,,,,C,Y,N,D,2,0,0,0,,2,37.81169891357422,-121.57763671875,4
2018,2018-04-25,1451,4,1,14,3,N,A,Y,A,H,A,A,01,S,03,C,,,,,C,Y,N,D,1,0,0,0,22350.0,3,37.90039443969727,-122.07038879394533,4
2018,2018-04-21,815,4,1,8,6,N,A,Y,A,H,A,-,99,S,07,F,,,,,A,Y,N,D,1,0,0,0,21658.0,2,37.89915084838867,-122.07064819335938,4
2020,2020-02-24,1347,2,4,13,1,Y,A,N,A,H,A,A,01,,12,D,,,,,C,N,N,A,2,0,0,0,21453.0,2,37.97969818115234,-122.03015899658205,3
2018,2018-04-25,650,4,1,6,3,N,B,Y,A,H,B,A,01,W,08,E,,,,,I,Y,N,D,1,0,0,0,22107.0,1,38.00787734985352,-122.2204132080078,3
2018,2018-04-25,1655,4,1,16,3,N,A,Y,A,H,A,A,01,S,03,C,,,,,C,Y,N,D,3,0,0,0,22350.0,4,,,4
2018,2018-04-25,832,4,1,8,3,N,A,Y,A,H,A,A,01,E,03,C,,,,,C,Y,N,D,1,0,0,0,22350.0,2,38.010250091552734,-121.8603973388672,4
2018,2018-04-18,929,4,1,9,3,N,B,N,A,H,A,A,07,N,06,B,,,,,C,N,N,D,1,0,0,0,21750.0,2,38.017623901367195,-122.11792755126952,4
2018,2018-04-21,1320,4,1,13,6,N,A,Y,A,H,A,A,07,S,01,C,,,,,C,Y,N,D,1,0,0,0,23152.0,2,37.7577018737793,-121.96379852294922,4
2018,2018-04-26,520,4,1,5,4,N,A,N,A,H,D,J,49,S,08,E,,,,,I,Y,N,D,1,0,0,0,22107.0,1,37.913455963134766,-121.76570129394533,2
2018,2018-04-26,735,4,1,7,4,Y,A,N,A,H,A,A,07,,09,D,,,,,C,Y,N,A,2,0,0,0,21802.0,2,37.88201904296875,-121.77735137939452,4
2018,2018-04-26,1400,4,1,14,4,N,A,Y,A,H,A,A,01,E,08,E,,,,,I,Y,N,D,2,0,0,0,22107.0,1,38.03476333618164,-122.25119018554688,4
2018,2018-04-26,1340,4,1,13,4,N,A,Y,A,H,A,A,07,S,21,C,,,,,C,N,N,D,1,0,0,0,22106.0,2,37.91231918334961,-122.06712341308594,4
2018,2018-04-26,1050,4,1,10,4,N,A,Y,A,H,A,A,01,E,21,C,,,,,C,Y,N,A,1,0,0,0,22106.0,2,38.01595306396485,-122.27236175537108,4
2018,2018-05-02,1510,5,1,15,3,N,A,Y,A,H,A,A,01,E,03,C,,,,Y,C,Y,N,D,1,0,0,0,22350.0,2,38.060001373291016,-122.22510528564452,3
2018,2018-04-27,2250,4,1,22,5,N,A,Y,A,H,C,A,01,W,01,C,,,,,C,Y,N,D,1,0,0,0,23152.0,2,38.019916534423835,-121.90895080566406,4
2018,2018-04-21,2228,4,1,22,6,N,A,Y,A,H,C,A,01,W,07,C,,,,,C,Y,N,A,3,0,0,0,21658.0,2,,,4
2018,2018-04-12,1635,4,1,16,4,N,A,Y,A,H,A,A,07,N,01,E,,,,,I,Y,N,D,1,0,0,0,23152.0,1,37.896438598632805,-122.07216644287108,3
2018,2018-04-14,1810,4,1,18,6,N,A,Y,A,H,A,C,02,S,08,B,,,Y,,C,Y,N,D,1,0,0,1,22107.0,2,37.91465759277344,-122.06653594970705,2
2018,2018-04-26,1820,4,1,18,4,N,A,Y,A,H,A,C,02,N,08,F,,,Y,,A,Y,N,D,1,0,0,1,22107.0,2,37.86833190917969,-122.04020690917967,4
2018,2018-04-26,2104,4,1,21,4,Y,A,N,A,H,A,L,04,,12,D,,Y,,,C,N,N,D,1,0,1,0,21453.0,2,38.02677917480469,-121.95731353759766,4
2018,2018-04-26,845,4,1,8,4,N,A,Y,A,H,A,-,- ,N,00,B,,,Y,,C,Y,N,D,1,0,0,1,,2,37.814701080322266,-121.99349212646484,3
2018,2018-04-27,1340,4,1,13,5,N,A,Y,A,H,A,A,01,S,03,C,,,,,C,Y,N,D,2,0,0,0,22350.0,2,37.84132766723633,-122.01940155029295,4
2018,2018-04-27,1525,4,1,15,5,N,A,Y,A,H,A,A,01,E,03,C,,,,,C,Y,N,D,1,0,0,0,22350.0,6,38.013797760009766,-121.99671936035156,3
2018,2018-04-29,1225,4,1,12,7,N,A,N,A,H,A,A,07,N,08,B,,,,,C,Y,N,D,2,0,0,0,22107.0,3,38.022655487060554,-121.9369659423828,4
2018,2018-04-27,1800,4,1,18,5,N,A,Y,A,H,A,D,22,W,03,C,,,,,C,N,N,D,1,0,0,0,22350.0,3,38.01211929321289,-122.00557708740234,4
2018,2018-04-27,1930,4,1,19,5,N,A,N,A,H,B,D,22,S,03,C,,,,,C,N,M,A,1,0,0,0,22350.0,2,37.931453704833984,-122.05902862548828,4
2018,2018-04-27,1340,4,1,13,5,N,A,Y,A,H,A,A,07,W,03,C,,,,,C,Y,N,D,2,0,0,0,22350.0,2,37.99680709838867,-121.78975677490234,3
2018,2018-04-28,1120,4,1,11,6,N,A,Y,A,H,A,A,01,E,08,E,,,,,I,Y,N,D,1,0,0,0,22107.0,1,38.01396942138672,-122.23780059814452,3
2018,2018-04-28,1846,4,1,18,6,N,A,Y,A,H,A,N,60,E,11,G,Y,,,,B,N,N,D,1,1,0,0,21950.0,2,37.90108108520508,-122.31044769287108,4
2018,2018-04-30,1720,4,1,17,1,N,A,Y,A,H,A,A,01,E,07,B,,,,Y,C,Y,N,D,3,0,0,0,21658.0,4,37.897682189941406,-122.0912628173828,4
2018,2018-04-30,630,4,1,6,1,N,A,Y,A,H,A,A,01,E,03,C,,,,,C,N,N,D,1,0,0,0,22350.0,2,38.01936340332031,-121.92612457275392,4
2018,2018-04-30,1245,4,1,12,1,N,A,Y,A,H,A,A,01,E,08,E,,,,,I,Y,N,D,2,0,0,0,22107.0,1,38.02239227294922,-121.96216583251952,3
2018,2018-04-30,720,4,1,7,1,N,A,N,A,H,A,A,01,N,09,D,,,,,C,Y,N,D,1,0,0,0,21804.0,2,37.97160720825195,-122.30609130859376,4
2018,2018-05-02,625,5,1,6,3,N,A,N,A,H,A,A,01,E,08,E,,,,,I,Y,N,D,1,0,0,0,22107.0,1,37.87859725952149,-121.76935577392578,3
2018,2018-05-01,826,5,1,8,2,N,A,Y,A,H,A,-,99,E,07,C,,,Y,,C,Y,M,D,1,0,0,1,21658.0,2,37.8914794921875,-122.14971160888672,4
2018,2018-05-03,1445,5,1,14,4,N,A,Y,A,H,A,A,07,E,03,C,,,,,C,Y,N,D,1,0,0,0,22350.0,2,37.97831726074219,-121.74406433105467,4
2018,2018-04-28,1520,4,1,15,6,Y,A,N,A,H,A,A,01,,09,D,,,Y,,C,N,N,A,1,0,0,1,21801.0,2,37.89303970336913,-122.24553680419922,4
2018,2018-04-28,50,4,1,0,6,Y,A,N,A,H,C,A,07,,08,E,,,,,I,Y,N,A,1,0,0,0,22107.0,1,37.92662811279297,-122.05477905273438,4
2018,2018-05-01,1440,5,1,14,2,N,A,Y,A,H,A,A,01,W,08,F,,,,,A,Y,N,D,1,0,0,0,22107.0,1,37.989791870117195,-122.13871002197266,3
2018,2018-05-02,840,5,1,8,3,N,A,Y,A,H,A,A,01,E,03,C,,,,,C,Y,N,D,1,0,0,0,22350.0,4,37.909175872802734,-122.31657409667967,4
2018,2018-05-02,2030,5,1,20,3,N,A,Y,A,H,C,D,22,S,01,B,,,,,C,Y,N,D,1,0,0,0,23152.0,4,37.773414611816406,-121.9732666015625,3
2020,2020-01-28,751,1,4,7,2,N,B,N,A,H,A,A,01,W,10,G,Y,,,,B,,N,D,1,1,0,0,21950.0,2,37.899864196777344,-122.3035125732422,4
2018,2018-05-08,805,5,1,8,2,N,B,Y,A,H,A,A,01,E,07,B,,,Y,,C,Y,N,D,1,0,0,1,21658.0,2,37.92714691162109,-122.3681640625,4
2018,2018-04-24,1300,4,1,13,2,N,A,N,A,H,A,A,01,W,07,B,,,,,C,N,N,D,1,0,0,0,21658.0,2,37.92641067504882,-122.05841064453124,4
2018,2018-04-26,1035,4,1,10,4,N,A,N,A,H,A,A,01,E,03,C,,,,,C,N,N,D,2,0,0,0,22350.0,2,37.92662048339844,-122.05382537841795,4
2018,2018-05-05,1945,5,1,19,6,N,A,N,A,H,A,A,01,E,09,D,,,,,C,Y,N,D,2,0,0,0,21801.0,2,37.85158157348633,-122.02857971191406,3
2018,2018-05-04,920,5,1,9,5,N,A,Y,A,H,A,D,22,S,03,C,,,,,C,Y,N,D,1,0,0,0,22350.0,3,,,4
2018,2018-05-05,430,5,1,4,6,N,A,Y,A,H,D,A,01,W,03,C,,,,,C,Y,M,D,1,0,0,0,22350.0,2,38.0344352722168,-122.25122833251952,4
2018,2018-05-08,553,5,1,5,2,N,A,Y,A,H,A,A,01,N,07,B,,,,,C,Y,N,D,1,0,0,0,21658.0,2,37.93772888183594,-122.06047058105467,4
2018,2018-05-08,820,5,1,8,2,N,A,N,A,H,A,L,04,S,03,E,,Y,,,J,N,N,D,1,0,1,0,22350.0,1,37.927112579345696,-122.25347900390624,4
2018,2018-04-28,945,4,1,9,6,N,B,N,A,E,A,L,04,,08,E,,Y,,,J,N,N,D,3,0,3,0,22107.0,3,37.797481536865234,-121.7802505493164,2
2018,2018-05-08,1445,5,1,14,2,N,A,N,A,H,A,N,60,S,11,G,Y,,,,B,N,N,D,1,1,0,0,21954.0,2,38.03079605102539,-122.26995086669922,4
2018,2018-05-07,1635,5,1,16,1,N,A,Y,A,H,A,A,01,W,07,C,,,Y,,C,N,N,D,1,0,0,1,21658.0,2,38.00739669799805,-122.03285217285156,4
2018,2018-05-01,1150,5,1,11,2,N,A,Y,A,H,A,A,07,N,08,E,,,,,I,Y,N,D,1,0,0,0,22107.0,1,37.89373779296875,-122.06658172607422,4
2018,2018-05-03,1730,5,1,17,4,N,A,Y,A,H,A,A,01,E,03,C,,,,,C,Y,N,D,2,0,0,0,22350.0,2,37.89773178100586,-122.08401489257812,4
2018,2018-04-25,254,4,1,2,3,N,A,Y,A,H,D,D,22,S,03,A,,,,,C,Y,N,D,1,0,0,0,22350.0,3,37.924102783203125,-122.06082153320312,2
2018,2018-05-05,855,5,1,8,6,N,A,Y,A,H,A,A,01,N,07,B,,,,,C,Y,N,D,1,0,0,0,21658.0,2,37.9173698425293,-122.06436920166016,4
2018,2018-04-25,253,4,1,2,3,N,A,Y,A,H,D,-,99,S,03,C,,,,,C,Y,N,D,2,0,0,0,22350.0,3,37.923954010009766,-122.06085205078124,3
2018,2018-05-10,710,5,1,7,4,N,B,Y,A,H,A,A,08,W,03,C,,,,,C,Y,N,D,1,0,0,0,22350.0,3,37.90000915527344,-122.31033325195312,4
2018,2018-05-02,830,5,1,8,3,N,A,Y,A,H,A,F,27,E,03,C,,,,Y,C,Y,N,D,2,0,0,0,22350.0,5,,,4
2018,2018-05-03,2201,5,1,22,4,N,A,Y,A,H,D,A,01,W,03,C,,,,,C,Y,N,D,1,0,0,0,22350.0,2,37.86709976196289,-122.20258331298828,3
2018,2018-05-09,845,5,1,8,3,N,B,Y,A,H,A,A,07,W,03,C,,,,,C,N,N,D,2,0,0,0,22350.0,3,37.91796875,-122.31755065917967,4
2018,2018-04-28,2350,4,1,23,6,N,A,N,A,H,C,A,07,S,01,C,,,,,C,Y,N,D,1,0,0,0,23152.0,2,38.02355194091797,-121.94197082519533,4
2018,2018-05-03,542,5,1,5,4,N,A,N,A,H,B,A,01,N,01,C,,,,,C,Y,N,D,1,0,0,0,23152.0,2,37.84870147705078,-122.03166198730467,4
2018,2018-05-04,415,5,1,4,5,N,B,Y,A,H,D,A,01,E,05,B,,,,Y,C,Y,N,D,4,0,0,0,21460.0,3,37.89008331298828,-121.57630157470705,3
2018,2018-05-06,824,5,1,8,7,N,A,Y,A,H,A,A,01,N,08,E,,,,,I,N,N,D,1,0,0,0,22107.0,1,37.979507446289055,-122.06548309326172,4
2018,2018-05-04,1515,5,1,15,5,N,A,Y,A,H,A,A,01,W,08,E,,,,,I,Y,N,D,1,0,0,0,22107.0,1,37.87767791748047,-122.18644714355467,3
2018,2018-05-05,1915,5,1,19,6,N,A,N,A,H,A,C,02,S,08,F,,,Y,,A,Y,N,D,1,0,0,1,22107.0,1,37.916114807128906,-121.77508544921876,3
2018,2018-05-07,2135,5,1,21,1,N,A,Y,A,H,C,A,01,W,07,D,,,,,C,Y,M,D,1,0,0,0,21658.0,2,38.000953674316406,-121.8266143798828,4
2018,2018-05-02,725,5,1,7,3,N,A,Y,A,H,A,A,01,N,07,B,,,,Y,C,Y,N,D,1,0,0,0,21658.0,3,37.88105010986328,-122.04989624023438,4
2018,2018-05-05,1330,5,1,13,6,N,B,Y,A,H,A,-,- ,W,18,F,,,Y,,A,Y,N,D,1,0,0,1,,1,38.00041198730469,-121.82506561279295,2
2018,2018-05-05,2320,5,1,23,6,N,A,N,A,H,D,A,01,W,08,C,,,,,E,Y,N,D,1,0,0,0,22107.0,2,37.93666076660156,-122.05756378173828,4
2018,2018-05-06,1520,5,1,15,7,Y,B,N,A,H,A,A,01,,05,B,,,,,C,N,N,D,1,0,0,0,21460.0,2,37.91101837158203,-121.69628143310548,3
2018,2018-04-17,717,4,1,7,2,N,A,Y,A,H,A,A,01,W,07,C,,,Y,,C,Y,M,D,1,0,0,1,21658.0,3,38.01348114013672,-121.99943542480467,4
2018,2018-05-03,240,5,1,2,4,N,A,N,A,H,D,A,01,S,01,E,,,,,I,Y,N,D,1,0,0,0,23152.0,1,37.850128173828125,-121.64698028564452,3
2018,2018-05-06,420,5,1,4,7,N,A,Y,A,H,C,A,01,W,01,E,,,,,I,Y,N,D,1,0,0,0,23152.0,1,38.05242919921875,-122.22765350341795,4
2018,2018-05-07,2045,5,1,20,1,N,A,N,A,H,B,A,01,E,01,A,,,,,C,Y,N,D,3,0,0,0,23153.0,2,37.911163330078125,-121.67628479003906,2
2018,2018-05-06,605,5,1,6,7,N,B,Y,A,H,A,A,01,N,08,E,,,,,I,Y,N,D,1,0,0,0,22107.0,1,37.778186798095696,-121.9758758544922,3
2018,2018-05-03,1105,5,1,11,4,N,A,Y,A,H,A,A,01,W,03,C,,,,,C,Y,N,D,2,0,0,0,22350.0,2,37.99254608154297,-122.07555389404295,3
2018,2018-05-04,1300,5,1,13,5,N,A,N,A,H,A,-,- ,N,00,G,Y,,,,B,N,N,D,1,1,0,0,,2,37.98298263549805,-122.05570220947266,3
2018,2018-05-09,1525,5,1,15,3,N,A,Y,A,H,A,A,07,W,03,C,,,,,C,Y,N,D,3,0,0,0,22350.0,3,37.983036041259766,-122.31604766845705,4
2018,2018-05-06,421,5,1,4,7,N,A,Y,A,H,C,A,01,W,03,D,,,,,C,Y,N,D,2,0,0,0,22350.0,2,38.05242919921875,-122.22765350341795,4
2018,2018-05-06,1345,5,1,13,7,N,A,N,A,H,A,A,01,E,08,D,,,,,C,N,N,D,2,0,0,0,22107.0,2,37.89635467529297,-121.7073211669922,4
2018,2018-05-06,710,5,1,7,7,N,A,N,A,H,A,A,07,W,01,E,,,,,I,N,N,D,1,0,0,0,23152.0,1,37.9108772277832,-121.64348602294922,4