ACCIDENT_YEAR,COLLISION_DATE,COLLISION_TIME,MONTH,SEASON,24HOURS,DAY_OF_WEEK,INTERSECTION,WEATHER_1,STATE_HWY_IND,ROAD_SURFACE,ROAD_COND_1,LIGHTING,STWD_VEHTYPE_AT_FAULT,CHP_VEHTYPE_AT_FAULT,DIRECTION,PCF_VIOL_CATEGORY,TYPE_OF_COLLISION,PEDESTRIAN_ACCIDENT,BICYCLE_ACCIDENT,MOTORCYCLE_ACCIDENT,TRUCK_ACCIDENT,MVIW,TOW_AWAY,HIT_AND_RUN,CONTROL_DEVICE,NUMBER_INJURED,COUNT_PED_INJURED,COUNT_BICYCLIST_INJURED,COUNT_MC_INJURED,PCF_VIOLATION,PARTY_COUNT,POINT_Y,POINT_X,COLLISION_SEVERITY
2018,2018-08-10,1220,8,2,12,5,N,A,Y,A,H,A,A,01,W,08,E,,,,,I,Y,N,D,3,0,0,0,22107.0,4,37.897216796875,-122.1000518798828,4
2018,2018-08-16,1550,8,2,15,4,N,A,Y,A,H,A,A,01,W,03,C,,,,,C,Y,N,D,1,0,0,0,22350.0,3,37.99078750610352,-122.08974456787108,4
2018,2018-08-16,1740,8,2,17,4,N,A,Y,A,H,A,A,08,N,03,C,,,,,C,Y,N,D,1,0,0,0,22350.0,3,37.864688873291016,-122.03734588623048,4
2018,2018-08-15,1452,8,2,14,3,Y,A,N,A,H,A,A,01,,09,D,,,,,C,Y,N,D,2,0,0,0,21801.0,2,37.90816879272461,-121.62287139892578,4
2018,2018-08-16,1133,8,2,11,4,Y,A,N,A,H,A,A,07,,09,D,,,,,C,Y,N,A,1,0,0,0,21802.0,2,37.79180908203125,-121.87612152099608,4
2018,2018-08-14,1125,8,2,11,2,N,A,Y,A,H,A,D,22,W,07,B,,,,,C,Y,N,D,1,0,0,0,21658.0,2,37.9434928894043,-122.32369995117188,3
2018,2018-08-14,1910,8,2,19,2,N,A,N,A,H,B,A,01,N,01,C,,,,,E,Y,N,D,1,0,0,0,23152.0,2,38.03076934814453,-122.26111602783205,4
2018,2018-08-15,58,8,2,0,3,N,A,Y,A,C,D,A,01,E,03,C,,,,,C,Y,N,A,4,0,0,0,22350.0,3,37.90867614746094,-122.31600952148438,4
2018,2018-06-11,850,6,2,8,1,N,A,Y,A,H,A,-,- ,N,18,H,,,,,J,Y,N,D,0,0,0,0,,1,37.831298828125,-122.0031967163086,1
2018,2018-08-16,1530,8,2,15,4,N,A,Y,A,H,A,C,02,W,03,C,,,Y,,C,Y,N,D,1,0,0,1,22350.0,2,37.948829650878906,-121.7438735961914,3
2018,2018-08-16,1620,8,2,16,4,N,A,Y,A,H,A,G,24,E,03,C,,,,Y,C,N,N,D,1,0,0,0,22350.0,2,38.008125305175774,-122.20872497558594,4
2018,2018-08-15,1550,8,2,15,3,N,A,Y,A,H,A,A,01,E,07,B,,,,,C,N,M,D,1,0,0,0,21658.0,2,37.928035736083984,-122.32252502441406,3
2018,2018-08-17,1509,8,2,15,5,N,A,N,A,H,A,A,01,N,08,F,,,,,I,Y,N,D,1,0,0,0,22107.0,1,37.84316253662109,-122.02682495117188,4
2018,2018-08-18,1238,8,2,12,6,N,A,Y,A,H,A,A,07,N,08,E,,,,,I,Y,N,D,1,0,0,0,22107.0,1,37.90567398071289,-122.06935119628906,3
2018,2018-08-19,2140,8,2,21,7,N,A,Y,A,H,C,A,01,W,08,F,,,,,A,Y,N,D,1,0,0,0,22107.0,1,38.017181396484375,-121.89116668701172,4
2018,2018-08-20,1210,8,2,12,1,N,A,Y,A,H,A,C,02,W,03,C,,,Y,,C,Y,N,D,1,0,0,1,22350.0,2,37.99274826049805,-122.074951171875,4
2018,2018-08-15,932,8,2,9,3,N,A,Y,A,H,A,F,27,E,03,C,,,,Y,C,N,N,D,1,0,0,0,22350.0,5,38.00170135498047,-122.28166198730467,3
2018,2018-08-18,1629,8,2,16,6,N,A,Y,A,H,A,A,01,S,08,E,,,,,I,Y,N,D,1,0,0,0,22107.0,1,37.81029891967773,-121.99256134033205,3
2018,2018-08-10,2308,8,2,23,5,N,A,N,A,H,C,A,01,W,01,B,,,,,C,Y,N,D,1,0,0,0,23152.0,2,38.021446228027344,-121.9426498413086,4
2018,2018-08-21,1002,8,2,10,2,N,A,Y,A,H,A,A,01,S,03,C,,,,,C,Y,N,D,1,0,0,0,22350.0,2,37.92238235473633,-122.06165313720705,4
2018,2018-08-21,1640,8,2,16,2,N,A,Y,A,H,A,A,01,E,03,C,,,,,C,Y,N,D,1,0,0,0,22350.0,2,37.8825798034668,-122.18028259277344,4
2018,2018-08-21,706,8,2,7,2,N,A,Y,A,H,A,A,01,W,08,F,,,,,A,Y,N,D,1,0,0,0,22107.0,1,37.97121047973633,-121.7393798828125,4
2018,2018-08-10,1920,8,2,19,5,N,A,Y,A,H,A,A,07,E,01,C,,,,,C,N,M,D,1,0,0,0,23152.0,2,37.94343948364258,-122.32369232177734,4
2018,2018-08-10,1921,8,2,19,5,N,A,Y,A,H,A,A,07,W,01,C,,,,,C,N,M,D,1,0,0,0,23152.0,2,37.95620346069336,-122.32994079589844,4
2018,2018-08-19,1520,8,2,15,7,N,A,N,A,H,A,A,01,E,03,D,,,,,C,Y,N,D,3,0,0,0,22350.0,2,37.92170715332031,-122.19664001464844,2
2018,2018-08-10,1922,8,2,19,5,N,A,Y,A,H,A,A,07,W,01,E,,,,,I,Y,N,D,1,0,0,0,23152.0,1,37.9661521911621,-122.32252502441406,4
2018,2018-08-17,955,8,2,9,5,N,A,Y,A,H,A,A,07,S,03,C,,,,,C,N,N,D,1,0,0,0,22350.0,3,37.92549896240234,-122.06092834472656,4
2018,2018-08-19,630,8,2,6,7,N,A,Y,A,H,A,A,01,W,08,B,,,,,C,Y,N,D,1,0,0,0,22107.0,2,38.018657684326165,-121.89659118652344,4
2018,2018-08-18,2230,8,2,22,6,N,A,Y,A,H,C,D,22,W,01,A,,,,,C,Y,N,D,3,0,0,0,23152.0,2,37.99810409545898,-121.8113021850586,2
2020,2020-03-15,1908,3,1,19,7,Y,C,N,B,H,C,A,01,,12,D,,,,,C,Y,N,A,1,0,0,0,21453.0,2,37.978118896484375,-122.06130981445312,4
2018,2018-08-26,1655,8,2,16,7,N,A,Y,A,H,A,A,01,N,03,C,,,,,C,Y,N,D,2,0,0,0,22350.0,2,37.736328125,-121.95021057128906,4
2018,2018-08-17,2010,8,2,20,5,N,A,Y,A,H,B,A,01,E,08,E,,,,,I,Y,N,D,1,0,0,0,22107.0,1,,,4
2018,2018-08-18,1845,8,2,18,6,N,A,N,A,H,A,A,01,E,13,E,,,,,I,Y,N,D,1,0,0,0,22515.0,1,37.84812927246094,-121.99070739746094,4
2018,2018-08-20,1735,8,2,17,1,N,A,Y,A,H,A,A,01,S,03,C,,,,,C,N,N,D,3,0,0,0,22350.0,3,37.97258758544922,-122.06134796142578,4
2018,2018-08-21,230,8,2,2,2,N,A,Y,A,H,C,A,01,S,01,E,,,,,I,Y,N,D,1,0,0,0,23152.0,1,37.97601318359375,-122.06422424316406,4
2018,2018-08-20,520,8,2,5,1,N,A,Y,A,H,C,A,01,E,07,B,,,Y,,C,Y,N,D,1,0,0,1,21658.0,2,38.01180648803711,-122.2724838256836,4
2018,2018-08-22,725,8,2,7,3,N,B,Y,A,H,A,A,07,N,03,C,,,,Y,C,N,N,D,1,0,0,0,22350.0,2,37.95211791992188,-122.05535888671876,4
2018,2018-08-19,2050,8,2,20,7,Y,A,Y,A,H,D,A,01,,09,D,,,Y,,C,Y,N,A,1,0,0,1,21802.0,2,37.896533966064446,-121.67806243896484,4
2018,2018-08-19,407,8,2,4,7,N,A,Y,A,H,C,A,01,S,01,C,Y,,,Y,E,Y,N,D,3,2,0,0,23152.0,5,37.92157745361328,-122.06166076660156,3
2018,2018-08-23,1015,8,2,10,4,N,A,Y,A,H,A,A,01,S,03,C,,,,,C,N,N,D,1,0,0,0,22350.0,2,37.97774887084961,-122.0438995361328,4
2018,2018-08-24,634,8,2,6,5,N,B,N,A,H,B,A,01,S,08,E,,,,,I,Y,N,D,1,0,0,0,22107.0,1,37.961795806884766,-121.93334197998048,4
2018,2018-08-27,725,8,2,7,1,N,B,Y,A,H,A,A,01,S,03,C,,,,,C,N,N,D,2,0,0,0,22350.0,2,,,4
2018,2018-08-24,1240,8,2,12,5,N,A,Y,A,H,A,A,01,W,03,C,,,,,C,Y,N,D,2,0,0,0,22350.0,2,37.99742126464844,-121.79154205322266,3
2018,2018-08-20,2225,8,2,22,1,N,A,Y,A,H,D,C,02,W,03,C,,,Y,,C,N,N,D,1,0,0,1,22350.0,2,37.93484878540039,-122.32679748535156,4
2018,2018-08-19,500,8,2,5,7,N,B,Y,A,H,D,A,07,E,07,B,,,,Y,C,Y,N,D,1,0,0,0,21658.0,2,38.00210952758789,-122.28126525878906,3
2018,2018-08-23,1935,8,2,19,4,N,A,Y,A,H,B,A,01,W,08,F,,,,,A,Y,N,D,1,0,0,0,22107.0,1,37.98948669433594,-122.1382064819336,4
2018,2018-08-24,2050,8,2,20,5,N,A,N,A,H,D,-,- ,S,18,E,,,,,H,N,N,D,1,0,0,0,,1,37.9917221069336,-121.948974609375,4
2018,2018-08-23,833,8,2,8,4,N,A,Y,A,H,A,A,01,S,03,C,,,,,C,Y,N,D,1,0,0,0,22350.0,3,37.90306854248047,-122.07054901123048,4
2018,2018-08-12,2138,8,2,21,7,N,A,Y,A,H,D,A,01,E,07,B,,,,,C,Y,N,D,1,0,0,0,21658.0,2,37.99435043334961,-121.7751693725586,4
2018,2018-08-26,140,8,2,1,7,N,A,N,A,H,D,A,01,S,01,E,,,,,I,Y,N,D,1,0,0,0,23152.0,1,37.94176864624024,-122.26357269287108,2
2018,2018-08-29,1850,8,2,18,3,N,A,Y,A,H,A,A,01,S,07,B,,,Y,,C,Y,N,D,1,0,0,1,21658.0,2,37.9151611328125,-122.06587982177734,4
2018,2018-08-29,600,8,2,6,3,N,B,Y,A,H,A,D,22,E,03,C,,,,,C,Y,N,A,1,0,0,0,22350.0,2,38.01292037963867,-122.27191162109376,4
2018,2018-08-29,1825,8,2,18,3,N,A,Y,A,H,A,D,22,S,03,C,,,,,C,Y,N,D,1,0,0,0,22350.0,2,37.94248962402344,-122.05928802490234,4
2018,2018-08-29,1244,8,2,12,3,N,A,Y,A,H,A,D,22,N,03,C,,,,,C,N,N,D,1,0,0,0,22350.0,2,37.97959899902344,-122.04450988769533,4
2018,2018-08-30,715,8,2,7,4,N,A,Y,A,H,A,A,01,E,03,C,,,,,C,N,N,D,1,0,0,0,22350.0,2,38.01912307739258,-121.9311294555664,3
2018,2018-08-30,2150,8,2,21,4,N,A,Y,A,H,C,A,01,S,08,E,,,,,I,Y,N,D,1,0,0,0,22107.0,1,37.91501998901367,-122.06594848632812,4
2018,2018-08-29,1815,8,2,18,3,N,A,Y,A,H,A,A,01,E,08,E,,,,,I,Y,N,D,2,0,0,0,22107.0,1,37.90831756591797,-122.32071685791016,3
2018,2018-08-24,1800,8,2,18,5,N,A,Y,A,H,A,A,01,E,03,C,,,,,C,Y,N,D,1,0,0,0,22350.0,2,37.99923324584961,-122.283935546875,4
2018,2018-08-27,1210,8,2,12,1,N,A,Y,A,H,A,-,- ,E,18,E,,,,,I,Y,N,D,1,0,0,0,,1,37.91919708251953,-122.33167266845705,4
2018,2018-08-07,1200,8,2,12,2,N,A,Y,A,H,A,-,99,W,07,B,,,Y,,C,Y,F,D,2,0,0,1,21658.0,4,,,2
2018,2018-08-20,1640,8,2,16,1,N,A,Y,A,H,A,A,01,W,03,C,,,,Y,C,Y,N,D,2,0,0,0,22350.0,3,37.8974494934082,-122.09822082519533,4
2018,2018-08-27,535,8,2,5,1,N,A,Y,A,H,A,G,25,S,03,C,,,,Y,C,Y,N,D,1,0,0,0,22350.0,2,37.99493789672852,-121.75647735595705,3
2018,2018-08-28,1755,8,2,17,2,N,A,N,A,H,A,D,22,E,10,G,Y,,,,B,N,F,A,1,1,0,0,21950.0,2,38.024612426757805,-122.26325988769533,2
2018,2018-08-23,1525,8,2,15,4,N,A,N,A,H,A,D,22,N,09,D,,,,,C,Y,N,A,2,0,0,0,21801.0,3,37.890438079833984,-121.62308502197266,3
2018,2018-08-23,1005,8,2,10,4,N,A,Y,A,H,A,A,07,N,03,C,,,,,C,N,N,D,1,0,0,0,22350.0,3,37.967166900634766,-122.05711364746094,4
2018,2018-08-23,818,8,2,8,4,N,A,Y,A,H,A,-,99,N,08,B,,,Y,,C,N,F,D,1,0,0,1,22107.0,3,37.94536972045898,-122.05831909179688,3
2018,2018-08-24,2205,8,2,22,5,N,A,Y,A,H,C,A,01,W,03,C,,,,,C,Y,N,D,1,0,0,0,22350.0,4,38.019187927246094,-121.94815063476562,4
2018,2018-08-25,1018,8,2,10,6,N,A,Y,A,H,A,-,99,W,08,B,,,,,C,Y,N,D,1,0,0,0,22107.0,4,37.99699401855469,-121.7890167236328,4
2018,2018-08-28,2245,8,2,22,2,N,A,Y,A,H,D,A,08,E,08,E,,,,,I,Y,N,D,1,0,0,0,22107.0,2,37.917259216308594,-122.31754302978516,3
2018,2018-09-04,715,9,3,7,2,N,B,Y,A,H,A,A,01,W,03,C,,,,,C,Y,N,D,1,0,0,0,22350.0,2,37.96452331542969,-122.32550811767578,4
2018,2018-08-28,2128,8,2,21,2,N,A,Y,A,H,C,A,01,W,08,F,,,,,A,Y,N,D,1,0,0,0,22107.0,1,37.95112991333008,-121.74443817138672,3
2018,2018-08-28,1650,8,2,16,2,N,A,Y,A,H,A,A,08,E,03,C,,,,,C,N,N,A,1,0,0,0,22350.0,2,37.89010238647461,-121.60190582275392,4
2018,2018-08-29,1605,8,2,16,3,N,A,Y,A,H,A,-,- ,W,18,E,,,,,J,Y,N,D,1,0,0,0,,2,38.01144027709961,-122.27261352539062,4
2018,2018-08-29,2020,8,2,20,3,N,A,Y,A,H,C,A,01,E,03,C,,,,,C,Y,N,D,1,0,0,0,22350.0,2,38.007488250732415,-121.85030364990234,4
2018,2018-08-30,800,8,2,8,4,N,B,N,A,H,A,A,01,N,03,C,,,,,C,Y,N,D,2,0,0,0,22350.0,2,37.905391693115234,-122.22642517089844,4
2018,2018-08-31,810,8,2,8,5,N,A,N,A,H,A,A,01,N,08,B,,,,,E,Y,N,D,1,0,0,0,22107.0,3,37.98826217651367,-122.30564880371094,4
2018,2018-08-31,1140,8,2,11,5,N,A,N,A,H,A,L,04,S,08,F,,Y,,,A,N,N,D,1,0,1,0,22107.0,1,37.80059814453125,-122.13579559326172,2
2018,2018-08-16,1800,8,2,18,4,N,A,Y,A,H,A,A,01,S,08,B,,,,,C,Y,N,D,2,0,0,0,22107.0,2,38.00069427490234,-122.07718658447266,4
2018,2018-08-27,1915,8,2,19,1,N,A,Y,A,H,A,A,07,S,03,C,,,,,C,N,N,D,1,0,0,0,22350.0,2,37.90841293334961,-122.06851959228516,4
2018,2018-09-05,955,9,3,9,3,N,A,Y,A,H,A,A,01,W,07,H,,,,,A,Y,N,D,1,0,0,0,21658.0,3,37.89279174804688,-122.15809631347656,4
2018,2018-09-02,1920,9,3,19,7,N,A,N,A,H,B,C,02,N,08,F,,,Y,,A,Y,N,D,1,0,0,1,22107.0,1,38.0209846496582,-122.1793212890625,3
2018,2018-09-04,1825,9,3,18,2,N,A,Y,A,H,A,A,01,N,08,E,,,,,I,Y,N,D,1,0,0,0,22107.0,1,37.97959899902344,-122.04450988769533,4
2018,2018-09-05,1125,9,3,11,3,N,A,Y,A,H,A,A,01,W,08,E,,,,,I,Y,N,D,1,0,0,0,22107.0,1,38.01877212524414,-121.89700317382812,2
2018,2018-09-01,1955,9,3,19,6,N,A,Y,A,H,C,D,22,S,01,C,,,,,C,Y,N,D,1,0,0,0,23152.0,2,37.9851951599121,-122.04105377197266,3
2018,2018-08-25,1415,8,2,14,6,N,A,N,A,A,A,L,04,S,03,F,,Y,,,A,N,N,D,1,0,1,0,22350.0,1,37.88473510742188,-122.07769775390624,4
2018,2018-08-27,705,8,2,7,1,N,A,Y,A,H,A,A,01,S,03,C,,,,,C,Y,N,D,1,0,0,0,22350.0,2,,,4
2018,2018-08-27,1704,8,2,17,1,N,A,Y,A,H,A,A,01,N,08,B,,,Y,,C,Y,N,D,1,0,0,1,22107.0,2,37.82982635498047,-122.00091552734376,4
2018,2018-09-03,1140,9,3,11,1,N,A,Y,A,H,A,A,01,E,07,C,,,,,C,Y,N,D,2,0,0,0,21658.0,2,37.99807357788086,-121.81494140625,3
2018,2018-08-28,740,8,2,7,2,N,A,Y,A,H,A,-,99,S,03,C,,,,,C,Y,F,D,4,0,0,0,22350.0,5,37.77907943725586,-121.97608947753906,3
2018,2018-08-31,1316,8,2,13,5,N,A,Y,A,H,A,A,01,N,08,E,,,,,I,Y,N,D,1,0,0,0,22107.0,1,37.81673049926758,-121.99343872070312,3
2018,2018-09-06,640,9,3,6,4,N,A,Y,A,H,A,A,01,W,03,C,,,,,C,Y,N,D,1,0,0,0,22350.0,3,37.89820861816406,-122.08546447753906,4
2018,2018-08-27,2255,8,2,22,1,N,A,Y,A,H,D,A,01,E,07,C,,,,,C,N,N,D,1,0,0,0,21658.0,3,37.93649673461913,-122.32646942138672,4
2018,2018-08-26,310,8,2,3,7,N,A,Y,A,D,D,C,02,E,01,C,,,Y,,C,Y,N,D,1,0,0,1,23152.0,2,37.94343948364258,-122.32369232177734,2
2018,2018-08-28,1453,8,2,14,2,N,A,Y,A,H,A,A,01,W,08,C,,,,,C,Y,N,D,1,0,0,0,22107.0,2,,,4
2018,2018-08-28,920,8,2,9,2,N,B,Y,A,H,A,D,22,E,03,C,,,,,C,Y,N,D,1,0,0,0,22350.0,2,38.02300643920898,-121.96527099609376,4
2018,2018-08-30,710,8,2,7,4,N,B,Y,A,H,A,A,01,S,07,B,,,Y,,C,Y,N,D,1,0,0,1,21658.0,2,37.92613220214844,-122.06084442138672,3
2018,2018-09-07,600,9,3,6,5,N,B,Y,A,H,B,D,22,W,03,C,,,,,C,N,N,D,1,0,0,0,22350.0,4,37.923561096191406,-122.31973266601562,4
2018,2018-08-30,120,8,2,1,4,N,A,Y,A,H,D,A,01,E,01,E,,,,,I,Y,N,D,1,0,0,0,23152.0,1,,,4
2018,2018-09-04,610,9,3,6,2,N,A,Y,A,H,B,A,01,E,07,B,,,Y,,C,Y,N,D,1,0,0,1,21658.0,2,38.01876068115234,-121.930908203125,3
2018,2018-09-07,1820,9,3,18,5,N,A,Y,A,H,A,A,07,N,03,C,,,,,C,N,N,D,1,0,0,0,22350.0,2,,,4
2018,2018-09-07,1905,9,3,19,5,Y,A,N,A,H,C,A,01,,09,D,,,,,C,N,N,A,4,0,0,0,21802.0,2,37.857540130615234,-122.10198974609376,3
2018,2018-09-02,2340,9,3,23,7,N,A,Y,A,H,C,A,07,W,03,C,,,,,C,Y,N,D,5,0,0,0,22350.0,4,38.01327133178711,-121.99843597412108,3
2018,2018-09-04,1450,9,3,14,2,N,A,Y,A,H,A,D,22,S,03,C,,,,,C,Y,N,D,1,0,0,0,22350.0,3,37.89189147949219,-122.06253814697266,4
2018,2018-09-01,2039,9,3,20,6,N,A,Y,A,H,C,A,07,E,03,C,,,,,C,Y,N,D,1,0,0,0,22350.0,3,37.99803924560546,-121.80085754394533,4
2018,2018-09-04,745,9,3,7,2,N,B,Y,A,H,A,A,01,E,03,C,,,,,C,Y,N,D,1,0,0,0,22350.0,3,38.01907730102539,-122.2657470703125,4
2018,2018-08-26,1715,8,2,17,7,N,A,Y,A,H,A,A,07,E,03,C,,,,,C,N,N,A,2,0,0,0,22350.0,2,37.97897720336913,-121.74403381347656,4
2018,2018-08-27,1840,8,2,18,1,N,A,Y,A,H,A,A,01,S,03,C,,,,,C,N,N,D,1,0,0,0,22350.0,2,37.86188507080078,-122.03353881835938,4
2018,2018-08-30,805,8,2,8,4,N,B,Y,A,H,A,D,22,N,07,B,,,,,C,Y,N,D,2,0,0,0,21658.0,6,37.998138427734375,-122.07437896728516,3
2018,2018-07-06,58,7,2,0,5,N,A,Y,A,C,D,-,- ,,18,G,Y,,,,B,N,N,D,0,0,0,0,,2,37.99633026123047,-121.78545379638672,1
2018,2018-09-08,1655,9,3,16,6,N,A,N,A,H,A,A,01,W,04,C,,,,,C,N,N,D,2,0,0,0,21703.0,2,37.89645385742188,-121.64485931396484,4
2018,2018-08-30,1605,8,2,16,4,Y,A,N,A,H,A,A,01,,08,E,,,,,I,Y,N,A,1,0,0,0,22107.0,1,38.042751,-122.260328,2
2018,2018-09-06,715,9,3,7,4,N,B,Y,A,H,A,A,01,W,07,B,,,,,C,Y,N,D,1,0,0,0,21658.0,2,37.86046600341797,-122.21166229248048,4
2018,2018-09-08,155,9,3,1,6,N,B,Y,A,H,D,-,99,E,08,C,,,,,C,Y,M,D,1,0,0,0,22107.0,2,38.031036376953125,-122.25437927246094,4
2018,2018-09-02,1109,9,3,11,7,N,A,N,A,H,A,A,01,N,03,C,,,,,C,N,N,D,3,0,0,0,22350.0,3,37.91686630249024,-122.09998321533205,4
2018,2018-09-11,710,9,3,7,2,N,A,Y,A,H,A,A,01,E,03,C,,,,,C,Y,N,D,1,0,0,0,22350.0,2,38.0187873840332,-121.93836212158205,3
2018,2018-09-11,709,9,3,7,2,N,A,Y,A,H,A,A,01,E,03,C,,,,,C,Y,N,D,2,0,0,0,22350.0,3,38.018749237060554,-121.937744140625,4
2018,2018-09-12,620,9,3,6,3,N,A,Y,A,H,B,D,22,E,03,C,,,,,C,Y,N,D,1,0,0,0,22350.0,2,38.011680603027344,-121.86727142333984,3
2018,2018-09-10,1240,9,3,12,1,N,A,Y,A,H,A,A,01,W,08,E,,,,,I,Y,N,D,1,0,0,0,22107.0,1,37.891067504882805,-122.1447525024414,4
2018,2018-07-10,1950,7,2,19,2,N,A,Y,A,H,B,A,01,N,01,E,,,,,I,Y,N,D,0,0,0,0,23152.0,1,37.86457824707031,-122.03720092773438,1
2018,2018-09-12,835,9,3,8,3,N,A,N,A,H,A,A,01,N,03,C,,,,,C,Y,N,D,1,0,0,0,22350.0,2,37.90433120727539,-122.21934509277344,4
2018,2018-09-03,1300,9,3,13,1,N,A,Y,A,H,A,A,01,S,01,E,,,,,I,Y,N,D,1,0,0,0,23152.0,1,,,3
2018,2018-09-04,1734,9,3,17,2,N,A,Y,A,H,A,A,01,N,01,C,,,,,C,N,N,D,1,0,0,0,23152.0,2,37.91720199584961,-122.06452941894533,4
2018,2018-09-07,751,9,3,7,5,N,A,N,A,H,A,C,02,,03,C,,,Y,,C,Y,N,D,1,0,0,1,22350.0,2,37.75516128540039,-122.00344848632812,4
2018,2018-09-06,840,9,3,8,4,N,A,Y,A,H,A,A,08,S,03,C,,,,,C,N,N,D,1,0,0,0,22350.0,2,37.86276245117188,-122.0348663330078,3
2018,2018-09-09,1525,9,3,15,7,N,A,Y,A,H,A,A,01,E,08,B,,,,,E,Y,N,D,2,0,0,0,22107.0,2,38.01681900024414,-121.99140167236328,4
2018,2018-09-12,2312,9,3,23,3,N,B,Y,A,D,D,A,01,N,03,C,,,,,C,Y,N,A,1,0,0,0,22350.0,2,37.97193908691406,-122.0470733642578,4
2018,2018-09-01,1615,9,3,16,6,N,A,Y,A,H,A,-,- ,W,00,B,,,,,C,N,N,D,1,0,0,0,,2,38.02008056640625,-121.95169830322266,4
2018,2018-09-05,155,9,3,1,3,N,A,Y,A,H,C,-,99,E,07,B,,,,,C,Y,M,D,1,0,0,0,21658.0,2,37.89150238037109,-122.1498565673828,3
2018,2018-09-06,813,9,3,8,4,N,B,Y,A,H,A,C,02,W,03,B,,,Y,,C,N,N,D,1,0,0,1,22350.0,2,38.0069694519043,-122.27700805664062,4
2018,2018-09-01,16,9,3,0,6,N,A,Y,A,D,D,A,01,W,01,C,,,,,C,Y,N,D,3,0,0,0,23152.0,2,37.92535018920898,-121.73291015625,3
2018,2018-09-13,530,9,3,5,4,Y,A,N,A,H,C,A,01,,12,D,,,,,C,Y,N,A,1,0,0,0,21453.0,3,38.02156066894531,-121.94187927246094,4
2018,2018-09-13,1730,9,3,17,4,N,A,Y,A,H,A,C,02,S,03,C,,,Y,,C,Y,N,D,1,0,0,1,22350.0,2,37.880184173583984,-122.05001831054688,4
2018,2018-09-07,1759,9,3,17,5,N,A,Y,A,H,A,A,07,W,07,B,,,,,C,Y,F,D,1,0,0,0,21658.0,2,37.93224334716797,-122.40172576904295,4
2018,2018-09-08,1220,9,3,12,6,N,A,Y,A,H,A,A,07,W,03,C,,,,,D,Y,N,A,2,0,0,0,22350.0,2,37.89568328857422,-122.30847930908205,3
2018,2018-09-08,1833,9,3,18,6,N,A,Y,A,H,B,A,01,W,01,C,,,,,C,N,N,A,1,0,0,0,23152.0,2,37.99549865722656,-121.78547668457033,4
2018,2018-09-04,805,9,3,8,2,N,A,N,A,H,A,A,01,E,03,C,,,,Y,C,Y,N,D,1,0,0,0,22350.0,2,37.8964729309082,-121.66480255126952,4
2018,2018-09-06,1045,9,3,10,4,N,A,Y,A,H,A,D,22,N,03,C,,,,,C,Y,N,D,1,0,0,0,22350.0,2,37.837757110595696,-122.01408386230467,4
2018,2018-09-07,1650,9,3,16,5,N,A,Y,A,H,A,A,01,W,03,C,,,,,C,N,M,D,1,0,0,0,22350.0,2,37.99200439453125,-122.30765533447266,4
2018,2018-08-30,106,8,2,1,4,N,B,N,A,H,D,D,23,S,08,D,,,,,E,Y,N,D,1,0,0,0,22107.0,2,37.964160919189446,-122.31836700439452,3
2018,2018-09-10,1330,9,3,13,1,N,A,Y,A,H,A,A,01,W,07,B,,,,,C,Y,N,D,1,0,0,0,21658.0,3,38.02264404296875,-121.97827911376952,4
2018,2018-09-10,1405,9,3,14,1,N,A,Y,A,H,A,A,01,W,03,C,,,,,C,N,N,D,1,0,0,0,22350.0,2,38.01285171508789,-121.99868011474608,4
2018,2018-09-06,2015,9,3,20,4,N,A,N,A,H,D,A,07,N,03,C,,,,,C,Y,N,D,1,0,0,0,22350.0,3,37.789180755615234,-121.86411285400392,4
2018,2018-09-10,2325,9,3,23,1,N,A,Y,A,H,D,A,01,W,08,C,,,,,C,Y,M,D,2,0,0,0,22107.0,2,38.01982116699219,-121.90435791015624,3
2018,2018-09-12,930,9,3,9,3,N,A,Y,A,H,A,A,07,N,03,C,,,,,C,Y,N,D,1,0,0,0,22350.0,3,37.83008575439453,-122.00131988525392,4
2018,2018-08-27,2150,8,2,21,1,N,A,Y,A,H,D,N,60,E,11,G,Y,,,,B,N,N,D,1,1,0,0,21954.0,2,38.01436996459961,-121.99746704101562,4
2018,2018-09-13,1630,9,3,16,4,N,A,Y,A,H,A,D,22,E,09,D,,,,,C,Y,N,A,1,0,0,0,21802.0,2,38.009891510009766,-122.22837066650392,4
2018,2018-09-12,1810,9,3,18,3,N,A,Y,A,H,A,A,01,E,07,C,,,,,C,Y,N,D,1,0,0,0,21658.0,2,37.89736557006836,-122.08175659179688,4