ACCIDENT_YEAR,COLLISION_DATE,COLLISION_TIME,MONTH,SEASON,24HOURS,DAY_OF_WEEK,INTERSECTION,WEATHER_1,STATE_HWY_IND,ROAD_SURFACE,ROAD_COND_1,LIGHTING,STWD_VEHTYPE_AT_FAULT,CHP_VEHTYPE_AT_FAULT,DIRECTION,PCF_VIOL_CATEGORY,TYPE_OF_COLLISION,PEDESTRIAN_ACCIDENT,BICYCLE_ACCIDENT,MOTORCYCLE_ACCIDENT,TRUCK_ACCIDENT,MVIW,TOW_AWAY,HIT_AND_RUN,CONTROL_DEVICE,NUMBER_INJURED,COUNT_PED_INJURED,COUNT_BICYCLIST_INJURED,COUNT_MC_INJURED,PCF_VIOLATION,PARTY_COUNT,POINT_Y,POINT_X,COLLISION_SEVERITY
2019,2019-01-17,1000,1,4,10,4,N,B,Y,B,H,D,-,- ,W,07,B,,,,Y,C,N,N,D,1,0,0,0,21658.0,2,38.01289749145508,-122.00325012207033,4
2019,2019-01-23,1747,1,4,17,3,N,A,Y,A,H,B,D,22,E,03,C,,,,,C,N,N,D,1,0,0,0,22350.0,2,37.952461242675774,-122.32804107666016,4
2019,2019-01-22,335,1,4,3,2,Y,A,N,A,H,C,D,22,,01,E,,,,,I,Y,M,D,1,0,0,0,23152.0,1,37.98027801513672,-122.0559310913086,4
2019,2019-01-19,1519,1,4,15,6,N,A,Y,A,H,A,A,01,S,03,C,,,,,C,N,N,D,1,0,0,0,22350.0,2,37.99055099487305,-122.06754302978516,4
2019,2019-01-19,1750,1,4,17,6,N,A,Y,A,H,C,A,01,W,07,B,,,Y,,C,Y,N,D,1,0,0,1,21658.0,3,37.901100158691406,-122.31495666503906,3
2019,2019-01-13,2055,1,4,20,7,Y,B,Y,A,H,C,A,07,,01,D,,,,,C,Y,N,A,2,0,0,0,23152.0,3,37.896381378173835,-121.6962890625,4
2019,2019-01-27,336,1,4,3,7,N,A,Y,A,H,C,A,07,W,03,C,,,,,C,Y,N,D,1,0,0,0,22350.0,2,37.860084533691406,-122.21070861816406,4
2019,2019-01-17,0,1,4,0,4,N,A,Y,B,H,A,A,01,E,03,C,,,,,C,Y,N,D,1,0,0,0,22350.0,5,37.892913818359375,-122.16651916503906,2
2019,2019-01-21,1605,1,4,16,1,N,A,Y,A,H,A,D,22,S,21,C,,,,,C,N,N,A,1,0,0,0,22106.0,2,37.969539642333984,-122.04725646972656,4
2019,2019-01-19,245,1,4,2,6,N,A,Y,B,H,C,A,01,E,03,D,,,,,C,Y,N,D,1,0,0,0,22350.0,2,38.01912689208984,-121.93821716308594,4
2019,2019-01-22,2330,1,4,23,2,N,A,N,A,H,D,A,01,S,03,C,,,,,C,Y,N,D,3,0,0,0,22350.0,2,37.96240615844727,-121.93636322021484,3
2019,2019-01-19,2108,1,4,21,6,N,A,Y,A,H,C,A,01,E,01,E,,,,,I,Y,N,D,1,0,0,0,23152.0,1,38.023048400878906,-121.9655990600586,2
2019,2019-01-22,1830,1,4,18,2,N,A,Y,A,H,D,D,22,,03,C,,,,,C,N,N,D,1,0,0,0,22350.0,2,37.8975715637207,-122.09587097167967,4
2019,2019-01-25,1420,1,4,14,5,N,A,N,A,H,A,A,07,W,08,E,,,,,I,Y,N,D,1,0,0,0,22107.0,1,37.96644973754882,-122.3062744140625,4
2019,2019-01-26,1750,1,4,17,6,N,A,Y,A,H,C,-,99,E,03,C,,,,,C,N,F,D,1,0,0,0,22350.0,3,37.91569900512695,-122.31734466552734,3
2019,2019-01-17,2040,1,4,20,4,N,A,N,B,H,D,A,07,E,01,H,,,,,A,Y,N,D,1,0,0,0,23152.0,1,37.94013214111328,-122.26117706298828,4
2019,2019-01-23,822,1,4,8,3,N,A,Y,A,H,A,A,01,N,03,C,,,,,C,N,N,D,1,0,0,0,22350.0,2,38.00816345214844,-122.08561706542967,4
2019,2019-01-25,510,1,4,5,5,N,A,N,A,H,C,A,07,E,03,C,,,,,C,Y,N,D,1,0,0,0,22350.0,2,37.97874450683594,-122.02893829345705,4
2019,2019-01-23,455,1,4,4,3,N,A,Y,A,H,C,A,01,S,03,C,,,,,C,Y,N,D,2,0,0,0,22350.0,3,37.92162322998047,-122.06195831298828,4
2019,2019-01-27,405,1,4,4,7,N,A,Y,A,H,C,A,01,W,03,C,,,,Y,C,Y,N,D,1,0,0,0,22350.0,2,38.019649505615234,-121.90088653564452,4
2019,2019-01-18,1025,1,4,10,5,N,B,Y,A,H,A,A,01,S,08,E,,,,,I,Y,N,D,1,0,0,0,22107.0,1,37.96980285644531,-122.0479736328125,3
2019,2019-01-22,2300,1,4,23,2,N,A,Y,A,H,D,A,01,W,03,C,,,,,C,Y,N,D,2,0,0,0,22350.0,2,38.013042449951165,-121.99996185302734,4
2019,2019-01-18,605,1,4,6,5,N,B,Y,B,H,D,A,01,N,07,E,,,,,C,N,N,D,4,0,0,0,21658.0,2,37.95311737060546,-122.054931640625,4
2019,2019-01-19,2349,1,4,23,6,N,A,Y,A,H,D,C,02,N,01,C,,,Y,,C,Y,N,D,1,0,0,1,23152.0,2,37.92670822143555,-122.06047058105467,3
2019,2019-01-24,1940,1,4,19,4,N,A,Y,A,H,D,A,01,E,01,C,,,,,C,Y,N,D,1,0,0,0,23152.0,2,38.011680603027344,-121.86727142333984,4
2019,2019-01-27,1755,1,4,17,7,N,A,N,A,H,D,A,01,E,03,C,,Y,,,G,N,N,D,1,0,1,0,22350.0,2,37.95660018920898,-122.27822113037108,3
2019,2019-01-28,650,1,4,6,1,N,A,Y,A,H,B,A,07,S,07,C,,,,,C,Y,N,D,2,0,0,0,21658.0,2,37.95738220214844,-122.05281829833984,4
2019,2019-01-29,1915,1,4,19,2,N,A,Y,A,H,D,D,22,S,03,C,,,,,C,N,N,A,2,0,0,0,22350.0,2,38.02537155151367,-122.1113510131836,4
2019,2019-01-29,915,1,4,9,2,N,A,Y,A,H,A,A,07,E,03,C,,,,,C,Y,N,D,1,0,0,0,22350.0,3,,,4
2019,2019-01-25,1855,1,4,18,5,N,A,Y,A,H,D,C,02,W,08,F,,,Y,,A,N,N,D,1,0,0,1,22107.0,1,38.0085334777832,-122.02895355224608,2
2019,2019-01-30,1430,1,4,14,3,N,A,Y,A,H,A,A,01,S,04,C,,,,,C,N,N,D,1,0,0,0,21703.0,2,37.99378967285156,-122.03923797607422,4
2019,2019-01-30,900,1,4,9,3,N,A,Y,A,H,A,D,22,E,03,C,,,,,C,Y,N,D,1,0,0,0,22350.0,5,,,4
2018,2018-12-26,830,12,4,8,3,N,A,Y,A,H,A,-,99,W,10,G,Y,,,,B,N,F,D,1,1,0,0,21950.0,2,37.91108322143555,-122.31743621826172,2
2019,2019-01-27,355,1,4,3,7,N,A,Y,A,H,D,A,01,E,08,E,,,,,I,Y,N,D,2,0,0,0,22107.0,1,37.996288299560554,-122.11693572998048,3
2019,2019-01-29,1510,1,4,15,2,N,A,N,A,H,A,A,01,W,12,D,,,,,C,Y,N,A,2,0,0,0,21453.0,2,38.024532318115234,-121.96395111083984,4
2019,2019-01-29,345,1,4,3,2,N,B,Y,B,H,C,A,01,E,01,E,,,,,I,Y,N,D,1,0,0,0,23152.0,1,38.02315902709961,-122.26081848144533,3
2019,2019-01-25,1312,1,4,13,5,N,A,Y,A,H,A,C,02,W,03,F,,,Y,,A,Y,N,D,1,0,0,1,22350.0,1,37.96163558959961,-122.32957458496094,3
2019,2019-01-31,835,1,4,8,4,N,B,Y,A,H,A,A,01,W,03,C,,,,,C,N,N,D,2,0,0,0,22350.0,3,37.94163513183594,-122.32410430908205,4
2019,2019-01-25,1040,1,4,10,5,N,A,Y,A,H,A,A,08,W,07,B,,,,,C,Y,N,D,1,0,0,0,21658.0,2,37.99715423583984,-121.79157257080078,4
2019,2019-01-27,1520,1,4,15,7,N,A,Y,A,H,A,C,02,S,03,F,,,Y,,A,Y,N,D,1,0,0,1,22350.0,1,37.93948745727539,-122.0605010986328,4
2019,2019-01-28,1413,1,4,14,1,N,A,N,A,H,A,C,02,E,08,E,,,Y,,I,Y,N,D,1,0,0,1,22107.0,1,37.89849853515625,-122.22276306152344,4
2019,2019-01-25,1819,1,4,18,5,N,A,Y,A,H,D,A,07,N,03,C,,,,,C,Y,N,D,1,0,0,0,22350.0,4,37.83622741699219,-122.01114654541016,4
2019,2019-01-28,1150,1,4,11,1,N,A,N,A,H,A,A,01,S,21,C,,,,,C,N,N,A,1,0,0,0,22106.0,2,37.994171142578125,-122.07427978515624,4
2019,2019-02-01,1115,2,4,11,5,N,B,Y,A,H,A,A,07,E,03,C,,,,,C,Y,N,D,1,0,0,0,22350.0,2,38.011680603027344,-121.86727142333984,4
2019,2019-01-24,1530,1,4,15,4,Y,A,N,A,H,A,A,01,,01,C,,,,,C,Y,N,D,1,0,0,0,23152.0,2,37.9652214050293,-122.32559967041016,4
2019,2019-01-24,955,1,4,9,4,N,A,Y,A,H,A,C,02,E,08,F,,,Y,,A,Y,N,D,1,0,0,1,22107.0,1,37.96658706665039,-122.32218170166016,3
2019,2019-01-25,1120,1,4,11,5,N,A,Y,A,H,A,A,07,W,03,C,,,,,C,Y,N,D,4,0,0,0,22350.0,3,38.022075653076165,-122.26272583007812,3
2019,2019-01-27,1815,1,4,18,7,N,A,Y,A,H,D,D,22,W,01,B,,,,,C,Y,N,D,1,0,0,0,23152.0,3,37.996109008789055,-122.2878646850586,4
2019,2019-01-27,221,1,4,2,7,N,A,Y,A,H,C,A,01,E,01,C,,,,,E,Y,N,D,2,0,0,0,23152.0,3,37.89119338989258,-122.14168548583984,4
2019,2019-01-29,901,1,4,9,2,N,A,Y,A,H,A,A,01,N,03,C,,,,,C,N,N,D,2,0,0,0,22350.0,2,37.945899963378906,-122.05809020996094,4
2019,2019-01-30,935,1,4,9,3,N,A,Y,A,H,A,A,01,N,03,C,,,,,C,Y,N,D,2,0,0,0,22350.0,2,37.866165161132805,-122.0385971069336,4
2019,2019-02-02,2351,2,4,23,6,N,C,Y,B,H,C,D,22,N,03,E,,,,,I,Y,N,D,3,0,0,0,22350.0,1,38.02828598022461,-122.11589813232422,3
2019,2019-01-30,1740,1,4,17,3,N,A,Y,A,H,D,D,22,,03,C,,,,,C,Y,N,D,3,0,0,0,22350.0,4,37.892776489257805,-122.16417694091795,4
2019,2019-02-03,1630,2,4,16,7,N,B,Y,A,H,A,A,01,W,09,D,,,,,C,Y,N,D,1,0,0,0,21804.0,2,37.896461486816406,-121.68075561523438,4
2019,2019-01-24,745,1,4,7,4,N,A,Y,A,H,A,A,01,E,03,C,,,,,C,Y,M,D,1,0,0,0,22350.0,3,37.99348831176758,-122.30168914794922,4
2019,2019-02-02,854,2,4,8,6,N,B,Y,B,H,A,A,01,N,07,B,,,,,C,Y,N,D,1,0,0,0,21658.0,2,37.99299621582031,-122.03961181640624,4
2019,2019-01-25,1653,1,4,16,5,N,A,Y,A,H,A,C,02,E,08,F,,,Y,,A,Y,N,D,1,0,0,1,22107.0,1,37.9228515625,-122.31918334960938,2
2019,2019-02-02,445,2,4,4,6,N,B,Y,B,H,D,A,01,E,03,D,,,,,I,Y,N,D,1,0,0,0,22350.0,2,,,4
2019,2019-01-30,407,1,4,4,3,Y,B,N,A,H,C,A,01,,10,G,Y,,,,B,N,F,A,1,1,0,0,21950.0,2,38.032909393310554,-122.2671127319336,4
2020,2020-04-13,250,4,1,2,1,N,A,N,A,H,C,A,01,W,01,A,,,,,I,Y,N,D,1,0,0,0,23153.0,1,37.99937438964844,-122.05518341064452,2
2019,2019-01-29,601,1,4,6,2,N,B,Y,A,H,A,A,01,E,03,C,,,,,C,N,N,D,1,0,0,0,22350.0,2,38.01912689208984,-121.93821716308594,4
2019,2019-01-29,1520,1,4,15,2,N,A,N,A,H,A,A,01,S,03,C,,,,,C,N,N,D,1,0,0,0,22350.0,3,37.96190643310546,-122.37374877929688,4
2019,2019-02-04,840,2,4,8,1,N,B,Y,B,H,A,A,01,W,03,E,,,,,I,Y,N,D,1,0,0,0,22350.0,1,37.89985275268555,-122.31005859375,4
2019,2019-02-02,1845,2,4,18,6,N,A,N,B,H,D,-,- ,E,18,E,,,,,I,Y,N,A,1,0,0,0,,1,37.926517486572266,-122.05097198486328,4
2019,2019-02-02,1425,2,4,14,6,N,C,N,B,H,A,A,01,W,05,D,,,,,C,Y,N,D,2,0,0,0,21460.0,2,37.97432327270508,-122.2507095336914,2
2019,2019-02-03,650,2,4,6,7,N,B,Y,B,H,B,A,01,E,08,E,,,,,I,Y,N,D,1,0,0,0,22107.0,1,,,3
2019,2019-02-03,1012,2,4,10,7,N,B,Y,B,H,A,A,01,S,01,E,,,,,I,Y,N,D,1,0,0,0,23152.0,1,38.00378036499024,-122.03704833984376,4
2018,2018-12-18,1810,12,4,18,2,Y,A,N,A,H,E,N,60,,11,G,Y,,,,B,N,N,D,0,0,0,0,21954.0,2,37.976341247558594,-122.31233215332033,1
2018,2018-11-18,2125,11,3,21,7,N,F,Y,A,H,D,A,01,E,01,E,,,,,I,Y,N,D,1,0,0,0,23152.0,3,38.012489318847656,-122.0036392211914,1
2018,2018-10-27,455,10,3,4,6,N,A,Y,A,H,C,C,02,E,08,E,,,Y,,I,Y,N,D,0,0,0,0,22107.0,1,38.05316162109375,-122.22661590576172,1
2019,2019-02-04,1820,2,4,18,1,N,B,Y,B,H,D,D,22,N,03,C,,,,,C,N,N,D,1,0,0,0,22350.0,2,37.9176025390625,-122.06377410888672,3
2018,2018-12-25,1041,12,4,10,2,N,A,N,A,H,A,A,01,N,01,D,,,,,C,Y,N,D,1,0,0,0,23152.0,2,38.02671051025391,-122.2012939453125,1
2019,2019-02-06,750,2,4,7,3,N,A,N,A,H,A,A,01,S,03,G,Y,,,,B,N,N,D,0,0,0,0,22350.0,2,37.98541641235352,-122.06932067871094,1
2019,2019-01-28,1320,1,4,13,1,Y,B,N,A,H,A,C,02,,03,B,,,Y,Y,C,N,N,D,1,0,0,1,22350.0,2,37.98355102539063,-122.06568908691406,3
2019,2019-01-29,1735,1,4,17,2,N,B,Y,A,H,A,C,02,W,03,C,,,Y,,C,Y,N,D,1,0,0,1,22350.0,2,37.93397521972656,-122.3266372680664,4
2018,2018-12-07,505,12,4,5,5,N,A,N,A,H,D,N,60,E,11,G,Y,,,,B,Y,N,D,0,0,0,0,21954.0,2,37.99848175048828,-122.33560180664062,1
2019,2019-01-30,1445,1,4,14,3,N,A,Y,A,H,A,A,01,S,03,C,,,,,C,Y,N,D,2,0,0,0,22350.0,5,37.822898864746094,-121.9935302734375,4
2019,2019-01-30,1155,1,4,11,3,N,B,Y,A,H,A,-,99,E,03,C,,,,,C,Y,N,D,1,0,0,0,22350.0,2,38.013568878173835,-121.99727630615234,4
2019,2019-02-02,505,2,4,5,6,N,C,Y,B,H,D,A,01,N,03,E,,,,,I,Y,N,D,1,0,0,0,22350.0,1,37.76652908325195,-121.96979522705078,4
2019,2019-02-04,1940,2,4,19,1,N,B,Y,B,H,D,A,01,S,08,B,,,,,C,Y,N,D,2,0,0,0,22107.0,3,37.94197082519531,-122.05951690673828,3
2019,2019-02-03,1501,2,4,15,7,N,B,Y,B,H,A,A,01,S,08,B,,,,,C,Y,N,D,2,0,0,0,22107.0,5,37.94103240966797,-122.05986785888672,4
2019,2019-02-06,820,2,4,8,3,N,A,Y,A,H,A,A,01,S,03,C,,,,,C,Y,N,D,1,0,0,0,22350.0,3,37.85982894897461,-122.03219604492188,3
2019,2019-02-07,1950,2,4,19,4,N,A,Y,A,H,B,A,01,E,07,B,,,Y,,C,Y,N,D,1,0,0,1,21658.0,3,37.89640426635742,-122.07876586914062,3
2018,2018-12-15,210,12,4,2,6,N,B,Y,A,H,D,D,22,E,01,C,,,,Y,E,Y,N,D,2,0,0,0,23152.0,2,37.91503143310546,-122.31735229492188,1
2019,2019-02-08,355,2,4,3,5,N,A,Y,A,H,D,A,01,W,03,C,,,,Y,C,Y,N,D,1,0,0,0,22350.0,2,37.91719436645508,-122.31739044189452,3
2019,2019-01-30,1017,1,4,10,3,N,A,Y,A,H,A,A,08,S,03,C,,,,,C,N,M,D,1,0,0,0,22350.0,5,37.859966278076165,-122.03256225585938,4
2020,2020-04-01,1506,4,1,15,3,Y,A,N,A,H,A,L,04,,09,H,,Y,,,G,,N,A,1,0,1,0,21802.0,2,,,4
2019,2019-01-30,115,1,4,1,3,N,A,Y,A,H,C,A,08,E,03,C,,,,,D,Y,N,D,1,0,0,0,22350.0,3,38.000709533691406,-122.28282928466795,4
2019,2019-02-02,1925,2,4,19,6,N,B,Y,B,H,C,A,07,W,01,B,,,,,C,Y,M,D,2,0,0,0,23152.0,2,38.01221466064453,-122.00495910644533,3
2019,2019-02-05,1615,2,4,16,2,N,B,Y,A,H,A,D,22,E,03,C,,,,,C,N,N,D,2,0,0,0,22350.0,4,38.01879501342773,-121.93567657470705,4
2019,2019-02-04,505,2,4,5,1,N,C,Y,B,H,D,A,01,N,08,E,,,,Y,I,Y,N,D,1,0,0,0,22107.0,2,37.9587287902832,-122.05260467529295,4
2019,2019-02-04,1815,2,4,18,1,N,C,Y,B,H,D,A,07,W,03,C,,,,,C,Y,N,D,1,0,0,0,22350.0,2,38.023391723632805,-121.96862030029295,4
2019,2019-02-05,734,2,4,7,2,N,A,N,B,H,A,D,22,S,03,E,,,,,I,Y,N,D,5,0,0,0,22350.0,1,37.97072982788086,-122.07459259033205,4
2019,2019-02-06,1638,2,4,16,3,N,A,Y,A,H,A,C,02,W,08,F,,,Y,,A,Y,N,D,1,0,0,1,22107.0,1,37.99806594848633,-122.06085205078124,3
2019,2019-02-08,2010,2,4,20,5,N,B,Y,B,H,D,A,01,S,03,E,,,,,I,Y,N,D,1,0,0,0,22350.0,1,37.90422821044922,-122.0699462890625,4
2019,2019-02-08,1500,2,4,15,5,N,B,Y,B,H,A,A,07,N,03,C,,,,,C,Y,N,D,2,0,0,0,22350.0,3,37.94768524169922,-122.05697631835938,4
2019,2019-02-07,1445,2,4,14,4,N,A,Y,A,H,A,A,01,N,03,C,,,,,C,Y,N,D,1,0,0,0,22350.0,2,37.915828704833984,-122.0654067993164,4
2019,2019-02-08,1525,2,4,15,5,N,B,N,B,H,A,A,08,S,21,D,,,Y,,C,N,N,D,1,0,0,1,22106.0,2,37.99406051635742,-122.07421112060548,4
2020,2020-03-14,1110,3,1,11,6,Y,C,N,B,H,A,N,60,,- ,G,Y,,,,B,N,N,D,1,1,0,0,,2,37.925559997558594,-121.69217681884766,3
2020,2020-03-05,1116,3,1,11,4,Y,A,N,-,H,A,A,08,,12,D,,,,,C,Y,N,A,1,0,0,0,21453.0,2,37.9255485534668,-121.69615173339844,2
2020,2020-03-12,1744,3,1,17,4,Y,A,N,-,H,A,-,,,12,-,,Y,,,G,N,N,A,1,0,1,0,22450.0,2,37.96290969848633,-121.71952056884766,2
2020,2020-04-12,113,4,1,1,7,Y,A,N,A,H,D,A,01,,03,E,,,,,I,N,M,A,1,0,0,0,22350.0,1,37.953948974609375,-121.71414184570312,4
2019,2019-02-02,1938,2,4,19,6,N,B,Y,B,H,C,A,07,W,01,E,,,,,I,Y,N,D,1,0,0,0,23152.0,1,38.023658752441406,-121.97042846679688,3
2019,2019-02-02,407,2,4,4,6,N,C,Y,B,H,D,A,01,W,03,D,,,,,C,Y,N,D,1,0,0,0,22350.0,2,37.89154815673828,-122.17190551757812,4
2019,2019-02-03,1850,2,4,18,7,N,B,Y,B,H,D,-,- ,E,18,E,,,,,J,N,N,D,2,0,0,0,,1,38.02237319946289,-121.96206665039062,4
2019,2019-01-31,1025,1,4,10,4,N,B,N,A,H,A,A,01,N,05,B,,,,,C,Y,N,D,2,0,0,0,21460.0,2,37.8515510559082,-121.62410736083984,4
2020,2020-04-20,1937,4,1,19,1,N,A,N,A,H,A,A,01,N,01,E,,,,,I,N,M,D,1,0,0,0,23152.0,1,38.00180435180664,-122.29927825927734,3
2019,2019-02-09,1550,2,4,15,6,N,B,Y,B,H,A,A,01,S,03,C,,,,,C,Y,N,D,2,0,0,0,22350.0,2,38.02230072021485,-122.1042938232422,4
2019,2019-02-05,1850,2,4,18,2,N,A,Y,A,H,C,A,01,S,03,C,,,,,C,N,N,D,1,0,0,0,22350.0,2,37.9630126953125,-122.05039978027344,4
2019,2019-02-11,248,2,4,2,1,N,A,N,A,H,D,A,01,S,08,E,,,,,I,Y,N,D,1,0,0,0,22107.0,1,37.9619140625,-121.93030548095705,4
2019,2019-02-09,1735,2,4,17,6,N,B,N,B,H,C,A,07,W,05,B,,,,,C,Y,N,D,2,0,0,0,21460.0,2,38.02677154541016,-121.94647979736328,4
2019,2019-02-04,2142,2,4,21,1,N,B,Y,B,H,C,A,01,S,08,E,,,,,I,Y,N,D,1,0,0,0,22107.0,1,37.80004119873047,-121.9880828857422,3
2019,2019-01-31,610,1,4,6,4,N,B,N,B,H,A,A,07,N,08,E,,,,,I,N,N,D,1,0,0,0,22107.0,1,37.926055908203125,-122.16278839111328,2
2019,2019-01-31,945,1,4,9,4,N,B,Y,A,H,A,D,22,E,03,C,,,,,C,N,N,D,1,0,0,0,22350.0,2,37.89168548583984,-122.15103912353516,3
2019,2019-02-03,210,2,4,2,7,N,C,N,B,H,D,A,01,S,01,C,,,,,C,Y,N,D,1,0,0,0,23152.0,2,37.85280227661133,-121.64934539794922,4
2019,2019-02-01,845,2,4,8,5,N,B,Y,A,H,A,A,01,S,03,C,,,,,C,N,N,D,2,0,0,0,22350.0,2,37.85049057006836,-122.02864837646484,4
2019,2019-02-07,2300,2,4,23,4,N,A,Y,A,H,D,D,22,W,01,E,,,,,I,Y,N,D,1,0,0,0,23152.0,1,38.013179779052734,-121.99918365478516,3
2019,2019-02-10,518,2,4,5,7,N,B,Y,B,H,D,A,01,W,08,E,,,,,I,Y,N,D,1,0,0,0,22107.0,1,38.00281524658203,-122.15215301513672,3
2019,2019-02-06,1115,2,4,11,3,N,A,Y,A,H,A,A,01,S,08,E,,,,,I,Y,N,D,1,0,0,0,22107.0,1,37.93986129760742,-121.74021911621094,3
2019,2019-02-11,635,2,4,6,1,N,A,Y,A,H,A,A,01,S,03,C,,,,,C,Y,M,D,1,0,0,0,22350.0,4,37.97409057617188,-122.04608917236328,4
2019,2019-02-06,1919,2,4,19,3,N,A,N,A,H,C,A,07,N,01,B,,,,,C,Y,N,D,1,0,0,0,23152.0,2,38.02553176879882,-122.02758026123048,3
2019,2019-02-08,1215,2,4,12,5,N,B,Y,A,H,A,A,01,N,03,C,,,,,C,Y,N,D,1,0,0,0,22350.0,2,37.86791610717773,-122.03987121582033,4
2019,2019-02-13,1555,2,4,15,3,N,B,Y,B,H,A,A,08,S,03,C,,,,,C,Y,N,D,1,0,0,0,22350.0,2,37.914100646972656,-122.06645965576172,4
2019,2019-02-11,1850,2,4,18,1,N,A,Y,A,H,D,A,01,W,07,B,,,,,C,N,N,D,1,0,0,0,21658.0,2,38.019439697265625,-121.89997863769533,3
2019,2019-01-29,850,1,4,8,2,N,A,N,A,H,A,-,- ,N,18,C,,,,,C,Y,N,D,1,0,0,0,,2,37.78526306152344,-121.6963348388672,3
2019,2019-02-11,1230,2,4,12,1,N,B,Y,A,H,A,A,01,W,03,C,,,,,C,N,N,A,1,0,0,0,22350.0,2,,,3
2019,2019-02-12,1730,2,4,17,2,N,B,Y,A,H,C,A,07,S,03,C,,,,,C,N,N,D,2,0,0,0,22350.0,2,37.87960815429688,-122.05030822753906,4
2019,2019-02-04,945,2,4,9,1,N,B,Y,B,C,A,A,01,N,07,C,,,,,C,Y,N,D,5,0,0,0,21658.0,3,37.9827537536621,-122.04164886474608,3
2019,2019-02-06,730,2,4,7,3,N,A,Y,A,H,A,F,26,E,03,C,,,,Y,C,Y,N,D,1,0,0,0,22350.0,3,37.86949920654297,-122.19390106201172,2
2019,2019-01-23,1240,1,4,12,3,N,A,Y,A,H,A,-,- ,E,18,B,,,,,C,Y,N,D,1,0,0,0,,2,37.87222671508789,-122.19028472900392,4
2019,2019-01-30,850,1,4,8,3,N,A,Y,A,H,A,A,01,E,07,B,,,Y,,C,Y,N,D,1,0,0,1,21658.0,2,37.89279174804688,-122.16729736328124,2
2019,2019-02-07,810,2,4,8,4,N,A,Y,A,H,A,A,01,E,03,C,,,,,C,Y,N,D,2,0,0,0,22350.0,2,38.01189041137695,-121.86675262451172,4
2019,2019-02-10,220,2,4,2,7,N,C,Y,B,H,D,A,01,W,01,F,,,,,I,Y,N,D,1,0,0,0,23152.0,1,38.007617950439446,-122.21149444580078,3
2019,2019-02-13,205,2,4,2,3,N,C,Y,B,H,D,D,22,S,08,E,,,,,I,Y,N,D,1,0,0,0,22107.0,1,37.98656463623047,-122.04093933105467,4
2019,2019-02-14,1450,2,4,14,4,Y,B,N,B,H,A,A,01,,09,A,,,,,C,Y,N,A,2,0,0,0,21801.0,2,37.8714599609375,-121.64154052734376,4
2019,2019-02-14,1253,2,4,12,4,N,B,Y,B,H,D,A,01,E,08,E,,,,,I,Y,N,D,1,0,0,0,22107.0,1,37.921852111816406,-122.35576629638672,3
2019,2019-02-15,530,2,4,5,5,N,B,Y,B,H,C,A,01,W,03,C,,,,,C,Y,N,D,1,0,0,0,22350.0,2,37.982227325439446,-122.31632232666016,4
2019,2019-02-08,1447,2,4,14,5,N,B,N,B,H,A,A,01,E,03,E,,,,,J,Y,N,D,1,0,0,0,22350.0,1,37.83154296875,-121.95027160644533,3
2019,2019-02-14,1710,2,4,17,4,N,A,Y,A,H,A,A,01,W,07,B,,,,,C,Y,N,D,2,0,0,0,21658.0,4,37.93526840209961,-122.32678985595705,3
2019,2019-02-13,845,2,4,8,3,N,B,Y,B,H,A,A,01,W,03,E,,,,,I,Y,N,D,1,0,0,0,22350.0,1,37.89949798583984,-122.3098602294922,4
2019,2019-02-07,1945,2,4,19,4,N,A,Y,A,H,C,A,01,W,03,C,,,,Y,C,Y,N,D,1,0,0,0,22350.0,2,38.05647659301758,-122.22480010986328,4
2019,2019-02-07,540,2,4,5,4,N,A,Y,A,H,D,C,02,W,03,B,,,Y,,C,Y,N,D,1,0,0,1,22350.0,3,37.916648864746094,-122.31752777099608,3
2019,2019-02-09,1120,2,4,11,6,Y,B,N,B,H,A,A,01,,03,C,,,,,C,Y,N,D,2,0,0,0,22350.0,2,37.82936096191406,-121.94342041015624,4
2019,2019-02-10,1930,2,4,19,7,N,A,Y,A,H,C,C,02,S,01,C,,,Y,,C,Y,N,D,1,0,0,1,23152.0,3,37.99815368652344,-122.07413482666016,2
2019,2019-02-11,655,2,4,6,1,N,C,Y,B,H,A,D,22,N,03,C,,,,,C,Y,N,D,1,0,0,0,22350.0,2,,,4
2019,2019-02-10,15,2,4,0,7,N,C,Y,B,H,C,A,01,W,01,E,,,,,I,N,N,D,3,0,0,0,23152.0,1,37.89554977416992,-122.0749282836914,4
2019,2019-02-11,636,2,4,6,1,N,A,Y,A,H,A,A,01,S,03,C,,,,,C,N,N,D,2,0,0,0,22350.0,3,37.97774887084961,-122.0438995361328,4