ACCIDENT_YEAR,COLLISION_DATE,COLLISION_TIME,MONTH,SEASON,24HOURS,DAY_OF_WEEK,INTERSECTION,WEATHER_1,STATE_HWY_IND,ROAD_SURFACE,ROAD_COND_1,LIGHTING,STWD_VEHTYPE_AT_FAULT,CHP_VEHTYPE_AT_FAULT,DIRECTION,PCF_VIOL_CATEGORY,TYPE_OF_COLLISION,PEDESTRIAN_ACCIDENT,BICYCLE_ACCIDENT,MOTORCYCLE_ACCIDENT,TRUCK_ACCIDENT,MVIW,TOW_AWAY,HIT_AND_RUN,CONTROL_DEVICE,NUMBER_INJURED,COUNT_PED_INJURED,COUNT_BICYCLIST_INJURED,COUNT_MC_INJURED,PCF_VIOLATION,PARTY_COUNT,POINT_Y,POINT_X,COLLISION_SEVERITY
2019,2019-04-24,831,4,1,8,3,N,A,Y,A,H,A,A,01,W,03,B,,,,,C,Y,N,D,1,0,0,0,22350.0,4,38.04362869262695,-122.24017333984376,4
2019,2019-04-27,1508,4,1,15,6,N,A,Y,A,H,A,E,22,S,03,C,,,,,C,Y,N,D,1,0,0,0,22350.0,2,37.98421478271485,-122.06622314453124,3
2019,2019-04-24,835,4,1,8,3,N,A,Y,A,H,A,A,01,W,03,B,,,Y,,C,Y,F,D,1,0,0,1,22350.0,3,37.92394256591797,-122.3200225830078,3
2019,2019-04-29,1650,4,1,16,1,N,A,Y,A,H,A,A,07,W,03,C,,,,,C,Y,N,D,2,0,0,0,22350.0,3,38.019805908203125,-121.95147705078124,3
2019,2019-04-27,938,4,1,9,6,N,A,Y,A,H,A,-,- ,N,18,H,,Y,,,A,N,N,D,1,0,1,0,,1,38.02439498901367,-121.75154876708984,3
2019,2019-04-26,2105,4,1,21,5,N,A,Y,A,H,D,A,08,S,03,C,,,,,C,Y,N,D,2,0,0,0,22350.0,2,37.75668716430664,-121.96312713623048,4
2019,2019-04-29,850,4,1,8,1,N,A,Y,A,H,A,A,01,E,03,C,,,,,C,Y,N,D,1,0,0,0,22350.0,2,37.91075134277344,-122.31713104248048,4
2019,2019-04-30,1725,4,1,17,2,N,A,Y,A,H,A,G,25,W,07,B,,,,Y,C,Y,N,D,1,0,0,0,21658.0,3,38.00425720214844,-122.03953552246094,3
2019,2019-04-30,746,4,1,7,2,N,A,Y,A,H,A,A,01,N,08,E,,,,,I,Y,N,D,1,0,0,0,22107.0,1,37.99946975708008,-122.07605743408205,4
2019,2019-04-22,1920,4,1,19,1,Y,A,N,A,H,A,A,07,,12,D,,,,,C,Y,N,A,1,0,0,0,22450.0,2,37.936721801757805,-122.05111694335938,4
2019,2019-04-23,930,4,1,9,2,N,A,Y,A,H,A,A,01,E,03,C,,,,Y,C,Y,N,D,2,0,0,0,22350.0,3,38.02239990234375,-121.96221160888672,4
2019,2019-05-01,1720,5,1,17,3,N,A,N,A,H,A,D,22,E,03,C,,,,,C,N,N,D,1,0,0,0,22350.0,2,37.9215202331543,-121.90221405029295,4
2019,2019-05-01,2010,5,1,20,3,N,A,Y,A,H,C,A,01,W,01,E,,,,,I,Y,N,D,1,0,0,0,23152.0,1,38.01940155029297,-121.9429931640625,3
2019,2019-05-01,2020,5,1,20,3,N,B,N,A,B,D,C,06,E,22,E,,,Y,,I,N,N,D,1,0,0,1,,1,,,4
2019,2019-04-28,1257,4,1,12,7,N,A,Y,A,H,A,A,01,E,07,B,,,,,C,Y,N,D,1,0,0,0,21658.0,3,37.96066284179688,-122.33016204833984,4
2019,2019-04-18,830,4,1,8,4,N,A,Y,A,H,A,A,01,E,07,F,,,Y,,I,N,F,D,1,0,0,1,21658.0,2,37.897159576416016,-122.08000946044922,3
2019,2019-05-01,1705,5,1,17,3,N,A,Y,A,H,A,A,07,E,03,C,,,,,C,Y,N,D,1,0,0,0,22350.0,2,37.894916534423835,-122.114013671875,4
2019,2019-05-01,1520,5,1,15,3,N,A,N,A,H,A,A,07,S,08,E,,,,,I,Y,N,D,1,0,0,0,22107.0,1,37.79674911499024,-121.88079071044922,3
2019,2019-05-01,135,5,1,1,3,N,A,N,A,H,C,A,01,W,01,E,,,,,I,Y,N,D,1,0,0,0,23152.0,1,37.999561309814446,-122.07041168212892,4
2019,2019-05-03,2341,5,1,23,5,N,A,Y,A,H,D,D,22,N,01,C,,,,,C,Y,N,D,1,0,0,0,23152.0,4,37.93149566650391,-122.06038665771484,4
2019,2019-05-01,2150,5,1,21,3,N,A,Y,A,H,E,A,01,N,03,C,,,,,C,N,N,D,1,0,0,0,22350.0,2,37.96976089477539,-122.05902099609376,4
2019,2019-05-02,1828,5,1,18,4,Y,A,N,A,H,A,A,07,,06,D,,,,,C,Y,N,D,4,0,0,0,21750.0,2,,,2
2019,2019-05-01,1807,5,1,18,3,N,A,Y,A,H,A,C,02,E,07,C,,,Y,,C,Y,N,D,1,0,0,1,21658.0,2,,,2
2019,2019-04-28,900,4,1,9,7,N,A,N,A,H,A,-,- ,W,00,F,,,Y,,A,N,N,A,1,0,0,1,,2,37.97804641723633,-122.06145477294922,2
2019,2019-05-03,1440,5,1,14,5,N,A,Y,A,H,A,A,01,E,07,B,,,Y,,C,Y,N,D,1,0,0,1,21658.0,2,37.99053955078125,-122.09654235839844,3
2019,2019-05-04,2140,5,1,21,6,N,A,Y,A,H,D,A,01,E,01,E,,,,,I,Y,N,D,1,0,0,0,23152.0,1,37.99102020263672,-122.0979232788086,4
2019,2019-04-29,1150,4,1,11,1,N,A,Y,A,H,A,A,08,W,08,E,,,,,I,Y,N,D,1,0,0,0,22107.0,1,37.89086532592773,-122.1460418701172,4
2019,2019-05-03,1755,5,1,17,5,N,A,Y,A,H,A,D,22,S,03,C,,,,,C,Y,N,D,1,0,0,0,22350.0,2,37.914249420166016,-122.06640625,4
2019,2019-05-08,825,5,1,8,3,N,A,Y,A,H,A,A,01,W,07,B,,,,,C,Y,N,D,2,0,0,0,21658.0,2,37.92104721069336,-122.33565521240234,3
2019,2019-05-01,2235,5,1,22,3,N,A,Y,A,D,C,I,10,W,03,C,,,,,C,Y,N,D,5,0,0,0,22350.0,4,37.90111923217773,-122.31082916259766,2
2020,2020-02-24,1410,2,4,14,1,N,A,Y,A,H,A,A,07,E,03,C,,,,,E,Y,N,D,1,0,0,0,22350.0,3,33.8282585144043,-117.99330139160156,3
2019,2019-05-01,2104,5,1,21,3,Y,A,N,A,H,C,A,01,,10,G,Y,,,,B,N,N,A,1,1,0,0,21950.0,2,37.92782974243164,-122.05461883544922,2
2019,2019-05-03,1215,5,1,12,5,N,A,Y,A,H,A,A,07,W,03,C,,,,,C,Y,N,D,1,0,0,0,22350.0,2,38.00439834594727,-121.84049987792967,4
2019,2019-05-04,1300,5,1,13,6,N,A,Y,A,H,A,A,01,S,03,C,,,,,C,N,N,A,1,0,0,0,22350.0,3,37.903690338134766,-122.068359375,4
2019,2019-05-04,2312,5,1,23,6,N,A,Y,A,H,D,A,01,E,03,C,,,,,C,Y,N,D,2,0,0,0,22350.0,2,37.95881652832031,-122.33060455322266,4
2019,2019-05-05,2056,5,1,20,7,N,A,Y,A,H,C,A,07,W,08,B,,,,,C,Y,N,D,1,0,0,0,22107.0,2,38.00896835327149,-122.27490997314452,3
2019,2019-05-12,1043,5,1,10,7,N,A,Y,A,H,A,A,01,E,03,C,,,,,C,Y,N,D,5,0,0,0,22350.0,3,37.91487121582031,-122.31752777099608,4
2019,2019-05-05,1305,5,1,13,7,N,A,N,A,H,A,C,02,S,08,E,,,Y,,I,N,N,D,1,0,0,1,22107.0,1,37.8315544128418,-122.02180480957033,3
2019,2019-05-05,2005,5,1,20,7,N,B,Y,A,H,B,A,01,S,08,E,,,,,I,Y,N,D,1,0,0,0,22107.0,2,37.88321685791016,-122.05277252197266,4
2019,2019-05-06,1455,5,1,14,1,N,A,Y,A,H,A,A,01,N,03,C,,,,,C,Y,N,D,2,0,0,0,22350.0,3,37.95618438720703,-122.05304718017578,4
2019,2019-04-26,145,4,1,1,5,N,A,Y,A,H,D,-,- ,E,18,C,,,,,C,Y,N,D,3,0,0,0,,2,38.01469039916992,-121.99444580078124,4
2019,2019-05-06,1220,5,1,12,1,N,B,N,A,H,A,A,07,E,08,F,,,,,A,Y,N,D,2,0,0,0,22107.0,1,38.04515075683594,-122.23800659179688,2
2019,2019-05-06,1530,5,1,15,1,N,B,Y,A,H,A,D,22,E,03,C,,,,,C,Y,N,D,2,0,0,0,22350.0,3,37.89809036254882,-122.09041595458984,4
2019,2019-05-07,750,5,1,7,2,N,A,Y,A,H,A,D,22,W,03,C,,,,,C,N,N,D,1,0,0,0,22350.0,2,38.02016830444336,-121.90731048583984,4
2019,2019-05-07,1655,5,1,16,2,N,A,Y,A,H,A,-,99,E,07,F,,,Y,,A,Y,F,D,1,0,0,1,21658.0,2,38.00016784667969,-122.05681610107422,3
2019,2019-05-02,1910,5,1,19,4,N,A,N,A,H,B,A,01,N,03,C,,,,,C,Y,N,D,1,0,0,0,22350.0,2,37.792762756347656,-121.8640594482422,3
2019,2019-05-06,1310,5,1,13,1,N,A,Y,A,H,A,A,07,W,08,E,,,,,I,Y,N,D,1,0,0,0,22107.0,1,,,4
2019,2019-05-07,1420,5,1,14,2,N,A,Y,A,H,A,D,22,W,03,C,,,,,C,Y,N,D,1,0,0,0,22350.0,2,37.99605178833008,-121.785400390625,3
2019,2019-05-07,1445,5,1,14,2,N,A,Y,A,H,A,A,01,N,03,C,,,,,C,N,N,D,2,0,0,0,22350.0,2,37.997467041015625,-122.07360076904295,4
2019,2019-05-07,815,5,1,8,2,N,B,N,A,H,A,A,01,E,03,C,,,,,C,Y,N,D,1,0,0,0,22350.0,2,37.96673202514648,-122.30523681640624,4
2019,2019-05-07,745,5,1,7,2,N,B,Y,A,H,A,A,01,N,03,C,,,,Y,C,N,N,D,1,0,0,0,22350.0,2,37.867164611816406,-122.03934478759766,4
2019,2019-05-07,1540,5,1,15,2,N,A,Y,A,H,A,A,01,N,07,B,,,,,C,Y,N,D,1,0,0,0,21658.0,2,37.89583587646485,-122.070556640625,4
2019,2019-05-07,1645,5,1,16,2,N,A,Y,A,H,A,A,01,E,03,C,,,,,C,N,N,D,1,0,0,0,22350.0,2,37.89614486694336,-122.07343292236328,4
2019,2019-05-08,535,5,1,5,3,N,A,Y,A,H,D,A,01,E,03,C,,,,,C,Y,N,D,1,0,0,0,22350.0,2,37.89014434814453,-121.5968017578125,3
2019,2019-05-07,725,5,1,7,2,N,B,Y,A,B,A,A,01,S,04,C,,,,,C,Y,N,D,2,0,0,0,21703.0,4,37.751731872558594,-121.95990753173828,4
2019,2019-05-08,1545,5,1,15,3,N,A,Y,A,H,A,C,02,E,03,C,,,Y,,C,Y,N,D,1,0,0,1,22350.0,3,37.9332275390625,-122.32627868652344,3
2019,2019-05-05,30,5,1,0,7,N,A,Y,A,G,C,A,01,E,03,C,,,,,C,Y,N,D,1,0,0,0,22350.0,2,37.96198272705078,-122.32928466796876,3
2019,2019-05-03,1600,5,1,16,5,N,A,N,A,H,A,A,07,S,03,C,,,,,C,N,M,A,2,0,0,0,22350.0,2,37.803268432617195,-121.9223403930664,4
2019,2019-05-08,1155,5,1,11,3,N,A,Y,A,H,A,A,07,W,08,C,,,,,C,Y,N,D,3,0,0,0,22107.0,3,,,3
2019,2019-05-08,612,5,1,6,3,N,A,Y,A,H,A,D,22,W,03,C,,,,,C,N,N,D,1,0,0,0,22350.0,2,38.010589599609375,-122.27362060546876,4
2019,2019-05-08,910,5,1,9,3,N,B,Y,A,H,A,D,22,S,03,C,,,,,C,Y,N,D,2,0,0,0,22350.0,2,37.987892150878906,-122.0407257080078,4
2019,2019-05-08,450,5,1,4,3,N,A,N,A,H,C,A,07,W,08,F,,,,,A,Y,N,D,1,0,0,0,22107.0,1,37.877056121826165,-121.70816802978516,4
2019,2019-05-09,2354,5,1,23,4,N,A,Y,A,H,C,A,07,W,01,E,,,,,I,Y,N,D,1,0,0,0,23152.0,1,38.01218032836913,-121.86685180664062,3
2019,2019-05-09,855,5,1,8,4,N,A,Y,A,H,A,A,01,S,03,C,,,,,C,N,N,D,1,0,0,0,22350.0,2,,,4
2019,2019-05-09,810,5,1,8,4,N,B,N,A,H,A,A,01,E,09,D,,,,,C,Y,N,D,1,0,0,0,21801.0,2,37.97816848754882,-122.3054656982422,4
2019,2019-05-08,1635,5,1,16,3,N,A,Y,A,H,A,A,01,W,07,B,,,,,C,Y,F,D,1,0,0,0,21658.0,2,,,3
2019,2019-05-08,1350,5,1,13,3,N,A,N,A,H,A,-,- ,S,18,H,,,,,A,N,N,D,1,0,0,0,,1,,,4
2019,2019-05-12,2330,5,1,23,7,N,A,N,A,H,D,A,01,S,08,E,,,,,I,Y,N,D,1,0,0,0,22107.0,1,37.80398178100586,-121.67470550537108,4
2019,2019-05-12,1950,5,1,19,7,N,A,Y,A,H,A,C,02,W,03,F,,,Y,,A,Y,N,D,1,0,0,1,22350.0,1,38.00606536865234,-121.84551239013672,3
2019,2019-05-12,755,5,1,7,7,N,A,Y,A,H,A,A,07,N,08,F,,,,,I,Y,N,D,1,0,0,0,22107.0,1,38.015937805175774,-122.0934600830078,4
2019,2019-05-09,1813,5,1,18,4,N,A,Y,A,H,A,A,01,E,03,C,,,,,C,Y,M,D,1,0,0,0,22350.0,2,,,4
2019,2019-05-13,1510,5,1,15,1,N,A,N,A,H,A,A,01,N,01,E,,,,,I,Y,N,D,1,0,0,0,23152.0,1,37.96302795410156,-122.28157806396484,2
2019,2019-05-09,553,5,1,5,4,N,A,Y,A,C,B,D,22,S,03,B,,,,,C,Y,N,D,1,0,0,0,22350.0,2,37.98785018920898,-122.0671615600586,4
2019,2019-05-09,552,5,1,5,4,N,A,Y,A,H,B,A,01,S,08,B,,,,,I,Y,N,D,1,0,0,0,22107.0,1,37.98785018920898,-122.0671615600586,4
2019,2019-05-13,31,5,1,0,1,N,A,N,A,H,D,A,01,W,01,E,,,,,I,Y,N,D,1,0,0,0,23152.0,1,37.94602966308594,-122.26710510253906,4
2019,2019-05-13,11,5,1,0,1,N,A,Y,A,H,D,A,01,N,08,E,,,,,I,Y,N,D,1,0,0,0,22107.0,1,37.86470413208008,-122.037353515625,4
2019,2019-05-13,440,5,1,4,1,N,A,Y,A,H,C,A,01,N,08,B,,,,,C,Y,N,D,2,0,0,0,22107.0,2,37.89490509033203,-122.06929779052734,4
2019,2019-05-14,810,5,1,8,2,N,A,Y,A,H,A,A,07,E,07,B,,,Y,,C,Y,N,D,1,0,0,1,21658.0,3,38.02278518676758,-121.96417236328124,3
2019,2019-05-14,1825,5,1,18,2,N,B,N,A,H,A,A,01,N,09,A,,,,,C,N,N,D,3,0,0,0,21802.0,2,38.02677154541016,-121.9461669921875,4
2019,2019-05-15,2330,5,1,23,3,N,C,Y,B,H,D,A,01,W,08,E,,,,,I,Y,N,D,1,0,0,0,22107.0,1,38.01227569580078,-122.00502014160156,4
2019,2019-05-15,2050,5,1,20,3,N,C,Y,B,H,C,A,01,W,03,C,,,,,C,N,N,D,1,0,0,0,22350.0,2,38.012989044189446,-121.99726104736328,4
2019,2019-05-16,1640,5,1,16,4,N,B,Y,A,H,A,A,07,N,03,C,,,,,C,Y,N,D,2,0,0,0,22350.0,4,38.012298583984375,-121.751953125,4
2019,2019-05-16,1655,5,1,16,4,N,C,Y,B,H,A,D,22,S,07,B,,,,,C,Y,N,D,1,0,0,0,21658.0,2,37.9861717224121,-122.06666564941406,4
2019,2019-05-10,1340,5,1,13,5,N,A,Y,A,H,A,A,01,E,07,C,,,Y,,C,Y,N,D,1,0,0,1,21658.0,2,37.8619384765625,-122.20930480957033,3
2019,2019-05-10,1835,5,1,18,5,N,A,Y,A,H,A,A,07,W,07,B,,,Y,,C,Y,N,D,1,0,0,1,21658.0,2,,,4
2019,2019-05-13,350,5,1,3,1,N,A,Y,A,H,D,A,01,E,03,C,,,,,C,Y,N,D,1,0,0,0,22350.0,2,,,3
2019,2019-05-08,1730,5,1,17,3,N,A,Y,A,H,A,A,07,S,03,C,,,,,C,Y,N,D,1,0,0,0,22350.0,3,37.863189697265625,-122.03507232666016,4
2019,2019-05-13,1610,5,1,16,1,N,A,N,A,H,A,A,07,S,03,C,,,,,C,N,N,D,1,0,0,0,22350.0,2,38.02736282348633,-121.97480010986328,4
2019,2019-05-13,2138,5,1,21,1,N,A,N,A,H,D,L,04,E,08,D,,Y,,,G,Y,N,D,1,0,1,0,22107.0,2,37.92105865478516,-122.09653472900392,2
2019,2019-05-13,1100,5,1,11,1,Y,A,N,A,H,A,-,- ,,00,D,,,,,C,Y,N,A,1,0,0,0,,2,38.02347183227539,-122.25708770751952,4
2019,2019-05-15,2350,5,1,23,3,N,C,Y,B,H,D,A,07,E,08,E,,,,,I,Y,N,D,1,0,0,0,22107.0,1,38.0208740234375,-121.95439910888672,4
2019,2019-05-15,848,5,1,8,3,N,B,Y,B,H,A,A,01,S,03,C,,,,,C,N,N,D,2,0,0,0,22350.0,3,37.96478271484375,-122.05532073974608,4
2019,2019-05-16,740,5,1,7,4,N,C,Y,B,H,A,A,01,W,08,E,,,,,I,N,N,D,1,0,0,0,22107.0,1,38.01144027709961,-122.27261352539062,4
2019,2019-05-16,610,5,1,6,4,N,B,Y,B,H,A,A,01,W,08,E,,,,,I,Y,N,D,1,0,0,0,22107.0,2,37.992313385009766,-122.1430892944336,4
2019,2019-05-10,1330,5,1,13,5,N,A,Y,A,H,A,A,01,W,03,B,,,,,C,Y,N,D,1,0,0,0,22350.0,2,37.92476272583008,-122.32062530517578,4
2019,2019-05-14,29,5,1,0,2,N,A,Y,A,H,C,A,01,W,07,B,,,,,C,Y,N,D,1,0,0,0,21658.0,2,38.01431274414063,-121.87876129150392,4
2020,2020-03-27,1234,3,1,12,5,N,A,N,A,H,A,A,01,S,01,-,,,,,C,Y,N,D,2,0,0,0,23152.0,3,37.96124267578125,-122.33700561523438,3
2020,2020-05-06,1449,5,1,14,3,Y,A,N,A,H,A,D,22,,09,B,,,,,C,Y,N,D,1,0,0,0,21802.0,2,37.97093963623047,-122.34764862060548,4
2020,2020-04-06,1230,4,1,12,1,Y,B,N,A,H,A,F,26,,12,D,,,,Y,C,Y,N,A,1,0,0,0,21453.0,2,37.96857833862305,-122.34532928466795,4
2019,2019-05-16,740,5,1,7,4,N,B,Y,B,H,A,A,01,E,03,C,,,,,C,Y,N,D,2,0,0,0,22350.0,3,38.015079498291016,-122.26911926269533,4
2019,2019-05-16,1622,5,1,16,4,N,C,Y,B,H,A,A,07,E,03,C,,,,,C,Y,N,D,2,0,0,0,22350.0,3,37.894886016845696,-122.11419677734376,4
2019,2019-05-17,1413,5,1,14,5,N,A,Y,A,H,A,A,01,W,03,C,,,,,C,Y,N,D,2,0,0,0,22350.0,5,37.90544509887695,-122.31383514404295,4
2020,2020-04-04,1646,4,1,16,6,Y,B,N,B,H,A,D,22,,12,D,,,,,C,Y,N,A,1,0,0,0,21453.0,2,37.95648956298828,-122.32943725585938,4
2019,2019-05-13,703,5,1,7,1,N,A,Y,A,H,A,D,22,E,07,B,,,Y,,C,Y,N,D,1,0,0,1,21658.0,3,37.966495513916016,-122.322265625,2
2019,2019-05-13,1615,5,1,16,1,N,A,Y,A,H,A,C,02,N,07,B,,,Y,,C,Y,N,D,1,0,0,1,21658.0,2,38.02965545654297,-122.11654663085938,3
2019,2019-05-13,805,5,1,8,1,Y,A,N,A,H,A,A,07,,09,D,,,,,C,Y,N,A,2,0,0,0,21802.0,2,38.02970123291016,-121.93859100341795,4
2019,2019-05-13,855,5,1,8,1,N,A,Y,A,H,A,A,07,E,03,C,,,,,C,Y,N,D,2,0,0,0,22350.0,4,38.022098541259766,-121.9605712890625,4
2019,2019-05-15,1750,5,1,17,3,N,C,Y,B,H,A,-,99,S,03,C,,,,,C,N,M,D,1,0,0,0,22350.0,2,37.90190887451172,-122.07013702392578,4
2019,2019-05-13,1108,5,1,11,1,N,A,Y,A,H,A,A,01,S,03,C,,,,,C,Y,N,D,1,0,0,0,22350.0,2,37.75333786010742,-121.96095275878906,4
2019,2019-05-18,210,5,1,2,6,N,B,Y,A,H,D,A,01,W,08,E,,,,,I,Y,N,D,1,0,0,0,22107.0,1,37.998092651367195,-121.81246948242188,4
2019,2019-05-18,855,5,1,8,6,N,B,Y,A,H,A,A,01,W,03,C,,,,,C,Y,N,D,3,0,0,0,22350.0,2,37.89704513549805,-122.10115814208984,3
2019,2019-05-15,1320,5,1,13,3,Y,B,N,B,H,A,-,- ,,18,F,,Y,,,A,N,N,A,1,0,1,0,,1,37.77584838867188,-121.86173248291016,3
2019,2019-05-14,730,5,1,7,2,N,B,Y,A,H,A,A,07,S,03,C,,,,,C,Y,M,D,1,0,0,0,22350.0,4,37.84689331054688,-122.02677154541016,4
2019,2019-05-14,1720,5,1,17,2,N,B,N,A,H,A,A,01,E,01,E,,,,,I,Y,N,D,1,0,0,0,23152.0,1,37.83053970336913,-121.59454345703124,3
2019,2019-05-18,2345,5,1,23,6,N,C,Y,B,H,C,A,01,W,03,C,,,,,C,N,N,D,1,0,0,0,22350.0,2,38.01254653930664,-122.00327301025392,4
2019,2019-05-18,1345,5,1,13,6,N,B,Y,B,H,A,A,07,W,08,E,,,,,I,Y,N,D,1,0,0,0,22107.0,1,37.897773742675774,-122.09854888916016,4
2019,2019-05-18,823,5,1,8,6,N,B,Y,A,H,A,D,22,N,03,C,,,,,C,Y,N,D,1,0,0,0,22350.0,2,38.02556228637695,-122.11181640625,4
2019,2019-05-18,1740,5,1,17,6,N,C,Y,B,H,A,A,01,E,07,B,,,,,C,Y,N,D,1,0,0,0,21658.0,2,37.86827850341797,-122.19521331787108,3
2019,2019-05-09,805,5,1,8,4,Y,A,N,A,H,A,L,04,,12,D,,Y,,,G,N,N,A,1,0,1,0,22450.0,2,37.89107131958008,-121.61049652099608,3
2019,2019-05-18,2335,5,1,23,6,N,B,Y,B,H,C,A,07,E,08,F,,,,,A,Y,N,D,2,0,0,0,22107.0,1,37.89244079589844,-122.16900634765624,4
2019,2019-05-15,740,5,1,7,3,N,C,Y,B,H,A,A,01,E,03,E,,,,,I,Y,N,D,1,0,0,0,22350.0,1,37.867351531982415,-122.19758605957033,4
2019,2019-05-16,1714,5,1,17,4,N,B,Y,B,H,A,A,07,S,03,C,,,,,C,Y,N,D,1,0,0,0,22350.0,4,,,4
2019,2019-05-19,150,5,1,1,7,N,B,Y,B,H,C,-,99,S,07,B,,,,,C,N,F,D,1,0,0,0,21658.0,2,37.92211151123047,-122.06145477294922,3
2019,2019-05-15,1000,5,1,10,3,N,C,N,B,H,A,A,01,E,08,E,,,,,I,Y,N,D,1,0,0,0,22107.0,1,37.963733673095696,-122.29554748535156,4
2019,2019-05-24,1430,5,1,14,5,N,A,Y,A,H,A,A,07,W,03,C,,,,,C,N,N,D,1,0,0,0,22350.0,2,37.9725456237793,-122.319580078125,4
2019,2019-05-20,1630,5,1,16,1,N,B,Y,A,H,A,A,08,W,03,C,,,,,C,N,N,D,1,0,0,0,22350.0,3,37.9241943359375,-122.31982421875,3
2019,2019-05-19,630,5,1,6,7,N,B,Y,B,H,B,A,07,W,03,B,,,,,I,Y,N,D,1,0,0,0,22350.0,2,37.96364212036133,-122.32695770263672,4
2019,2019-05-15,2000,5,1,20,3,N,C,N,B,H,B,A,01,S,03,E,,,,,I,Y,N,D,2,0,0,0,22350.0,2,37.962867736816406,-122.3737564086914,2
2019,2019-05-17,902,5,1,9,5,N,B,Y,A,H,A,-,99,W,07,B,,,,,C,Y,N,D,1,0,0,0,21658.0,3,38.00814056396485,-122.03079223632812,3
2019,2019-05-17,2041,5,1,20,5,Y,A,N,A,H,C,-,98,,12,D,,,,,C,Y,N,A,4,0,0,0,21453.0,2,37.94533920288086,-122.06047058105467,4
2019,2019-05-01,925,5,1,9,3,N,A,N,A,H,A,-,99,E,09,A,,,,,C,Y,F,A,3,0,0,0,21802.0,3,37.997905731201165,-122.31216430664062,2
2019,2019-05-19,1025,5,1,10,7,N,B,Y,B,H,A,D,22,N,03,E,,,,,I,Y,N,D,1,0,0,0,22350.0,1,,,4
2019,2019-05-21,510,5,1,5,2,N,B,Y,B,H,D,-,99,E,07,B,,,,,C,Y,F,D,1,0,0,0,21658.0,2,37.902202606201165,-122.31179809570312,4
2019,2019-05-21,525,5,1,5,2,N,B,Y,B,H,A,A,01,E,08,E,,,,,I,Y,N,D,1,0,0,0,22107.0,1,37.86867141723633,-122.19463348388672,3
2019,2019-05-21,1630,5,1,16,2,N,A,Y,A,H,A,-,- ,N,18,E,,,,,I,N,N,D,1,0,0,0,,1,,,4
2019,2019-05-22,605,5,1,6,3,N,A,Y,A,H,A,C,02,E,08,E,,,Y,,I,Y,N,D,1,0,0,1,22107.0,1,,,3
2019,2019-05-18,1925,5,1,19,6,N,B,Y,B,H,B,A,01,S,08,E,,,,,I,Y,N,D,1,0,0,0,22107.0,1,37.8017463684082,-121.98866271972656,3
2019,2019-05-19,1023,5,1,10,7,N,B,Y,B,H,A,A,01,S,08,E,,,,,I,Y,N,D,1,0,0,0,22107.0,1,37.76686096191406,-121.97003173828124,3
2019,2019-05-19,720,5,1,7,7,N,B,Y,B,H,A,A,01,N,08,C,,,,,C,Y,N,D,1,0,0,0,22107.0,2,37.78720474243164,-121.98059844970705,3
2019,2019-05-21,1315,5,1,13,2,Y,A,N,A,H,A,A,01,,09,B,,,,,I,Y,N,D,2,0,0,0,21802.0,2,,,4
2019,2019-05-23,2230,5,1,22,4,N,A,Y,A,H,D,A,01,E,01,C,,,,Y,C,Y,N,D,1,0,0,0,23152.0,2,38.01385498046875,-122.25640869140624,3
2019,2019-05-19,1025,5,1,10,7,N,B,Y,B,H,A,A,01,N,07,C,,,,,C,Y,N,D,1,0,0,0,21658.0,2,37.760791778564446,-121.96578979492188,4
2019,2019-05-19,1050,5,1,10,7,N,B,Y,B,H,A,A,01,N,08,E,,,,,I,Y,N,D,2,0,0,0,22107.0,2,37.78215408325195,-121.97792053222656,4
2019,2019-05-19,1115,5,1,11,7,N,B,Y,B,H,A,A,01,S,03,C,,,,,C,Y,N,D,4,0,0,0,22350.0,3,37.79202651977539,-121.98304748535156,3
2019,2019-05-23,1750,5,1,17,4,Y,A,N,A,H,A,A,01,,09,D,,,,,C,Y,N,A,1,0,0,0,21802.0,2,37.96395111083984,-122.29598999023438,4
2019,2019-05-23,2140,5,1,21,4,N,B,Y,A,H,D,A,01,W,03,C,,,,,C,Y,N,D,1,0,0,0,22350.0,2,37.89222717285156,-122.12774658203124,4
2019,2019-05-20,1514,5,1,15,1,N,A,Y,A,H,A,-,- ,W,00,C,,,,Y,C,N,N,D,1,0,0,0,,2,38.00894927978516,-122.02651977539062,4
2019,2019-05-28,955,5,1,9,2,N,A,Y,A,H,A,A,01,W,03,C,,,,,C,Y,N,D,4,0,0,0,22350.0,4,37.92985534667969,-122.32418060302734,3
2019,2019-05-21,1237,5,1,12,2,N,B,Y,B,H,A,A,01,N,09,D,,Y,,,G,N,N,D,1,0,1,0,21804.0,2,37.808895111083984,-122.03916931152344,3
2019,2019-05-21,1700,5,1,17,2,N,B,N,B,H,A,M,96,S,08,F,,,,,A,N,N,D,1,0,0,0,22107.0,1,37.81139755249024,-121.88651275634766,3