ACCIDENT_YEAR,COLLISION_DATE,COLLISION_TIME,MONTH,SEASON,24HOURS,DAY_OF_WEEK,INTERSECTION,WEATHER_1,STATE_HWY_IND,ROAD_SURFACE,ROAD_COND_1,LIGHTING,STWD_VEHTYPE_AT_FAULT,CHP_VEHTYPE_AT_FAULT,DIRECTION,PCF_VIOL_CATEGORY,TYPE_OF_COLLISION,PEDESTRIAN_ACCIDENT,BICYCLE_ACCIDENT,MOTORCYCLE_ACCIDENT,TRUCK_ACCIDENT,MVIW,TOW_AWAY,HIT_AND_RUN,CONTROL_DEVICE,NUMBER_INJURED,COUNT_PED_INJURED,COUNT_BICYCLIST_INJURED,COUNT_MC_INJURED,PCF_VIOLATION,PARTY_COUNT,POINT_Y,POINT_X,COLLISION_SEVERITY
2020,2020-08-21,715,8,2,7,5,N,B,Y,A,H,A,E,22,E,03,C,,,,,C,Y,N,D,2,0,0,0,22350.0,2,37.890098571777344,-121.5862274169922,4
2020,2020-08-13,1840,8,2,18,4,N,A,N,A,H,A,A,01,N,08,E,,,,,I,Y,N,D,2,0,0,0,22107.0,1,37.89962005615234,-122.24913024902344,3
2020,2020-08-16,1545,8,2,15,7,N,A,N,A,H,A,A,01,N,03,E,,,,,I,Y,N,A,1,0,0,0,22350.0,1,38.03503036499024,-122.2640380859375,2
2020,2020-08-17,2302,8,2,23,1,N,A,N,A,H,C,C,02,W,01,F,,,Y,,A,Y,N,D,1,0,0,1,23152.0,1,,,2
2020,2020-08-18,1435,8,2,14,2,N,A,N,A,H,A,-,- ,N,00,B,,,,,C,Y,N,D,1,0,0,0,,2,,,4
2020,2020-08-21,1620,8,2,16,5,N,A,Y,A,H,A,A,01,W,03,C,,,,,C,N,M,D,1,0,0,0,22350.0,2,37.89753341674805,-122.09637451171876,4
2020,2020-08-12,1100,8,2,11,3,N,A,N,A,H,A,L,04,S,17,D,,Y,,,G,N,N,A,1,0,1,0,21454.0,2,,,3
2020,2020-08-15,1920,8,2,19,6,N,A,Y,A,H,A,A,01,E,08,E,,,,,I,Y,N,D,1,0,0,0,22107.0,1,38.01504135131836,-122.26937103271484,3
2020,2020-08-21,1715,8,2,17,5,N,A,Y,A,H,A,A,01,E,03,C,,,,,C,Y,N,D,1,0,0,0,22350.0,2,38.010078430175774,-122.01776885986328,4
2020,2020-08-22,330,8,2,3,6,N,B,Y,A,H,D,A,01,W,08,E,,,,,I,Y,N,D,1,0,0,0,22107.0,1,38.039653778076165,-122.245849609375,3
2020,2020-08-15,2330,8,2,23,6,N,B,Y,A,H,C,A,01,W,08,E,,,,,I,Y,N,A,1,0,0,0,22107.0,1,37.99496841430664,-122.29047393798828,3
2020,2020-08-22,30,8,2,0,6,N,A,Y,A,D,C,D,22,S,08,C,,,,,C,Y,N,A,2,0,0,0,22107.0,2,37.828392028808594,-121.99910736083984,4
2020,2020-08-16,1500,8,2,15,7,N,A,N,A,H,A,-,- ,S,18,E,,,Y,,I,Y,N,D,1,0,0,0,,3,37.925628662109375,-122.09944915771484,4
2020,2020-08-20,1735,8,2,17,4,N,A,Y,A,H,A,A,07,N,03,C,,,,,C,Y,N,D,4,0,0,0,22350.0,4,37.94572830200195,-122.05784606933594,3
2020,2020-08-04,1635,8,2,16,2,N,A,Y,A,H,A,A,01,S,03,C,,,,,C,Y,F,D,1,0,0,0,22350.0,2,37.973968505859375,-122.04615020751952,3
2020,2020-08-16,920,8,2,9,7,N,B,Y,B,H,A,A,07,N,03,E,,,,,I,Y,N,D,1,0,0,0,22350.0,1,37.94646072387695,-122.0571517944336,4
2020,2020-08-16,840,8,2,8,7,N,B,Y,B,H,A,A,01,W,03,B,,,,,C,Y,N,D,2,0,0,0,22350.0,2,38.0194091796875,-121.89866638183594,3
2020,2020-08-16,410,8,2,4,7,N,A,Y,A,H,C,-,- ,E,18,D,,,,,C,Y,N,D,2,0,0,0,,4,37.95269012451172,-122.3279266357422,4
2020,2020-08-18,1713,8,2,17,2,N,A,Y,A,H,C,A,01,W,03,C,,,,,C,N,N,D,1,0,0,0,22350.0,2,37.86085891723633,-122.21066284179688,4
2020,2020-06-15,1200,6,2,12,1,Y,A,N,A,H,A,A,01,,01,D,,,,,C,Y,N,A,2,0,0,0,23153.0,2,37.97206115722656,-122.34317016601562,2
2020,2020-08-23,235,8,2,2,7,N,A,Y,A,H,C,A,01,,01,E,,,,,I,Y,N,D,1,0,0,0,23152.0,1,37.863380432128906,-122.03531646728516,4
2020,2020-08-20,250,8,2,2,4,N,A,Y,A,H,D,-,- ,W,07,B,,,,Y,C,Y,N,D,1,0,0,0,21658.0,2,37.991992950439446,-122.30741119384766,3
2020,2020-06-30,144,6,2,1,2,Y,A,N,A,H,C,-,- ,,01,E,,,,,I,Y,N,A,1,0,0,0,23152.0,1,37.96961975097656,-122.0467529296875,3
2020,2020-08-26,945,8,2,9,3,Y,A,Y,A,H,A,-,99,,12,D,,,,,C,Y,M,A,1,0,0,0,21453.0,2,38.01478958129882,-121.99884796142578,4
2020,2020-08-21,625,8,2,6,5,N,A,Y,A,H,A,A,01,W,01,E,,,,,I,Y,N,D,1,0,0,0,23152.0,1,37.92057800292969,-122.33364868164062,4
2020,2020-06-30,2325,6,2,23,2,Y,A,N,A,H,C,-,- ,,05,D,,Y,,,G,N,N,A,1,0,1,0,21650.0,2,37.96606063842773,-122.05618286132812,4
2020,2020-07-02,1228,7,2,12,4,N,A,Y,A,H,A,A,01,W,06,D,,,,,C,Y,N,A,1,0,0,0,21755.0,3,37.8899803161621,-121.60955047607422,1
2020,2020-07-13,1826,7,2,18,1,N,A,N,A,H,A,A,07,N,08,E,,,,,I,Y,N,D,2,0,0,0,22107.0,2,,,3
2020,2020-07-02,1443,7,2,14,4,N,A,N,A,H,A,A,01,N,09,B,,,Y,,C,Y,N,D,1,0,0,1,21804.0,2,37.97036743164063,-122.040283203125,2
2020,2020-08-27,1347,8,2,13,4,N,A,Y,A,H,A,A,01,S,03,C,,,,,C,Y,N,D,1,0,0,0,22350.0,4,37.85883712768555,-122.03155517578124,4
2020,2020-06-20,1953,6,2,19,6,-,A,N,A,H,C,-,99,N,03,C,,,,,C,N,F,A,1,0,0,0,22350.0,2,,,4
2020,2020-08-24,1743,8,2,17,1,N,A,Y,A,D,A,A,01,W,07,C,,,,,C,N,N,D,1,0,0,0,21658.0,2,38.00002670288086,-122.05638885498048,4
2020,2020-08-26,1345,8,2,13,3,N,A,Y,A,H,A,A,07,,17,E,,,,,I,Y,N,D,1,0,0,0,22109.0,2,37.83478927612305,-122.00910186767578,4
2020,2020-08-27,1545,8,2,15,4,Y,A,N,A,H,A,A,01,,05,D,,,,,C,Y,N,D,1,0,0,0,21460.0,2,37.95193099975586,-122.10288238525392,4
2020,2020-08-11,1038,8,2,10,2,N,A,Y,A,H,A,-,- ,N,07,C,,,,,C,Y,N,D,1,0,0,0,21658.0,2,37.906227111816406,-122.06947326660156,4
2020,2020-08-25,1520,8,2,15,2,N,A,Y,A,H,A,A,07,W,08,E,,,,,I,Y,N,D,1,0,0,0,22107.0,1,37.8957633972168,-122.11125183105467,4
2020,2020-08-21,145,8,2,1,5,N,A,Y,A,H,C,A,01,E,01,E,,,,,I,Y,N,D,1,0,0,0,23152.0,1,37.9217185974121,-122.34099578857422,4
2020,2020-08-22,2215,8,2,22,6,N,A,Y,A,H,C,A,01,W,01,E,,,,,I,Y,N,D,1,0,0,0,23152.0,1,,,2
2020,2020-08-27,1435,8,2,14,4,N,A,Y,A,C,A,A,07,S,03,E,,,,,J,Y,N,D,2,0,0,0,22350.0,1,37.99429321289063,-122.06948852539062,3
2020,2020-08-27,2200,8,2,22,4,N,A,Y,A,H,C,A,01,N,08,E,,,,,I,Y,N,D,1,0,0,0,22107.0,1,37.98435974121094,-122.04132080078124,4
2020,2020-08-28,1700,8,2,17,5,N,A,Y,A,H,A,A,01,S,08,B,,,,,C,Y,N,D,1,0,0,0,22107.0,2,37.9990234375,-122.32367706298828,3
2020,2020-08-26,1535,8,2,15,3,N,A,N,A,H,A,A,01,N,08,E,,,,,I,N,N,D,1,0,0,0,22107.0,1,,,3
2020,2020-08-28,610,8,2,6,5,N,A,N,A,H,B,A,01,E,03,C,,,,,C,Y,N,D,1,0,0,0,22350.0,2,37.896499633789055,-121.6687469482422,3
2020,2020-08-28,1810,8,2,18,5,N,A,N,A,H,A,A,01,E,01,D,,,,,C,Y,N,D,3,0,0,0,23152.0,2,38.02679061889648,-121.9508819580078,4
2020,2020-08-28,1715,8,2,17,5,N,A,Y,A,H,A,A,01,W,03,C,,,,,C,N,N,A,1,0,0,0,22350.0,3,37.89782333374024,-122.08517456054688,4
2020,2020-08-29,1230,8,2,12,6,N,A,Y,A,H,A,E,22,N,03,C,,,,,C,Y,N,D,1,0,0,0,22350.0,4,37.95708465576172,-122.05272674560548,3
2020,2020-08-16,835,8,2,8,7,N,B,Y,B,H,A,A,01,W,03,E,,,,,I,Y,N,D,1,0,0,0,22350.0,2,38.01951217651367,-121.89998626708984,4
2020,2020-08-29,1015,8,2,10,6,N,A,N,A,H,A,L,04,W,08,F,,Y,,,A,N,N,D,1,0,1,0,22107.0,1,38.041290283203125,-122.1926498413086,3
2020,2020-08-30,1145,8,2,11,7,N,A,Y,A,H,A,A,01,E,03,C,,,,,C,Y,N,D,3,0,0,0,22350.0,2,38.01995086669922,-121.91975402832033,3
2020,2020-08-31,630,8,2,6,1,N,A,Y,A,H,B,A,01,,08,E,,,,,I,Y,N,A,1,0,0,0,22107.0,1,38.01950073242188,-122.09725189208984,4
2020,2020-09-01,1235,9,3,12,2,N,A,Y,A,H,A,-,- ,E,18,E,,,,,J,N,N,D,1,0,0,0,,1,38.011322021484375,-122.01354217529295,4
2020,2020-09-01,2220,9,3,22,2,N,B,Y,A,H,D,A,01,W,03,C,,,,,C,Y,N,D,1,0,0,0,22350.0,2,38.01462936401367,-121.88037872314452,4
2020,2020-07-20,1141,7,2,11,1,Y,A,N,A,H,A,A,01,,09,D,,,Y,,C,Y,N,D,2,0,0,1,21801.0,2,37.93283081054688,-122.03655242919922,4
2020,2020-07-06,1400,7,2,14,1,N,A,N,A,H,A,A,07,E,21,C,,,,,C,,N,A,1,0,0,0,22106.0,2,37.897357940673835,-122.06330871582033,4
2020,2020-08-25,725,8,2,7,2,N,A,Y,A,H,A,A,01,N,08,D,,,,Y,C,Y,N,D,1,0,0,0,22107.0,2,37.91170883178711,-122.06734466552734,4
2020,2020-08-30,1400,8,2,14,7,N,A,Y,A,H,A,A,01,E,03,C,,,,,C,N,N,A,1,0,0,0,22350.0,2,37.96826171875,-122.3215103149414,4
2020,2020-08-01,150,8,2,1,6,N,A,N,A,H,D,G,27,N,08,C,,,,Y,C,Y,M,D,1,0,0,0,22107.0,2,37.899208068847656,-121.6963119506836,4
2020,2020-09-02,2225,9,3,22,3,N,B,Y,A,D,C,A,08,W,03,C,,,,,C,Y,N,A,1,0,0,0,22350.0,2,37.89587020874024,-121.71285247802734,4
2020,2020-09-03,1620,9,3,16,4,N,A,Y,A,H,A,C,02,S,07,B,,,Y,,C,Y,N,D,1,0,0,1,21658.0,3,37.91504287719727,-122.06593322753906,2
2020,2020-09-03,1800,9,3,18,4,N,A,Y,A,H,A,A,01,E,03,C,,,,,C,Y,N,D,2,0,0,0,22350.0,2,,,4
2020,2020-09-03,750,9,3,7,4,N,A,Y,A,H,A,A,01,W,08,C,,,,,C,N,N,A,1,0,0,0,22107.0,2,38.01382064819336,-121.99915313720705,4
2020,2020-08-29,2330,8,2,23,6,N,A,N,A,H,C,A,01,E,08,E,,,,,I,Y,N,D,1,0,0,0,22107.0,1,37.967750549316406,-122.37357330322266,4
2020,2020-08-27,1450,8,2,14,4,N,A,Y,A,H,A,A,01,N,03,C,,,,,C,Y,N,D,1,0,0,0,22350.0,2,37.90771865844727,-122.22991180419922,4
2020,2020-08-27,2055,8,2,20,4,N,A,N,A,H,C,A,01,E,08,E,,,,,I,Y,N,D,1,0,0,0,22107.0,1,37.92648696899414,-122.05081939697266,3
2020,2020-08-30,1435,8,2,14,7,Y,A,N,A,H,A,A,08,,09,D,,,Y,,C,Y,N,D,2,0,0,1,21801.0,2,37.98883819580078,-122.06684112548828,2
2020,2020-08-27,1740,8,2,17,4,N,A,N,A,H,A,A,01,S,08,B,,,,,C,Y,N,A,1,0,0,0,22107.0,5,38.02592086791992,-121.95442962646484,3
2020,2020-09-01,1330,9,3,13,2,N,A,N,A,H,A,L,04,N,08,E,,Y,,,A,N,N,D,1,0,1,0,22107.0,1,37.86685943603516,-121.93219757080078,3
2020,2020-08-30,445,8,2,4,7,N,B,Y,A,H,C,A,01,E,01,E,,,,,I,Y,N,D,1,0,0,0,23152.0,1,38.049850463867195,-122.23140716552734,3
2020,2020-08-31,620,8,2,6,1,N,B,Y,A,H,D,A,01,E,03,C,,,,,C,Y,N,D,2,0,0,0,22350.0,3,37.95919036865234,-122.33079528808594,4
2020,2020-08-31,1200,8,2,12,1,N,A,N,A,H,A,L,04,E,09,H,,Y,,,G,N,N,A,1,0,1,0,21804.0,2,37.84112548828125,-122.02604675292967,3
2020,2020-09-03,1200,9,3,12,4,N,A,Y,A,H,A,C,02,E,03,E,,,Y,,I,Y,N,D,1,0,0,1,22350.0,1,38.05476379394531,-122.22616577148438,3
2020,2020-09-02,1305,9,3,13,3,N,A,Y,A,H,A,A,01,W,07,B,,,,,C,Y,N,D,1,0,0,0,21658.0,3,37.95379257202149,-122.32871246337892,3
2020,2020-08-31,2005,8,2,20,1,N,A,Y,A,H,C,A,07,W,08,E,,,,,I,Y,N,D,1,0,0,0,22107.0,3,38.00875854492188,-122.27532958984376,3
2020,2020-08-27,1125,8,2,11,4,N,A,N,A,H,A,L,04,S,09,D,,Y,,,G,N,N,D,1,0,1,0,21804.0,2,,,3
2020,2020-09-04,1000,9,3,10,5,N,A,N,A,H,A,A,01,E,03,B,,,,,C,N,M,D,1,0,0,0,22350.0,2,37.96493148803711,-122.31436157226562,4
2020,2020-09-04,1528,9,3,15,5,N,A,Y,A,H,A,A,01,S,03,C,,,,,C,Y,N,D,4,0,0,0,22350.0,3,37.83944320678711,-122.01646423339844,4
2020,2020-09-04,1835,9,3,18,5,N,A,Y,A,H,A,A,01,E,03,C,,,,,C,Y,M,D,2,0,0,0,22350.0,3,37.993358612060554,-122.30162048339844,4
2020,2020-09-07,1615,9,3,16,1,N,A,Y,A,H,A,-,99,,03,C,,,,,C,N,N,D,1,0,0,0,22350.0,3,37.93109893798828,-122.06011962890624,4
2020,2020-09-08,1839,9,3,18,2,N,A,Y,A,H,A,A,01,W,03,C,,,,,C,Y,N,D,2,0,0,0,22350.0,5,,,4
2020,2020-09-05,1342,9,3,13,6,N,A,Y,A,H,A,A,01,N,08,E,,,,,I,Y,N,D,1,0,0,0,22107.0,1,,,4
2020,2020-09-01,1932,9,3,19,2,N,A,N,A,H,D,A,01,N,01,E,,,,,I,Y,N,D,1,0,0,0,23152.0,1,37.8493537902832,-121.97792816162108,3
2020,2020-09-02,730,9,3,7,3,N,B,Y,A,H,A,-,- ,N,18,E,,,,,I,Y,N,D,3,0,0,0,,1,37.83858108520508,-122.01541900634766,3
2020,2020-09-08,1710,9,3,17,2,N,A,N,A,H,A,D,22,S,03,C,,,,,C,N,N,D,3,0,0,0,22350.0,3,37.98328399658203,-122.29718017578124,4
2020,2020-09-04,1545,9,3,15,5,Y,A,N,A,H,A,-,- ,,12,D,,,,,C,Y,N,D,1,0,0,0,21453.0,2,38.02677917480469,-121.95442962646484,4
2020,2020-07-06,2137,7,2,21,1,N,A,Y,A,H,C,A,07,E,08,E,,,,,I,Y,N,A,1,0,0,0,22107.0,1,38.01593017578125,-122.18351745605467,1
2020,2020-09-09,550,9,3,5,3,N,F,Y,A,D,C,A,01,E,03,C,,,,,C,Y,N,D,1,0,0,0,22350.0,2,,,4
2020,2020-09-04,2215,9,3,22,5,N,A,Y,A,H,D,A,01,E,03,C,,,,,C,Y,N,D,2,0,0,0,22350.0,3,37.924701690673835,-122.32015991210938,2
2020,2020-06-29,204,6,2,2,1,N,A,N,A,H,D,A,01,N,08,F,,,,,A,Y,N,A,0,0,0,0,22107.0,1,37.835105895996094,-121.60906982421876,1
2020,2020-09-04,2142,9,3,21,5,N,A,Y,A,H,D,A,07,E,01,A,,,,,I,Y,N,D,1,0,0,0,23152.0,6,37.940235137939446,-122.32472229003906,2
2020,2020-09-04,1340,9,3,13,5,N,A,N,A,H,A,D,22,E,21,G,Y,,,,B,N,F,D,1,1,0,0,22106.0,2,38.00715637207031,-122.09040832519533,3
2020,2020-09-07,215,9,3,2,1,N,A,Y,A,H,C,A,01,W,07,C,,,,,C,Y,M,D,1,0,0,0,21658.0,2,38.005645751953125,-121.84362030029295,3
2020,2020-09-09,1840,9,3,18,3,N,B,Y,A,H,B,E,22,E,04,C,,,,,C,N,N,D,1,0,0,0,21703.0,2,37.896530151367195,-122.07872009277344,4
2020,2020-09-10,1515,9,3,15,4,N,B,Y,A,H,A,A,01,,08,E,,,,,I,Y,N,D,1,0,0,0,22107.0,1,38.04518127441406,-122.23831176757812,2
2020,2020-09-05,124,9,3,1,6,N,A,Y,A,H,D,-,- ,,18,D,,,,,C,Y,N,D,3,0,0,0,,2,37.99233627319336,-122.30719757080078,4
2020,2020-09-11,1500,9,3,15,5,N,B,Y,A,H,A,A,07,N,08,C,,,,,E,Y,N,D,1,0,0,0,22107.0,2,37.9062728881836,-122.0694580078125,4
2020,2020-09-12,350,9,3,3,6,N,B,Y,A,H,C,A,01,S,03,C,,,,,C,Y,N,A,2,0,0,0,22350.0,2,,,4
2020,2020-08-31,1045,8,2,10,1,N,A,Y,A,H,A,A,01,E,07,B,,,,,C,Y,N,D,1,0,0,0,21658.0,3,37.994007110595696,-121.77188873291016,4
2020,2020-08-23,2230,8,2,22,7,N,A,Y,A,H,A,A,01,W,08,C,,,,,C,Y,F,D,1,0,0,0,22107.0,2,37.98183441162109,-122.31645965576172,4
2020,2020-09-07,940,9,3,9,1,N,A,Y,A,H,A,A,01,S,08,E,,,,,I,Y,N,A,2,0,0,0,22107.0,2,37.967506408691406,-122.04850769042967,4
2020,2020-09-04,1705,9,3,17,5,N,A,Y,A,H,A,D,22,S,03,C,,,,,C,Y,N,D,1,0,0,0,22350.0,3,37.85153198242188,-122.02875518798828,4
2020,2020-09-08,824,9,3,8,2,N,F,N,A,H,A,-,- ,N,18,E,,,,,I,Y,N,A,1,0,0,0,,1,38.015033721923835,-122.1776123046875,4
2020,2020-09-03,1220,9,3,12,4,N,A,N,A,H,A,A,01,E,01,E,,,,,I,Y,N,D,1,0,0,0,23152.0,1,37.87097930908203,-122.00926971435548,3
2020,2020-09-11,2105,9,3,21,5,N,A,Y,A,H,C,-,99,W,03,C,,,,,C,Y,N,D,1,0,0,0,22350.0,3,38.02359390258789,-121.97454071044922,4
2020,2020-09-12,2240,9,3,22,6,N,A,N,A,H,C,A,01,E,01,E,,,,,I,Y,N,A,1,0,0,0,23152.0,1,38.00676345825195,-122.09039306640624,4
2020,2020-06-07,347,6,2,3,7,N,A,Y,A,H,C,A,01,N,01,A,,,,,C,Y,N,A,1,0,0,0,23152.0,2,37.83577728271485,-122.01031494140624,1
2020,2020-09-16,800,9,3,8,3,N,A,Y,A,H,A,A,01,W,03,C,,,,,C,Y,M,D,1,0,0,0,22350.0,3,38.01911926269531,-121.89740753173828,3
2020,2020-09-04,442,9,3,4,5,N,A,Y,A,H,C,A,07,E,08,E,,,,,I,Y,N,D,1,0,0,0,22107.0,1,37.99885940551758,-122.28452301025392,3
2020,2020-09-08,900,9,3,9,2,N,B,Y,A,H,A,A,07,S,03,C,,,,,C,N,N,D,2,0,0,0,22350.0,6,37.9254035949707,-122.06093597412108,3
2020,2020-09-13,2145,9,3,21,7,N,F,Y,A,H,D,A,01,W,01,B,,,,,C,Y,N,D,2,0,0,0,23152.0,2,37.99805068969727,-121.79846954345705,3
2020,2020-09-17,1300,9,3,13,4,N,A,N,A,D,A,D,22,N,07,B,,,,,C,N,N,D,1,0,0,0,21658.0,2,37.97909927368164,-122.0298309326172,4
2020,2020-09-10,1830,9,3,18,4,N,A,Y,A,H,A,D,22,E,08,E,,,,,I,Y,N,D,1,0,0,0,22107.0,1,37.9775505065918,-122.31845855712892,4
2020,2020-09-12,451,9,3,4,6,N,A,Y,A,H,D,A,01,E,01,E,,,,,I,Y,N,D,1,0,0,0,23152.0,1,37.94343948364258,-122.32369232177734,2
2020,2020-09-11,2355,9,3,23,5,N,A,N,A,H,D,A,01,S,08,E,,,,,I,Y,N,D,2,0,0,0,22107.0,1,37.96173095703125,-121.93300628662108,3
2020,2020-09-15,1455,9,3,14,2,N,A,Y,A,H,A,A,07,N,08,E,,,,,I,Y,N,D,1,0,0,0,22107.0,1,37.90616607666016,-122.06948852539062,4
2020,2020-09-12,1230,9,3,12,6,N,A,Y,A,H,A,A,01,E,08,F,,,,,I,Y,N,D,1,0,0,0,22107.0,1,37.910400390625,-122.32241821289062,4
2020,2020-09-15,2300,9,3,23,2,N,A,N,A,H,D,A,07,S,01,E,,,,,I,Y,N,D,1,0,0,0,23152.0,1,37.84004592895508,-122.02351379394533,3
2020,2020-09-17,1020,9,3,10,4,N,A,N,A,H,A,L,04,N,08,F,,Y,,,G,N,N,D,1,0,1,0,22107.0,1,37.911659240722656,-122.23365020751952,2
2020,2020-09-17,1055,9,3,10,4,N,A,N,A,H,A,A,07,E,09,D,,,Y,,C,N,N,D,1,0,0,1,21804.0,2,37.964473724365234,-122.31678009033205,3
2020,2020-09-17,1240,9,3,12,4,N,A,Y,A,H,A,A,01,E,08,E,,,,,I,Y,N,D,1,0,0,0,22107.0,1,37.99638366699219,-122.11307525634766,4
2020,2020-09-18,730,9,3,7,5,N,A,Y,A,H,A,A,01,N,08,E,,,,,I,Y,N,D,1,0,0,0,22107.0,1,37.95611190795898,-122.05338287353516,3
2020,2020-09-15,1315,9,3,13,2,N,A,N,A,H,A,A,01,S,08,D,,,,,C,Y,N,A,3,0,0,0,22107.0,2,,,4
2020,2020-09-20,1630,9,3,16,7,N,A,Y,A,H,A,A,01,S,01,B,,,,,C,Y,N,D,1,0,0,0,23152.0,2,37.76666259765625,-121.96962738037108,4
2020,2020-08-22,1608,8,2,16,6,N,A,N,A,H,A,A,07,S,06,B,,Y,,,C,N,F,D,1,0,1,0,21760.0,2,37.79152297973633,-121.86383056640624,2
2020,2020-09-20,936,9,3,9,7,N,A,Y,A,H,A,C,02,E,08,E,,,Y,,I,Y,N,A,1,0,0,1,22107.0,1,37.86814880371094,-122.19542694091795,2
2020,2020-09-20,1155,9,3,11,7,N,A,Y,A,H,A,C,02,W,03,E,,,Y,,J,N,N,D,1,0,0,1,22350.0,1,38.00810241699219,-122.27569580078124,3
2020,2020-09-07,2246,9,3,22,1,N,A,N,A,H,C,A,01,E,08,E,,,,,I,Y,M,D,1,0,0,0,22107.0,4,37.998722076416016,-122.04171752929688,4
2020,2020-07-05,15,7,2,0,7,N,A,Y,A,H,D,D,22,E,01,C,Y,,,,C,Y,N,A,1,0,0,0,23152.0,3,38.0258903503418,-122.25938415527344,1
2020,2020-06-20,1342,6,2,13,6,Y,A,N,A,G,A,D,22,,09,D,,,Y,,C,Y,N,D,1,0,0,1,21802.0,2,,,3
2020,2020-09-22,1420,9,3,14,2,Y,A,N,A,H,A,C,02,,08,B,,,Y,,C,N,N,D,1,0,0,1,22107.0,2,37.92525863647461,-121.77810668945312,4
2020,2020-09-22,842,9,3,8,2,N,A,N,A,H,A,A,01,W,03,C,,,,,C,N,N,A,1,0,0,0,22350.0,2,,,4
2020,2020-09-23,715,9,3,7,3,N,A,Y,A,H,A,A,01,S,07,D,,,,,C,N,N,A,1,0,0,0,21658.0,2,37.977737426757805,-122.04402923583984,4
2020,2020-07-10,733,7,2,7,5,N,A,N,A,H,A,A,07,W,03,G,Y,,,,B,N,N,A,0,0,0,0,22350.0,2,,,1
2020,2020-09-20,1143,9,3,11,7,N,A,Y,A,H,A,D,22,W,04,C,,,,,C,Y,N,D,2,0,0,0,21703.0,3,,,3
2020,2020-09-16,1841,9,3,18,3,N,A,N,A,H,A,A,07,E,03,C,,,,,C,Y,N,D,1,0,0,0,22350.0,4,38.02676010131836,-121.94547271728516,4
2020,2020-09-14,505,9,3,5,1,Y,A,N,A,H,C,A,01,,09,D,,,,,C,Y,N,A,3,0,0,0,21802.0,2,38.034610748291016,-122.26741790771484,3
2020,2020-09-18,1455,9,3,14,5,N,A,N,A,H,A,L,04,N,03,B,,Y,,,G,Y,N,A,1,0,1,0,22350.0,2,37.9697494506836,-122.30742645263672,3
2020,2020-09-20,1655,9,3,16,7,N,A,Y,A,H,A,A,07,W,01,F,,,,,A,Y,N,D,1,0,0,0,23152.0,1,38.00973129272461,-122.02406311035156,3
2020,2020-09-21,2155,9,3,21,1,N,A,Y,A,H,C,A,01,E,01,E,,,,,I,Y,N,D,1,0,0,0,23152.0,1,37.99093246459961,-122.09749603271484,4
2020,2020-09-23,1645,9,3,16,3,N,A,Y,A,H,A,A,01,W,03,C,,,,,C,N,N,A,1,0,0,0,22350.0,2,38.008113861083984,-122.0308837890625,4
2020,2020-09-24,1744,9,3,17,4,N,A,Y,A,H,A,A,01,W,03,C,,,,,C,Y,N,D,1,0,0,0,22350.0,2,38.012821197509766,-121.8701400756836,4
2020,2020-09-23,2110,9,3,21,3,N,A,Y,A,H,C,C,02,E,03,F,,,Y,,A,Y,N,D,1,0,0,1,22350.0,1,37.99322509765625,-122.0735092163086,2
2020,2020-09-24,1735,9,3,17,4,N,A,Y,A,H,A,A,07,N,03,C,,,,,C,Y,N,D,2,0,0,0,22350.0,3,37.907325744628906,-122.06887817382812,4
2020,2020-07-11,1130,7,2,11,6,N,A,N,A,H,A,L,04,N,03,C,,Y,,,G,N,N,A,1,0,1,0,22350.0,2,37.94811630249024,-122.08244323730467,3
2020,2020-07-15,1420,7,2,14,3,Y,A,N,A,H,A,A,01,,04,C,,,,,C,N,N,A,1,0,0,0,21703.0,2,37.97576141357422,-122.06484222412108,3
2020,2020-09-03,830,9,3,8,4,N,B,N,A,H,A,G,27,S,08,E,,,,Y,I,Y,N,D,1,0,0,0,22107.0,1,37.887500762939446,-121.69647979736328,4
2020,2020-06-22,1801,6,2,18,1,N,A,N,A,G,A,A,01,N,12,D,,,,,C,Y,N,A,2,0,0,0,21453.0,2,37.94797897338867,-122.064208984375,3
2020,2020-06-02,1255,6,2,12,2,N,A,N,A,H,A,A,01,S,04,C,,,,,C,Y,N,D,1,0,0,0,21703.0,2,37.95772171020508,-122.0924835205078,3
2020,2020-09-25,1045,9,3,10,5,N,A,Y,A,H,A,I,09,E,07,B,,,,,C,Y,N,D,1,0,0,0,21658.0,3,38.01946258544922,-121.9863739013672,4
2020,2020-09-19,1140,9,3,11,6,N,A,N,A,H,A,L,04,S,08,F,,Y,,,A,N,N,D,1,0,1,0,22107.0,1,37.90777969360352,-122.09613800048828,3